Attendance (%),Midterm_Score,Final_Score,Assignments_Avg,Quizzes_Avg,Participation_Score,Projects_Score,Study_Hours_per_Week,Stress_Level (1-10),Sleep_Hours_per_Night,Extracurricular,Avg_Exam_Score,Exam_Improvement,Study_Sleep_Ratio,Low_Score_Count,Overall_Avg_Score,Score_Variability,Attendance_Efficiency,Priority
99.34,93.22,48.72,62.23,72.76,7.800000000000001,80.0,9.5,10,4.5,0,70.97,-44.5,2.065217391304348,1,60.78833333333333,30.06562317110136,61.1922018656466,2
84.23,91.78,65.31,87.65,92.06,18.8,58.99,8.8,6,4.1,0,78.545,-26.47,2.095238095238096,0,69.09833333333334,28.39828404440428,82.035300170169,1
78.43,54.62,43.38,70.59,80.46,88.4,68.31,19.1,10,5.3,1,49.0,-11.239999999999997,3.5370370370370376,1,67.62666666666668,16.50786681151343,86.22550894640656,2
99.91,72.2,97.51,55.86,61.04,32.9,67.96,17.8,8,7.1,1,84.855,25.31,2.4722222222222228,0,64.57833333333333,21.19465066158597,64.63650618890334,1
98.33,67.96,83.65,61.95,50.07,7.9,54.84,13.7,4,5.1,1,75.805,15.690000000000012,2.634615384615385,0,54.395,25.60324569268514,55.3188243669277,2
50.61,56.98,80.74,61.22,80.4,69.7,65.9,27.8,3,7.1,0,68.86,23.76,3.861111111111112,0,69.15666666666668,9.825977135464273,136.64624909438191,2
83.43,79.84,92.81,95.69,71.3,44.1,56.94,15.5,6,5.5,0,86.325,12.97,2.7678571428571432,0,73.44666666666667,20.24294609652129,88.03388069838986,1
68.65,41.89,42.24,59.43,95.59,42.0,73.92,24.3,4,4.2,0,42.065,0.3500000000000014,5.651162790697675,2,59.178333333333335,22.01852984798637,86.2029618839524,2
57.24,55.12,70.66,99.43,92.47,21.200000000000003,89.7,18.1,10,5.3,0,62.89,15.54,3.3518518518518525,0,71.42999999999999,29.49622484318968,124.79035639412996,1
98.21,43.99,48.2,67.48,75.32,80.0,50.0,18.7,8,4.7,0,46.095,4.210000000000001,3.8958333333333335,2,60.83166666666667,15.375713858766575,61.940399823507455,2
88.28,43.86,93.36,78.35,71.23,41.3,79.34,27.5,1,8.7,0,68.61,49.5,3.1250000000000004,1,67.90666666666668,20.903865352289912,76.92191511856217,1
79.28,60.75,64.36,86.8,87.12,3.9,77.0,23.3,4,5.3,0,62.555,3.61,4.314814814814816,0,63.32166666666666,31.1233535575244,79.87092162798518,1
53.89,52.11,51.7,67.07,77.57,43.2,71.01,16.1,8,8.1,0,51.905,-0.4099999999999966,1.9634146341463417,0,60.44333333333333,13.357490283233096,112.1605740087833,2
61.08,64.51,44.83,68.23,79.87,28.0,96.21,17.7,8,6.8,0,54.67,-19.680000000000007,2.565217391304348,1,63.60833333333333,24.37237158478154,104.13938004802444,2
88.84,75.28,81.74,85.08,97.99,98.2,99.59,22.1,8,4.5,0,78.50999999999999,6.459999999999994,4.804347826086957,0,89.64666666666666,10.30933104845638,100.9079993996698,0
93.16,99.99,80.94,83.01,55.12,44.5,60.4,22.7,8,8.9,0,90.465,-19.05,2.522222222222222,0,70.66,20.73429333254452,75.84800343495063,1
69.61,44.87,79.86,72.71,69.03,13.1,94.86,10.2,5,8.0,0,62.365,34.99,1.2592592592592593,1,62.40500000000001,29.14291320372759,89.6494756500503,1
99.52,41.84,63.85,85.85,50.0,4.699999999999999,91.22,12.4,9,6.1,1,52.845,22.01,2.0000000000000004,1,56.24333333333333,31.814882471363408,56.51460342979636,2
56.86,76.07,66.65,64.21,57.5,24.8,95.18,28.6,3,5.6,1,71.36,-9.419999999999987,5.017543859649123,0,64.06833333333334,23.25427222397353,112.6773361472623,1
75.74,44.01,97.12,99.51,65.59,15.3,82.72,18.0,2,4.6,1,70.565,53.11000000000001,3.829787234042554,1,67.375,32.90534105582253,88.95563770794824,1
84.33,45.5,40.4,90.75,57.29,43.7,51.5,23.1,7,4.9,1,42.95,-5.100000000000001,4.62,2,54.85666666666666,18.582428976499997,65.05000197636271,2
64.23,84.02,46.22,66.34,97.19,44.2,70.56,19.8,1,5.1,0,65.12,-37.8,3.807692307692309,1,68.08833333333332,20.778677933561283,106.00705796875808,2
57.49,71.96,98.34,63.47,63.0,75.5,96.46,28.6,4,7.7,0,85.15,26.38000000000001,3.666666666666667,0,78.12166666666666,15.705100339274075,135.88740070736938,0
72.56,79.39,81.55,58.45,55.85,91.4,59.93,15.8,9,5.0,1,80.47,2.1599999999999966,3.098039215686275,0,71.095,14.882004905253863,97.98098125689084,2
59.36,70.38,90.8,68.71,97.21,16.1,93.0,7.7,10,8.5,0,80.59,20.42,0.8953488372093024,0,72.7,30.21689130271345,122.47304582210242,0
96.11,63.19,72.18,58.69,65.39,2.4,94.54,11.4,7,5.6,1,67.685,8.990000000000009,2.0000000000000004,0,59.39833333333333,30.65255709833466,61.80244858322062,1
71.01,44.7,51.22,55.22,93.69,29.1,86.27,10.7,5,4.9,0,47.96,6.519999999999996,2.14,1,60.03333333333333,24.955797456035477,84.54208327465614,2
52.53,62.93,66.39,83.0,80.39,97.1,55.05,25.1,2,6.4,1,64.66,3.460000000000001,3.8615384615384616,0,74.14333333333333,15.458837817464373,141.1447426867187,2
62.13,55.13,46.48,79.52,80.29,13.3,79.98,28.1,1,4.4,1,50.805,-8.650000000000006,6.2444444444444445,1,59.116666666666674,26.738102151548954,95.14995439669512,2
53.11,54.59,63.58,73.06,80.33,50.5,93.04,14.1,10,5.3,1,59.085,8.989999999999995,2.611111111111111,0,69.18333333333334,16.13596562547983,130.2642314692776,1
73.1,62.15,63.31,54.61,65.76,16.8,60.53,11.9,8,8.1,0,62.73,1.1600000000000037,1.451219512195122,0,53.85999999999999,18.537160516109257,73.6798905608755,2
65.44,77.08,56.41,83.05,67.13,20.5,82.06,11.7,3,8.7,0,66.745,-20.67,1.3295454545454546,0,64.37166666666667,23.74438326566236,98.36746128769356,1
81.7,56.92,55.34,87.28,93.02,45.6,95.88,20.0,10,7.6,0,56.13,-1.5799999999999983,2.597402597402598,0,72.34,22.121490004066175,88.54345165238678,1
53.43,84.68,64.07,88.69,50.29,73.1,67.6,20.1,5,5.8,1,74.375,-20.610000000000014,3.40677966101695,0,71.40500000000002,14.085406277420615,133.6421486056523,1
92.72,50.56,71.89,70.58,99.06,27.0,69.04,24.9,9,6.1,1,61.225,21.33,4.016129032258065,0,64.68833333333335,24.112007313093336,69.76740005752086,2
96.35,52.41,85.32,69.16,75.27,44.400000000000006,56.42,8.9,10,8.9,1,68.865,32.91,0.9888888888888888,0,63.82999999999999,15.38799532102866,66.24805396990139,2
93.52,98.13,54.02,94.46,72.77,71.6,71.9,29.4,3,4.7,1,76.075,-44.10999999999999,6.125,0,77.14666666666666,16.445927966115704,82.49215854006273,1
72.89,90.24,57.76,58.47,68.73,24.4,73.35,18.2,1,6.2,1,74.0,-32.48,2.888888888888889,0,62.15833333333333,21.98026880333056,85.27690126674896,2
60.89,77.26,86.45,80.63,80.66,65.0,84.21,14.8,9,4.5,0,81.855,9.189999999999998,3.2173913043478266,0,79.035,7.577326045512361,129.7996386927246,0
52.12,69.41,43.58,69.37,53.62,18.5,94.4,24.1,3,6.4,0,56.495,-25.83,3.707692307692308,1,58.14666666666667,25.967929194810026,111.56305960603736,2
59.64,86.31,44.03,60.61,66.37,80.3,74.39,24.2,2,5.6,1,65.17,-42.28,4.24561403508772,1,68.66833333333334,15.208734880543703,115.13805052537448,2
85.66,98.1,47.32,79.44,90.13,49.7,95.96,10.6,9,7.7,1,72.71,-50.78,1.358974358974359,1,76.77499999999999,22.84263885806541,89.62759747840299,1
55.42,96.62,82.24,72.22,91.9,83.2,64.86,27.4,7,4.3,1,89.43,-14.38000000000001,6.227272727272728,0,81.84,11.85349231239469,147.67232046192711,1
92.3,83.54,71.49,72.49,76.14,58.6,88.89,12.5,6,7.9,1,77.515,-12.050000000000011,1.5625,0,75.19166666666666,10.531126087302663,81.46442759118816,1
86.24,85.06,59.86,96.2,73.24,88.5,70.01,17.8,3,5.7,1,72.46000000000001,-25.200000000000003,3.0689655172413794,0,78.81166666666667,13.438289201630791,91.38644094001238,1
67.29,59.16,54.07,96.82,63.24,51.7,91.98,15.9,6,4.1,0,56.615,-5.089999999999996,3.7857142857142874,0,69.49499999999999,19.762392314697124,103.27686134641104,1
56.36,52.94,78.56,83.59,79.66,88.9,63.87,7.4,3,7.1,1,65.75,25.620000000000005,1.027777777777778,0,74.58666666666666,13.497279232003269,132.33972084220483,1
59.18,46.28,45.88,94.77,99.19,86.5,84.14,27.9,4,8.0,1,46.08,-0.3999999999999986,3.4444444444444446,2,76.12666666666667,23.90395420566787,128.63580038301228,1
74.29,99.74,75.49,60.76,68.88,96.4,64.68,12.8,10,6.9,1,87.615,-24.25,1.8285714285714287,0,77.65833333333333,16.580721837925715,104.53403329295102,1
63.84,54.73,40.81,84.03,75.6,64.6,87.68,18.6,6,8.2,1,47.77,-13.919999999999996,2.240963855421687,1,67.90833333333333,18.04949796162394,106.37270258980784,2
51.01,40.42,61.64,98.96,98.41,70.5,91.05,7.2,7,7.4,1,51.03,21.22,0.96,1,76.83,23.46970302325958,150.61752597529895,1
84.42,54.5,88.66,64.56,83.57,81.6,90.65,11.8,4,7.5,0,71.58,34.16,1.5526315789473686,0,77.25666666666666,14.472120323804202,91.51464897733553,1
79.01,55.26,72.09,66.02,67.4,3.5,77.82,8.2,10,8.2,0,63.675,16.830000000000005,0.9879518072289156,0,57.01499999999999,27.26161092085352,72.1617516770029,2
52.0,98.31,53.2,89.21,67.07,39.900000000000006,90.02,20.1,2,7.2,1,75.755,-45.11,2.753424657534247,0,72.95166666666665,23.305971266322853,140.29166666666663,1
73.13,85.06,63.55,79.69,80.22,23.2,57.89,15.5,2,5.0,0,74.305,-21.510000000000005,3.03921568627451,0,64.93499999999999,23.020501080558606,88.79392862026528,2
93.76,94.2,66.75,76.72,87.67,83.80000000000001,94.23,6.7,2,4.7,0,80.475,-27.450000000000003,1.3958333333333337,0,83.895,10.702303957559794,89.4784556313993,0
67.92,64.63,44.45,60.06,54.44,76.6,59.15,18.5,4,8.5,1,54.54,-20.179999999999996,2.1511627906976747,1,59.88833333333332,10.680489533100372,88.17481350608557,2
66.76,69.9,61.22,93.82,61.18,91.5,80.97,5.2,2,7.6,0,65.56,-8.680000000000007,0.6753246753246754,0,76.43166666666667,14.53737310062126,114.48721789494708,1
64.08,62.79,96.99,79.21,55.76,3.8,83.56,25.3,7,4.4,1,79.89,34.2,5.622222222222223,0,63.685,32.84839158923919,99.38358302122349,1
68.98,73.59,86.63,58.93,89.39,79.4,75.52,29.0,6,4.3,1,80.11,13.039999999999992,6.590909090909092,0,77.24333333333334,10.881150061765837,111.97931767662124,1
65.33,91.65,94.52,86.67,79.37,95.4,80.71,16.7,4,6.2,1,93.085,2.8699999999999903,2.6507936507936507,0,88.05333333333334,6.927708615889289,134.78238685647227,0
82.07,98.76,91.86,56.87,66.86,40.5,79.49,9.7,6,9.0,1,95.31,-6.900000000000006,1.065934065934066,0,72.39,21.969484290715613,88.20519069087365,1
88.16,50.77,82.82,55.4,53.44,35.4,89.71,22.7,9,4.1,1,66.795,32.04999999999999,5.404761904761905,0,61.25666666666666,20.729243755300544,69.4835148215366,1
72.7,96.46,74.84,76.73,56.75,96.2,86.69,18.0,10,8.6,0,85.65,-21.61999999999999,2.0689655172413794,0,81.27833333333334,15.140699345362703,111.79963319578177,0
68.27,40.72,75.97,54.86,72.33,43.9,76.81,27.1,10,5.8,0,58.345,35.25,4.593220338983052,1,60.76499999999999,16.3919647998646,89.00688442947121,2
97.96,89.04,88.6,53.49,89.84,88.0,80.21,5.9,9,8.6,1,88.82,-0.4400000000000119,0.67816091954023,0,81.53,14.179464023721064,83.22784810126583,0
83.38,78.14,43.73,50.64,79.27,95.6,66.07,8.0,6,4.0,0,60.935,-34.410000000000004,1.951219512195122,1,68.90833333333333,19.39468733098491,82.64371951707044,2
57.35,67.5,40.58,58.46,54.93,97.0,58.74,23.7,9,4.3,1,54.04,-26.92,5.386363636363637,1,62.86833333333334,18.88219522901579,109.62220284800932,2
55.72,41.46,63.71,94.23,80.03,26.4,59.26,5.6,9,7.9,0,52.585,22.25,0.7,1,60.84833333333333,24.72075679801625,109.20375687963626,2
73.37,77.69,47.37,93.6,89.89,97.6,97.16,29.7,6,8.3,1,62.53,-30.32,3.5357142857142856,1,83.88499999999999,19.320928290328084,114.3314706283222,0
51.65,61.39,79.13,64.44,79.24,90.5,85.17,16.4,8,5.6,1,70.25999999999999,17.739999999999995,2.8771929824561404,0,76.645,11.482359949069703,148.39303000968056,1
55.08,61.71,51.99,51.31,87.2,30.6,65.89,18.0,4,4.7,0,56.85,-9.72,3.75,0,58.11666666666667,18.76278621811448,105.5131929314936,2
91.34,40.52,79.53,90.48,94.35,16.7,68.12,23.1,7,7.7,1,60.025000000000006,39.01,2.9615384615384617,1,64.95,30.540640464797065,71.10794832493978,1
63.17,49.5,42.52,91.06,60.85,8.0,96.6,10.1,6,7.0,0,46.010000000000005,-6.979999999999997,1.4225352112676055,2,58.08833333333333,32.87211487973761,91.9555696269326,2
52.51,66.99,88.53,88.23,74.46,44.400000000000006,69.8,24.7,10,8.4,0,77.75999999999999,21.540000000000006,2.9058823529411764,0,72.06833333333334,16.336324454009436,137.24687361137563,1
83.34,97.41,60.93,61.35,77.96,26.6,95.46,27.2,5,6.1,0,79.17,-36.48,4.387096774193549,0,69.95166666666667,26.470794031661885,83.93528517718582,1
73.97,97.14,98.88,83.29,72.98,41.5,55.04,10.3,9,7.3,0,98.01,1.7399999999999949,1.391891891891892,0,74.805,23.03762986941148,101.12883601460052,1
58.56,61.56,74.58,51.79,89.44,31.5,97.81,13.5,3,7.7,1,68.07,13.019999999999996,1.7307692307692308,0,67.78,24.608142554853668,115.74453551912568,1
87.32,91.44,48.54,78.82,62.16,33.1,99.72,19.2,10,4.1,1,69.99,-42.9,4.571428571428572,1,68.96333333333332,25.682303375411376,78.9777065200794,1
58.28,86.76,62.93,81.19,83.98,52.6,88.26,17.8,2,8.7,1,74.845,-23.830000000000005,2.022727272727273,0,75.95333333333333,14.66337978321051,130.32486845115534,1
91.55,44.84,98.73,94.37,80.21,74.2,65.59,6.9,8,8.9,0,71.785,53.89,0.7666666666666667,1,76.32333333333332,19.76744967532905,83.36792281085016,1
94.77,84.19,48.93,77.34,54.32,74.80000000000001,74.91,16.5,4,8.4,0,66.56,-35.26,1.9411764705882355,1,69.08166666666666,14.050815516071182,72.89402412859202,2
94.26,88.26,45.8,73.74,92.84,65.9,62.69,26.1,5,4.4,1,67.03,-42.46000000000001,5.800000000000001,1,71.53833333333333,17.38256645799655,75.89468845038544,2
82.87,52.28,97.24,93.63,59.11,64.3,60.09,25.7,1,5.9,0,74.75999999999999,44.96,4.283333333333333,0,71.10833333333333,19.268174191310045,85.80708740597724,1
93.0,58.13,86.31,58.17,90.95,76.2,63.93,22.8,7,6.2,1,72.22,28.18,3.619047619047619,0,72.28166666666667,14.351399118785132,77.72222222222221,1
52.32,49.71,76.3,78.26,58.52,18.1,61.3,28.8,5,8.6,0,63.005,26.59,3.3103448275862077,1,57.031666666666666,21.961903757795376,109.00547910295616,2
57.93,72.11,82.7,91.75,87.7,89.9,51.8,20.6,7,4.4,1,77.405,10.590000000000003,4.577777777777778,0,79.32666666666667,15.21462673438513,136.9353817826112,1
54.02,92.3,76.38,65.3,62.04,79.7,76.4,18.2,8,4.9,0,84.34,-15.920000000000002,3.64,0,75.35333333333334,10.830945788187968,139.49154634086142,1
96.51,40.82,63.23,98.03,92.02,37.400000000000006,81.96,23.2,8,7.9,0,52.025,22.41,2.9,1,68.91,25.948177585333426,71.40192726142368,1
87.06,66.52,69.47,81.44,99.17,4.0,62.14,11.0,4,7.3,0,67.995,2.950000000000003,1.4864864864864866,0,63.79,32.188658872341975,73.27130714449804,2
66.0,40.86,68.66,86.11,64.79,54.0,60.53,9.5,8,8.2,1,54.76,27.8,1.1445783132530123,1,62.491666666666674,15.13302272074772,94.68434343434345,2
84.86,86.43,46.24,99.15,58.46,89.80000000000001,89.81,26.8,3,4.2,1,66.33500000000001,-40.190000000000005,6.232558139534884,1,78.31500000000001,20.914193027702503,92.28729672401604,1
91.36,67.79,94.07,51.96,57.0,72.9,74.43,10.7,10,6.5,1,80.93,26.279999999999987,1.621212121212121,0,69.69166666666668,14.873836649185932,76.28247227086983,1
62.19,87.47,74.36,98.79,73.25,67.6,65.05,9.1,2,5.3,0,80.91499999999999,-13.11,1.6851851851851851,0,77.75333333333334,12.909024233715993,125.0254596130139,1
53.45,42.52,43.32,89.78,61.93,3.3000000000000003,57.68,22.6,3,4.7,0,42.92,0.7999999999999972,4.708333333333334,2,49.755,28.512658066199304,93.08699719363892,2
68.56,48.69,52.26,58.54,86.72,41.8,78.41,5.7,7,8.7,1,50.475,3.5700000000000003,0.6477272727272728,1,61.06999999999999,17.704306820658072,89.07526254375729,2
55.96,87.77,85.28,71.95,88.66,66.5,89.37,23.0,2,6.8,0,86.525,-2.489999999999995,3.333333333333333,0,81.58833333333332,9.828117656330058,145.79759351918037,0
85.92,52.78,69.82,76.78,93.43,37.0,97.14,5.5,2,5.2,0,61.3,17.039999999999992,1.0377358490566038,0,71.15833333333333,23.276697718247465,82.81928926132836,1
60.39,78.77,88.36,72.28,53.08,16.1,80.56,17.3,3,7.5,1,83.565,9.590000000000003,2.2763157894736845,0,64.85833333333333,26.6967806423671,107.39912789093115,1
59.35,95.43,98.77,57.11,66.07,87.89999999999999,82.29,20.4,7,8.3,1,97.1,3.339999999999989,2.4285714285714284,0,81.26166666666667,16.531775968318307,136.9194046616119,0
77.54,78.3,63.24,61.31,52.13,65.8,82.04,9.0,5,8.8,1,70.77,-15.059999999999995,1.0112359550561798,0,67.13666666666667,11.161094331053146,86.58326885048577,2
81.53,83.16,75.03,81.56,66.64,5.0,68.0,19.8,9,6.7,1,79.095,-8.129999999999995,2.9117647058823533,0,63.23166666666666,29.31739307419176,77.55631873747903,1
83.93,91.27,42.79,55.94,75.88,68.3,84.02,9.5,6,4.9,1,67.03,-48.48,1.9,1,69.7,18.022016535338103,83.04539497200048,2
74.42,47.56,58.01,81.99,78.3,85.8,78.77,22.4,5,6.3,1,52.785,10.449999999999996,3.5,1,71.73833333333333,15.286503088236584,96.39657798082952,2
60.97,84.31,43.09,85.01,69.5,24.2,85.56,7.4,8,5.2,1,63.7,-41.22,1.3962264150943398,1,65.27833333333334,25.924749114825907,107.06631676780933,2
70.67,44.09,66.9,59.24,99.45,43.9,52.83,16.0,5,5.2,1,55.495000000000005,22.81,3.018867924528302,1,61.06833333333333,20.79129184698889,86.41337672751284,2
55.79,99.3,75.0,69.74,87.25,99.6,61.31,12.9,1,8.4,0,87.15,-24.3,1.5176470588235291,0,82.03333333333333,15.899619701950945,147.03949333811318,1
77.29,42.66,69.73,65.85,82.8,47.7,69.64,5.6,8,8.9,1,56.195,27.070000000000007,0.6222222222222222,1,63.06333333333333,15.081953012347793,81.59313408375382,2
85.99,53.3,43.13,57.44,96.72,93.6,54.52,23.7,9,8.7,0,48.215,-10.169999999999996,2.6931818181818183,1,66.45166666666667,22.775624177323145,77.27836570143815,2
68.34,61.51,50.2,59.37,64.49,13.2,84.68,5.2,10,8.5,1,55.855,-11.309999999999995,0.6046511627906977,0,55.575,23.667428039396256,81.32133450395082,2
72.69,55.14,73.97,79.22,51.24,86.89999999999999,61.84,5.5,2,5.2,1,64.555,18.83,1.0377358490566038,0,68.05166666666666,14.162952258151073,93.61902141514192,2
78.69,96.76,64.97,84.37,57.64,88.10000000000001,96.06,27.0,10,5.9,1,80.86500000000001,-31.790000000000006,4.5,0,81.31666666666668,16.364577191808735,103.33799296818742,0
73.4,70.28,59.11,52.16,99.36,98.8,78.1,15.3,5,4.7,0,64.695,-11.170000000000002,3.1875000000000004,0,76.30166666666666,19.77740975625137,103.9532243415077,1
77.95,64.56,84.45,96.71,88.28,25.3,57.51,25.8,9,4.6,1,74.505,19.89,5.489361702127661,0,69.46833333333333,26.223549276683865,89.11909343596322,1
68.06,73.46,65.85,95.6,83.23,10.9,80.61,21.8,9,8.6,0,69.655,-7.609999999999999,2.505747126436782,0,68.27499999999999,29.82319684406753,100.3158977372906,1
91.68,87.29,82.34,65.51,93.76,55.7,58.96,8.5,7,7.1,0,84.815,-4.950000000000003,1.1805555555555556,0,73.92666666666666,15.935976489273154,80.63554392088423,1
79.77,70.18,77.19,95.12,95.47,46.3,88.67,10.9,9,4.3,0,73.685,7.009999999999991,2.4772727272727275,0,78.82166666666667,18.840339080458893,98.81116543395596,0
68.06,40.65,67.77,96.41,80.14,9.2,76.39,12.4,3,4.8,0,54.21,27.12,2.5306122448979598,1,61.75999999999999,31.612622795332875,90.74346165148395,2
62.11,93.94,62.68,61.32,72.3,4.0,93.08,15.8,5,7.0,0,78.31,-31.26,2.2253521126760565,0,64.55333333333333,32.91816438786748,103.93388074920838,1
54.42,82.77,90.83,86.76,78.97,29.6,88.9,15.0,5,5.2,0,86.8,8.060000000000002,2.8301886792452837,0,76.305,23.277337261808963,140.21499448732084,0
81.03,50.51,50.07,56.73,81.27,75.8,94.54,24.9,4,7.3,0,50.29,-0.4399999999999977,3.364864864864865,0,68.15333333333334,18.41500113132407,84.10876630054712,2
95.3,63.95,44.91,81.68,89.6,80.8,87.98,22.4,4,4.6,0,54.43,-19.040000000000006,4.765957446808511,1,74.82000000000001,17.246559077102887,78.50996852046171,1
59.81,71.79,73.19,61.29,77.82,27.9,76.93,21.4,5,7.1,1,72.49000000000001,1.3999999999999917,2.9722222222222223,0,64.82000000000001,19.025441913395863,108.3765256646046,1
84.95,86.55,58.31,95.78,57.94,35.3,88.58,29.5,8,5.8,1,72.43,-28.239999999999995,5.000000000000001,0,70.41000000000001,23.532566370882712,82.88404944084756,1
73.42,40.06,47.54,68.05,89.5,85.19999999999999,87.64,22.6,10,8.8,1,43.8,7.479999999999997,2.539325842696629,2,69.66499999999999,21.570553771287376,94.88558975755925,2
80.79,89.29,94.68,62.05,64.91,82.89999999999999,78.27,17.8,5,8.8,1,91.985,5.390000000000001,2.0,0,78.68333333333334,13.059236833240554,97.39241655320376,0
68.85,87.85,64.74,68.22,87.31,12.3,93.28,17.9,6,7.5,1,76.29499999999999,-23.11,2.3552631578947367,0,68.95,30.045725153505614,100.1452432824982,1
70.07,85.2,90.98,87.51,90.07,67.6,82.38,8.7,1,4.8,1,88.09,5.780000000000001,1.7755102040816326,0,83.95666666666666,8.612764171081588,119.81827696113412,0
57.38,53.68,68.66,92.5,96.47,46.1,85.69,25.2,2,7.2,0,61.17,14.979999999999997,3.452054794520548,0,73.85000000000001,20.99285592767216,128.70338096897876,1
94.91,52.11,88.82,97.63,50.87,8.0,57.01,6.2,8,7.6,0,70.465,36.71,0.8051948051948052,0,59.07333333333333,31.937458049548443,62.24142169774875,2
89.9,67.15,66.3,68.85,51.46,46.7,70.48,19.8,7,5.0,1,66.725,-0.8500000000000085,3.882352941176471,0,61.82333333333333,10.088010044932878,68.76900259547645,2
92.05,74.55,55.39,57.78,74.81,22.3,79.47,15.9,2,4.6,0,64.97,-19.16,3.382978723404256,0,60.71666666666666,21.234445287472585,65.96052869817127,2
87.02,55.08,40.58,84.0,92.96,49.2,73.31,6.2,6,8.5,0,47.83,-14.5,0.7209302325581396,1,65.855,20.745189080844742,75.6780050563089,2
89.91,61.89,44.44,61.6,92.19,52.3,50.03,27.5,6,5.3,0,53.165,-17.450000000000003,5.0925925925925934,1,60.40833333333334,16.983122700689254,67.18755792829867,2
93.97,58.73,80.37,62.83,58.53,32.7,66.29,22.6,10,6.1,1,69.55,21.640000000000008,3.645161290322581,0,59.90833333333334,15.566138142348176,63.75261608314711,2
64.93,92.9,83.55,92.47,56.95,89.5,60.45,22.6,9,6.9,1,88.225,-9.350000000000009,3.2285714285714286,0,79.30333333333333,16.342315217455166,122.13665999281274,1
89.34,62.36,92.04,83.29,84.74,83.69999999999999,66.52,22.3,2,5.0,1,77.2,29.680000000000007,4.372549019607844,0,78.77499999999999,11.626001462239715,88.17438997089768,1
85.78,64.21,51.25,59.9,98.21,55.2,53.17,19.7,5,8.1,0,57.73,-12.959999999999994,2.402439024390244,0,63.656666666666666,17.571353580947218,74.20921737778814,2
93.7,82.73,76.21,88.04,89.29,8.7,96.97,26.9,4,4.5,1,79.47,-6.52000000000001,5.8478260869565215,0,73.65666666666668,32.56687376256227,78.60903593027393,0
76.87,84.53,69.97,84.9,72.62,29.1,88.8,26.6,10,5.0,0,77.25,-14.560000000000002,5.215686274509805,0,71.65333333333334,22.13524399383632,93.21365075235244,1
81.49,93.48,73.78,55.0,60.22,57.2,64.96,8.9,7,5.8,1,83.63,-19.700000000000003,1.5084745762711866,0,67.44,14.395604884825092,82.75862068965517,2
86.06,67.48,89.9,84.98,50.25,43.1,88.0,16.2,5,5.5,0,78.69,22.42,2.892857142857143,0,70.61833333333334,20.30831988783579,82.05709195135178,1
90.52,98.24,55.68,66.74,50.3,6.1,56.67,24.5,3,4.2,0,76.96,-42.56,5.697674418604652,0,55.62166666666667,29.738048635824555,61.44682574753278,2
56.59,81.16,52.05,72.25,87.3,56.8,90.63,24.2,4,7.1,0,66.60499999999999,-29.11,3.361111111111111,0,73.365,16.01872747754952,129.64304647464215,1
66.39,96.46,90.01,74.9,58.25,22.200000000000003,77.3,20.2,10,6.2,0,93.235,-6.449999999999989,3.2063492063492065,0,69.85333333333334,26.835070834016197,105.21664909373902,1
55.38,64.95,93.97,63.41,51.32,88.0,91.1,16.3,4,7.4,0,79.46000000000001,29.02,2.1733333333333333,0,75.45833333333333,17.792602301705802,136.25556759359574,1
96.54,76.68,92.99,85.83,61.28,69.3,53.91,7.4,7,4.1,0,84.83500000000001,16.309999999999988,1.7619047619047623,0,73.33166666666666,14.782204729561371,75.95987846143221,1
58.17,78.04,69.49,84.22,73.04,22.3,56.07,9.9,3,4.8,1,73.765,-8.550000000000011,2.0204081632653064,0,63.86000000000001,22.447668030332235,109.78167440261304,2
77.83,94.79,62.96,95.8,89.14,28.0,92.84,7.1,7,8.0,1,78.875,-31.830000000000005,0.8765432098765432,0,77.255,27.07744725781956,99.26121033020684,0
90.65,85.88,91.88,51.33,60.65,94.7,81.69,12.1,4,5.0,1,88.88,6.0,2.372549019607843,0,77.68833333333332,17.657765902476637,85.70141570141568,1
86.11,79.57,75.58,79.45,52.57,98.1,67.94,13.5,3,8.0,1,77.57499999999999,-3.989999999999995,1.6666666666666667,0,75.535,15.005765225405868,87.71919637672744,1
75.28,79.96,70.55,54.43,87.86,37.9,92.05,19.3,7,7.5,0,75.255,-9.409999999999997,2.5394736842105265,0,70.45833333333333,20.862697252912117,93.59502302515054,1
65.9,76.75,44.16,82.6,65.96,71.2,50.77,8.1,4,5.4,0,60.455,-32.59,1.4727272727272729,1,65.24,14.990910579414448,98.99848254931712,2
94.1,83.41,47.99,54.68,77.05,0.5,63.77,22.9,1,4.5,0,65.7,-35.419999999999995,4.978260869565218,1,54.56666666666666,29.62637113563972,57.987956075097415,2
52.9,84.2,47.22,64.81,72.71,37.7,57.15,27.1,5,4.7,0,65.71000000000001,-36.98,5.645833333333334,1,60.63166666666666,16.950911971533174,114.61562696912412,2
95.12,79.83,80.98,51.02,67.28,14.6,56.54,7.4,6,6.1,1,80.405,1.1500000000000057,1.1935483870967745,0,58.37500000000001,24.593966536530864,61.36984861227923,2
96.27,93.8,88.17,65.81,57.07,84.80000000000001,50.9,27.0,5,8.5,1,90.985,-5.629999999999996,3.1395348837209305,0,73.425,17.859429722138387,76.26986600186974,1
79.8,46.45,93.3,55.98,66.18,81.4,81.12,22.2,8,5.8,1,69.875,46.85,3.76271186440678,1,70.73833333333333,17.65779648389534,88.64452798663325,1
77.32,57.62,46.48,81.24,65.42,53.8,61.11,6.8,9,8.8,0,52.05,-11.14,0.7640449438202247,1,60.945,11.859871415829094,78.82177961717538,2
60.2,61.22,94.91,67.58,86.12,3.8,89.3,23.0,4,5.6,1,78.065,33.69,4.035087719298246,0,67.155,33.67394586323379,111.5531561461794,1
62.74,44.14,45.51,78.98,50.77,9.9,95.43,5.7,5,4.7,0,44.825,1.3699999999999974,1.1875,2,54.12166666666667,29.88276788831093,86.26341515248113,2
93.96,66.94,68.37,53.25,88.87,41.0,70.8,14.3,9,4.4,0,67.655,1.4300000000000068,3.177777777777778,0,64.87166666666667,16.324834353421988,69.04179083297858,2
89.1,57.08,90.58,64.9,87.24,88.6,84.85,19.4,7,8.2,0,73.83,33.5,2.3373493975903616,0,78.875,14.195627143596017,88.52413019079687,1
93.42,95.62,40.43,53.74,60.84,65.5,73.51,17.8,6,7.0,0,68.025,-55.190000000000005,2.507042253521127,1,64.94,18.751058636781018,69.51402269321343,2
81.54,76.62,46.23,90.3,72.78,94.0,76.57,26.7,8,7.0,0,61.425,-30.390000000000008,3.76056338028169,1,76.08333333333333,16.886556388638468,93.30798789959935,1
66.8,94.22,48.84,58.89,77.41,93.6,94.49,18.7,10,6.9,0,71.53,-45.38,2.6714285714285717,1,77.90833333333335,19.97079809788949,116.6292415169661,1
73.67,50.4,65.79,61.94,74.48,82.6,93.01,12.4,2,4.4,1,58.095,15.390000000000008,2.7555555555555555,0,71.37,15.256977420183857,96.87796932265508,1
89.53,93.05,54.35,66.66,52.16,84.1,91.5,26.2,4,6.0,1,73.7,-38.7,4.295081967213115,0,73.63666666666667,18.370379056150878,82.24803604006107,1
87.48,98.0,90.12,90.38,81.01,65.19999999999999,79.72,7.2,3,7.6,0,94.06,-7.8799999999999955,0.9350649350649352,0,84.07166666666666,11.444007019687936,96.103871361073,0
91.41,67.92,99.67,70.37,74.31,47.2,96.24,23.2,8,8.9,1,83.795,31.75,2.577777777777777,0,75.95166666666667,19.4894426976932,83.08901287240639,0
82.25,70.46,96.31,85.78,53.71,67.4,81.74,8.4,3,6.9,1,83.38499999999999,25.85000000000001,1.2,0,75.89999999999999,15.116400365166305,92.27963525835864,0
77.55,53.42,80.19,98.39,92.94,40.4,54.66,12.4,1,7.0,0,66.805,26.77,1.7464788732394367,0,70.0,23.758972199992154,90.26434558349452,1
79.47,89.19,58.15,70.78,91.92,84.7,61.05,6.9,1,4.6,1,73.67,-31.04,1.468085106382979,0,75.965,14.645672056959352,95.58953064049328,1
53.38,78.94,71.03,96.7,58.69,95.9,96.37,16.0,6,4.8,1,74.985,-7.909999999999997,3.26530612244898,0,82.93833333333333,16.022326193991518,155.37342325465215,0
72.63,59.25,99.77,58.78,90.53,66.8,69.85,15.1,8,8.3,0,79.50999999999999,40.52,1.7976190476190474,0,74.16333333333334,17.06134304990866,102.11115700582864,1
64.23,62.45,79.3,50.4,68.13,28.6,53.32,15.5,1,5.2,0,70.875,16.849999999999994,2.9245283018867925,0,57.03333333333333,17.40416693400367,88.79547459650213,2
59.56,85.33,49.56,62.88,52.61,93.0,81.72,25.1,9,4.7,1,67.445,-35.77,5.229166666666667,1,70.85000000000001,18.26434997474588,118.95567494963063,2
64.26,81.53,56.55,87.23,71.11,17.6,69.98,16.1,8,7.7,0,69.03999999999999,-24.980000000000004,2.0641025641025643,0,64.00000000000001,25.066746099164927,99.59539371304078,2
91.89,79.57,40.26,61.39,55.54,28.0,67.33,9.7,9,8.5,0,59.91499999999999,-39.31,1.127906976744186,1,55.34833333333333,18.667496261327244,60.23324990024304,2
84.06,87.04,71.39,88.54,83.84,76.39999999999999,54.66,23.2,4,5.2,1,79.215,-15.650000000000006,4.377358490566038,0,76.97833333333334,12.740986487186412,91.57546197160758,1
61.8,72.28,79.32,71.04,95.61,69.1,93.12,14.5,7,7.1,0,75.8,7.039999999999992,2.0138888888888893,0,80.07833333333333,11.61827941937474,129.57659115426105,0
67.96,43.68,44.49,62.01,64.76,97.9,82.38,16.9,3,5.5,0,44.085,0.8100000000000023,3.017857142857143,2,65.87,21.27972368241656,96.92466156562683,2
89.2,40.99,95.23,91.72,58.62,54.0,88.12,12.9,6,8.7,1,68.11,54.24,1.465909090909091,1,71.44666666666667,23.02682406817464,80.09715994020927,1
54.37,47.59,79.8,65.8,55.24,25.4,61.09,20.6,1,7.0,1,63.695,32.209999999999994,2.901408450704225,1,55.81999999999999,18.416619668114997,102.66691189994482,2
61.94,68.33,44.31,74.58,54.15,72.2,93.62,16.4,8,6.9,1,56.32,-24.02,2.3428571428571425,1,67.865,17.148521510614263,109.56570875040362,2
76.67,44.16,65.47,85.68,68.51,38.3,64.65,10.0,6,4.6,0,54.815,21.31,2.127659574468085,1,61.12833333333333,17.306546064037928,79.7291422112082,2
66.87,72.25,88.65,54.94,77.86,13.3,66.85,11.3,6,6.2,0,80.45,16.400000000000006,1.7936507936507935,0,62.30833333333334,26.50022748330034,93.17830616619312,2
79.5,72.46,93.07,67.68,86.68,86.5,74.14,12.7,10,6.9,1,82.76499999999999,20.61,1.8142857142857145,0,80.08833333333332,10.00623888714769,100.74004192872115,1
57.87,58.43,84.57,86.31,77.84,66.7,99.95,18.1,2,5.2,0,71.5,26.139999999999997,3.415094339622642,0,78.96666666666665,14.826444842465326,136.4552733137492,0
51.79,58.78,67.85,57.97,95.89,78.5,63.06,27.6,3,6.5,0,63.315,9.069999999999991,4.181818181818183,0,70.34166666666667,14.596143897162246,135.82094355409666,2
80.75,74.34,92.94,60.91,51.15,23.9,65.19,13.7,8,6.3,0,83.64,18.599999999999994,2.140625,0,61.405,23.18677101279952,76.04334365325077,2
59.38,56.78,89.85,50.42,68.17,52.3,68.81,24.8,7,8.6,0,73.315,33.06999999999999,2.8505747126436787,0,64.38833333333334,14.705628060938665,108.43437745593354,2
71.28,60.44,97.0,93.57,84.14,5.0,65.14,26.7,2,5.3,1,78.72,36.56,4.944444444444445,0,67.54833333333333,34.0247959092581,94.76477740366629,1
96.94,91.74,96.73,78.64,74.32,74.3,97.83,20.5,8,8.1,1,94.235,4.990000000000009,2.5,0,85.59333333333335,11.086199829818453,88.29516539440206,0
66.8,93.65,75.4,71.45,68.0,23.2,71.78,20.3,9,7.3,0,84.525,-18.25,2.7432432432432434,0,67.24666666666667,23.42011243924048,100.66866267465072,1
54.64,58.95,77.02,69.11,80.06,35.8,80.69,17.5,6,4.5,1,67.985,18.069999999999997,3.804347826086957,0,66.93833333333333,17.326580062628246,122.5079306979014,1
54.91,79.47,40.68,61.07,67.52,18.0,52.81,22.4,4,6.8,0,60.075,-38.79,3.246376811594203,1,53.25833333333333,21.69347497904996,96.99204759303105,2
96.41,98.84,51.08,52.86,89.87,47.6,66.47,27.6,5,7.9,0,74.96000000000001,-47.760000000000005,3.45,0,67.78666666666668,21.73999233363864,70.31082529474814,2
57.48,60.56,51.73,83.37,97.15,14.7,84.48,18.9,7,5.1,0,56.145,-8.830000000000005,3.634615384615385,0,65.33166666666666,29.919178743185228,113.65982370679656,1
92.83,81.92,52.69,98.0,90.14,25.6,54.8,12.6,1,4.4,1,67.305,-29.230000000000004,2.8,0,67.19166666666668,27.51879969523865,72.38141405436463,2
59.05,54.13,60.34,96.9,98.37,49.0,71.22,8.2,7,5.6,1,57.235,6.210000000000001,1.4385964912280702,0,71.66000000000001,21.445718453807977,121.35478408128706,1
81.7,81.42,40.56,60.76,59.02,98.8,50.52,8.6,2,5.3,0,60.99,-40.86,1.5925925925925928,1,65.17999999999999,21.3193996163119,79.77968176254589,2
67.02,56.92,82.04,66.92,94.72,98.4,95.17,12.4,2,8.3,1,69.48,25.120000000000005,1.4761904761904765,0,82.36166666666666,17.087052895881918,122.89117676315529,0
93.29,68.44,47.94,69.59,50.43,23.700000000000003,91.43,18.9,5,8.5,1,58.19,-20.5,2.197674418604651,1,58.58833333333334,23.2112398778408,62.80237253010326,2
72.46,44.87,91.13,97.65,83.06,86.1,86.45,27.1,1,4.4,0,68.0,46.26,6.022222222222222,1,81.54333333333334,18.67298119387118,112.53565185389644,0
81.1,48.27,67.85,75.5,61.81,69.7,70.36,7.7,2,8.8,1,58.06,19.57999999999999,0.8651685393258427,1,65.58166666666666,9.562751521746586,80.86518701191945,2
92.57,47.43,51.37,84.23,99.17,21.1,69.05,15.2,4,8.2,0,49.4,3.9399999999999977,1.8313253012048196,1,62.05833333333334,28.01269599068727,67.0393576032552,2
91.91,40.22,51.17,76.32,68.68,55.9,91.88,8.4,4,7.3,0,45.695,10.950000000000005,1.1351351351351353,1,64.02833333333332,18.6905413690098,69.66416421861966,2
73.08,60.42,43.53,82.18,97.94,61.4,87.9,15.9,9,8.8,0,51.975,-16.89,1.7865168539325842,1,72.22833333333334,20.425525615431948,98.83461047254151,1
56.49,96.34,91.44,91.23,73.56,20.6,71.57,9.5,6,7.8,1,93.89,-4.900000000000006,1.2025316455696204,0,74.12333333333333,28.13421167665209,131.21496430046614,0
69.83,62.47,58.93,83.46,72.97,23.9,98.55,11.9,6,6.9,0,60.7,-3.539999999999999,1.7,0,66.71333333333334,25.474448898193398,95.5367797985584,1
89.05,46.4,56.81,75.38,68.19,20.1,56.93,17.9,2,6.7,1,51.605,10.410000000000004,2.6323529411764706,1,53.96833333333333,19.40054372090294,60.60452929066068,2
86.53,60.55,91.83,86.92,56.33,64.7,68.48,16.3,10,4.0,0,76.19,31.28,3.9756097560975614,0,71.46833333333333,14.535962873737216,82.59370545860781,1
55.26,71.31,66.56,63.29,81.93,19.1,62.85,15.0,6,7.0,1,68.935,-4.75,2.1126760563380285,0,60.84000000000001,21.63052287856214,110.09771986970686,2
90.78,78.63,79.92,88.3,90.89,76.5,53.69,27.8,7,4.8,0,79.275,1.2900000000000065,5.673469387755103,0,77.98833333333333,13.18749925750393,85.90915767055886,1
87.52,56.11,67.8,71.21,61.74,59.0,98.31,7.5,1,6.5,1,61.955,11.689999999999998,1.1363636363636365,0,69.02833333333334,15.389964803945029,78.87149603900062,1
92.13,93.05,72.78,57.57,95.8,21.3,79.27,21.7,6,4.2,0,82.91499999999999,-20.27,5.046511627906977,0,69.96166666666666,27.628933686747065,75.93798617895003,1
93.74,42.34,90.42,94.94,63.31,92.1,80.68,19.9,1,4.6,0,66.38,48.08,4.23404255319149,1,77.29833333333333,20.64795429737936,82.4603513263637,1
80.82,44.66,72.14,65.54,72.31,56.0,74.49,18.1,9,7.4,1,58.4,27.480000000000004,2.4133333333333336,1,64.19,11.709367190416398,79.42341004701807,2
79.98,65.21,79.92,77.23,86.99,1.4,56.35,10.7,8,4.5,1,72.565,14.710000000000008,2.3260869565217392,0,61.18333333333334,31.267121176511708,76.49829123947653,2
57.85,52.93,50.2,59.47,90.56,31.5,98.51,13.6,1,7.9,1,51.565,-2.729999999999997,1.7,0,63.86166666666666,25.635969587021023,110.3918179199078,2
97.35,68.61,42.18,75.72,50.93,80.1,81.63,6.3,10,4.7,1,55.395,-26.43,1.3125,1,66.52833333333332,16.353714460839367,68.33932545796952,2
66.29,79.58,53.89,78.77,98.63,88.9,76.9,7.0,6,7.4,0,66.735,-25.69,0.9333333333333332,0,79.445,14.949716719724156,119.84462211494944,1
79.55,87.98,42.12,70.51,55.98,16.1,77.46,12.0,4,4.9,0,65.05,-45.86000000000001,2.4,1,58.35833333333334,26.2491389700056,73.36056987219779,2
73.97,85.13,56.33,83.1,58.66,82.10000000000001,65.46,11.6,2,8.3,0,70.72999999999999,-28.8,1.380952380952381,0,71.79666666666667,13.142640018910456,97.06187193006171,2
77.21,51.53,46.02,52.03,56.87,54.3,96.8,5.1,5,8.3,0,48.775000000000006,-5.509999999999998,0.6071428571428571,1,59.59166666666667,18.580789452191382,77.18128049043735,2
85.77,61.94,56.32,63.08,93.11,25.3,95.57,11.6,3,6.9,0,59.13,-5.619999999999997,1.657142857142857,0,65.88666666666667,26.017157159587335,76.81784617776225,1
95.06,48.53,83.79,70.58,83.93,50.3,67.89,17.2,8,7.2,1,66.16,35.260000000000005,2.356164383561644,1,67.50333333333333,15.496117793391567,71.0112911143839,1
65.6,93.1,75.01,57.54,84.48,78.0,94.27,21.0,2,8.7,0,84.055,-18.08999999999999,2.3863636363636367,0,80.39999999999999,13.621343546067692,122.5609756097561,0
96.55,61.98,46.32,88.71,55.34,65.8,72.27,24.6,6,5.9,0,54.15,-15.659999999999997,4.1000000000000005,1,65.07,14.608257938577069,67.39513205592957,2
67.47,98.25,75.62,93.74,58.33,54.8,98.3,8.4,6,8.8,0,86.935,-22.629999999999995,0.9438202247191012,0,79.84,19.901757711317863,118.33407440343858,0
97.17,88.3,85.72,73.31,64.39,43.3,59.37,26.7,8,8.9,0,87.00999999999999,-2.5799999999999983,2.966666666666667,0,69.065,17.000459699666948,71.07646392919625,1
57.6,66.26,89.07,84.52,98.4,23.0,93.65,15.2,9,4.8,1,77.66499999999999,22.809999999999988,3.102040816326531,0,75.81666666666666,28.143786999383483,131.6261574074074,0
72.22,52.27,74.19,98.86,94.24,37.6,76.91,24.2,6,8.7,0,63.23,21.919999999999995,2.7500000000000004,0,72.34500000000001,23.735627861929416,100.1730822486846,1
59.88,98.13,60.34,68.41,55.5,58.2,59.33,25.9,10,7.8,0,79.235,-37.78999999999999,3.278481012658228,0,66.65166666666666,16.020059196727914,111.3087285682476,2
58.46,61.99,99.95,95.46,60.55,65.4,67.05,27.5,2,4.6,1,80.97,37.96,5.851063829787235,0,75.06666666666668,17.745492573232973,128.4068879005588,1
81.13,63.7,74.72,92.44,55.52,51.3,64.51,21.0,5,6.7,1,69.21000000000001,11.019999999999996,3.088235294117647,0,67.03166666666667,14.846928863124072,82.6225399564485,2
59.35,64.26,71.22,87.16,74.18,78.89999999999999,69.3,10.8,9,8.8,0,67.74000000000001,6.959999999999994,1.2134831460674158,0,74.17,8.02172799339394,124.97051390058972,1
98.88,90.67,66.64,55.86,79.99,15.1,85.29,22.6,8,7.4,1,78.655,-24.03,3.0133333333333336,0,65.59166666666668,27.81895714556293,66.33461434735709,1
70.72,43.49,54.53,52.78,98.71,48.4,84.93,25.6,9,5.2,0,49.010000000000005,11.04,4.830188679245284,1,63.806666666666665,22.45980468896973,90.22435897435898,2
97.09,77.36,73.7,67.85,98.78,36.8,78.57,19.5,1,4.1,1,75.53,-3.6599999999999966,4.642857142857143,0,72.17666666666666,20.238716033055724,74.3399594877605,1
58.35,96.54,41.27,76.71,56.48,78.1,52.69,16.4,10,5.2,1,68.905,-55.27,3.094339622641509,1,66.965,20.335081755429457,114.764353041988,2
88.93,41.3,54.38,82.7,67.56,70.4,68.08,8.3,1,5.2,1,47.84,13.080000000000004,1.5660377358490567,1,64.07000000000001,14.337189403784832,72.04542898909254,2
91.79,92.63,98.49,95.53,64.65,25.4,62.69,22.8,7,5.7,1,95.56,5.859999999999999,3.931034482758621,0,73.23166666666665,28.22812244317122,79.78174819333985,1
67.04,80.6,53.98,99.94,98.92,49.1,99.23,14.7,9,7.4,0,67.28999999999999,-26.62,1.96,0,80.295,23.4821257555614,119.7717780429594,0
85.32,51.96,52.74,99.49,77.74,90.4,85.15,28.2,8,5.4,1,52.35,0.7800000000000011,5.127272727272727,0,76.24666666666667,19.821575786669097,89.36552586341617,1
85.44,81.32,74.81,74.94,52.1,1.6,76.96,24.6,7,8.9,0,78.065,-6.509999999999991,2.7333333333333334,0,60.28833333333333,30.51948519661933,70.56218789013734,1
82.19,91.21,83.3,94.42,67.07,13.7,56.35,11.9,7,5.4,1,87.255,-7.909999999999997,2.163636363636364,0,67.675,30.183618570343747,82.33970069351503,1
61.71,76.09,79.13,51.03,98.34,95.5,69.17,6.9,7,6.4,0,77.61,3.039999999999992,1.0615384615384615,0,78.21000000000001,17.492717341796844,126.73796791443851,1
64.05,84.6,83.31,75.07,86.65,56.7,70.92,19.5,3,7.0,0,83.955,-1.289999999999992,2.746478873239437,0,76.20833333333333,11.311228786770544,118.9825657038772,1
88.88,87.82,60.27,68.01,90.56,61.4,83.1,16.1,8,5.6,0,74.045,-27.54999999999999,2.8245614035087727,0,75.19333333333333,13.58414320694046,84.6009600960096,1
92.48,88.64,56.5,82.29,50.85,85.0,55.28,8.9,10,7.5,0,72.57,-32.14,1.1710526315789476,0,69.76,17.25571789291886,75.4325259515571,2
66.14,88.52,40.36,83.78,63.62,79.6,99.5,16.7,10,6.5,1,64.44,-48.16,2.5303030303030303,1,75.89666666666666,21.004279246540847,114.75153714343313,1
65.32,41.34,60.13,67.16,64.06,82.6,56.6,15.8,4,4.6,1,50.735,18.79,3.361702127659575,1,61.98166666666666,13.525676939313117,94.88926311492142,2
72.64,93.73,89.59,80.39,64.62,77.69999999999999,83.94,19.2,6,8.4,0,91.66,-4.140000000000001,2.2588235294117647,0,81.66166666666666,10.21199572398396,112.41969530102789,0
86.03,95.05,72.52,88.33,74.12,43.0,61.51,14.2,2,7.2,0,83.785,-22.53,1.9452054794520548,0,72.42166666666667,18.72276412997468,84.18187453988918,1
99.9,77.82,53.58,71.38,53.93,9.7,71.42,19.8,10,6.2,0,65.69999999999999,-24.239999999999995,3.1428571428571432,0,56.305,24.91467980930118,56.36136136136136,2
60.4,49.56,92.91,80.44,84.57,66.8,83.34,17.4,8,7.4,0,71.235,43.35,2.32,1,76.27,15.596527818716575,126.27483443708608,1
84.97,95.44,76.83,89.16,74.28,38.0,89.56,25.6,5,5.6,1,86.13499999999999,-18.61,4.491228070175439,0,77.21166666666666,20.850953375485417,90.8693264289357,0
99.53,75.15,97.92,52.03,61.5,73.60000000000001,91.94,10.6,2,8.4,1,86.535,22.77,1.2470588235294118,0,75.35666666666667,17.454971402631017,75.71251548946717,0
53.56,54.86,77.39,66.17,99.87,26.6,86.43,20.2,9,4.6,0,66.125,22.53,4.297872340425532,0,68.55333333333334,25.813428030129334,127.9935275080906,1
53.02,76.57,56.78,94.54,98.03,75.5,61.55,15.3,8,6.6,1,66.675,-19.789999999999992,2.283582089552239,0,77.16166666666666,16.73165552677519,145.5331321513894,1
79.72,60.69,90.69,53.38,74.34,50.0,76.21,17.1,9,4.6,0,75.69,30.0,3.638297872340426,0,67.55166666666666,15.57183536602756,84.73615989295868,1
53.84,45.37,49.14,61.02,61.22,94.2,94.52,13.0,6,7.5,0,47.255,3.770000000000003,1.7105263157894737,2,67.57833333333333,21.68496660515452,125.51696384348688,2
62.47,41.73,73.13,87.94,79.64,16.7,62.07,29.1,7,8.2,1,57.42999999999999,31.4,3.5060240963855427,1,60.20166666666666,26.65143104350434,96.36892375006668,2
90.67,56.28,45.48,90.07,64.01,33.4,96.34,30.0,2,6.1,0,50.88,-10.800000000000004,4.838709677419355,1,64.26333333333332,24.75501296034132,70.87607073269363,1
97.25,87.18,66.41,52.49,75.25,33.5,82.47,22.5,10,6.8,1,76.795,-20.77000000000001,3.260869565217392,0,66.21666666666668,20.21916087939029,68.08911739503,1
96.5,70.54,79.32,96.79,73.3,60.1,66.8,8.3,10,7.5,1,74.93,8.779999999999987,1.092105263157895,0,74.47500000000001,12.679466471425368,77.17616580310882,1
80.9,88.79,58.16,55.28,93.3,3.8,94.7,14.2,7,6.6,1,73.475,-30.63000000000001,2.1194029850746268,0,65.67166666666667,35.02268203131603,81.17634940255459,1
80.3,67.93,66.72,69.3,60.56,19.6,50.36,5.8,9,5.1,1,67.325,-1.210000000000008,1.1153846153846154,0,55.745000000000005,19.03316237518085,69.42092154420922,2
81.44,84.18,64.52,82.43,53.58,64.5,78.74,13.8,1,8.1,1,74.35,-19.66000000000001,1.6829268292682928,0,71.325,12.258286585000372,87.57981335952849,1
60.1,80.9,81.91,93.14,58.1,69.7,73.46,6.9,3,5.7,1,81.405,1.009999999999991,1.1896551724137931,0,76.20166666666667,11.991874610196133,126.79145867997782,1
51.24,85.09,53.37,67.16,51.81,80.39999999999999,90.27,14.0,7,6.0,1,69.23,-31.72000000000001,2.295081967213115,0,71.35,16.439614350707863,139.24668227946916,1
94.29,68.67,75.56,85.56,60.91,88.10000000000001,72.67,25.4,4,5.2,1,72.11500000000001,6.890000000000001,4.79245283018868,0,75.24500000000002,10.267452946081615,79.80167568140844,1
60.16,61.11,53.85,91.72,64.75,75.9,65.64,16.1,3,4.9,1,57.48,-7.259999999999998,3.22,0,68.82833333333333,13.302317717851528,114.40879875886526,2
82.81,64.68,68.19,66.92,57.48,13.0,63.49,25.5,7,5.8,0,66.435,3.509999999999991,4.322033898305085,0,55.62666666666667,21.21150222560078,67.17385178923641,2
55.53,82.16,78.18,52.04,75.65,86.89999999999999,67.59,25.2,8,6.4,0,80.17,-3.9799999999999898,3.876923076923077,0,73.75333333333333,12.4591743974738,132.81709586409747,1
51.15,87.09,50.83,86.94,53.38,66.2,77.49,25.3,3,4.2,1,68.96000000000001,-36.260000000000005,5.883720930232559,0,70.32166666666667,16.078956952074552,137.48126425545783,1
87.76,66.4,79.39,51.48,65.17,63.0,83.3,27.9,8,7.7,0,72.89500000000001,12.989999999999997,3.5769230769230766,0,68.12333333333333,11.594913827479129,77.62458219386204,1
71.9,60.25,57.42,68.28,81.46,97.8,69.49,23.5,10,8.9,0,58.835,-2.8299999999999983,2.611111111111111,0,72.45,14.99795986126113,100.76495132127955,2
60.97,42.73,44.46,55.18,51.89,43.8,76.06,11.6,6,7.6,1,43.595,1.730000000000004,1.5064935064935066,2,52.35333333333333,12.635533493551696,85.86736646438139,2
52.08,60.28,68.78,55.02,93.31,71.9,72.83,27.7,10,6.8,1,64.53,8.5,4.0144927536231885,0,70.35333333333332,13.225680574800933,135.08704557091653,2
91.58,63.85,81.12,90.47,54.75,32.3,86.01,6.4,4,7.5,1,72.485,17.270000000000003,0.8421052631578948,0,68.08333333333333,22.21994029394919,74.34301521438451,1
80.18,62.13,76.94,67.91,99.46,45.2,82.71,15.1,6,6.5,0,69.535,14.809999999999995,2.287878787878788,0,72.39166666666667,18.57215056655169,90.28643884592998,1
96.48,80.5,70.97,88.88,91.42,39.7,51.01,27.8,5,7.9,0,75.735,-9.53,3.475,0,70.41333333333333,20.99593643224009,72.98231066887783,2
52.01,66.6,91.98,71.22,87.62,74.5,64.25,5.0,5,6.4,0,79.28999999999999,25.38000000000001,0.7692307692307693,0,76.02833333333332,11.330497635438029,146.1802217522271,1
92.81,57.38,80.19,66.65,81.96,43.7,87.36,18.4,10,5.9,1,68.785,22.809999999999995,3.0666666666666664,0,69.54,16.787820585174238,74.92727076823618,1
58.88,57.17,87.17,62.0,97.16,0.6,58.29,6.4,3,4.4,1,72.17,30.0,1.4222222222222225,0,60.39833333333334,33.64941450704108,102.57869112318842,2
67.16,48.73,50.7,57.97,78.72,0.6,72.04,12.4,6,5.6,0,49.715,1.970000000000006,2.1754385964912286,1,51.46,27.58185708033453,76.62298987492555,2
86.97,60.86,55.88,82.56,56.48,98.6,95.89,9.4,9,4.4,1,58.370000000000005,-4.979999999999997,2.088888888888889,0,75.045,19.793928109397587,86.28837530182821,1
75.2,55.59,72.31,90.42,61.4,92.6,67.69,8.8,9,8.4,1,63.95,16.72,1.035294117647059,0,73.335,15.187385225903764,97.51994680851062,1
51.9,49.72,94.18,57.88,86.47,56.900000000000006,94.92,12.0,9,8.3,0,71.95,44.46000000000001,1.4285714285714286,1,73.345,20.68617098450073,141.3198458574181,1
54.75,41.53,48.7,59.61,97.45,21.7,99.6,23.8,2,7.1,0,45.115,7.170000000000002,3.305555555555556,2,61.43166666666667,31.28653858557489,112.2039573820396,2
80.41,89.47,71.87,60.12,86.87,57.1,60.7,20.3,4,7.2,1,80.67,-17.599999999999994,2.780821917808219,0,71.02166666666668,14.22270215770079,88.32442067736187,1
83.12,80.07,94.32,84.3,52.18,78.0,96.22,5.0,10,7.6,1,87.195,14.25,0.6493506493506495,0,80.84833333333334,15.876272127507344,97.26700352903434,0
68.4,65.33,75.88,60.67,67.69,47.1,96.2,22.7,9,4.7,1,70.60499999999999,10.549999999999995,4.729166666666667,0,68.81166666666667,16.43864643657338,100.60185185185183,1
70.27,86.57,95.07,73.62,73.91,30.8,89.89,13.9,3,8.8,1,90.82,8.5,1.5617977528089888,0,74.97666666666666,23.302837309363564,106.69797447938902,0
58.89,42.81,83.62,87.39,73.18,76.5,65.97,7.1,8,8.5,0,63.215,40.81,0.8255813953488372,1,71.57833333333333,16.00543084914201,121.54581989019076,1
58.54,59.27,59.95,64.28,58.74,85.8,61.87,11.7,10,6.6,0,59.61,0.6799999999999997,1.746268656716418,0,64.985,10.396893285977304,111.00956610864364,2
96.56,88.56,51.53,66.71,70.13,10.6,67.64,8.5,6,4.5,1,70.045,-37.03,1.847826086956522,0,59.195,26.57027267455116,61.30385252692626,2
55.89,99.21,51.97,92.42,57.59,19.0,77.9,23.0,10,6.2,1,75.59,-47.24,3.6507936507936503,0,66.34833333333334,29.726659695745614,118.71235164310852,1
79.39,75.11,98.03,56.8,96.46,15.0,68.3,27.9,10,7.7,1,86.57,22.92,3.5769230769230766,0,68.28333333333333,30.647586963196087,86.00999286224125,1
62.64,50.14,41.32,59.18,97.77,42.2,74.6,6.4,5,6.6,1,45.73,-8.82,0.9552238805970152,1,60.86833333333334,21.903804616245704,97.17166879523204,2
61.66,74.5,70.15,71.63,96.9,58.3,57.52,21.7,2,6.5,1,72.325,-4.349999999999994,3.287878787878788,0,71.5,14.322568205458127,115.95848199805386,2
90.97,59.3,92.65,74.81,86.74,81.8,80.31,13.7,9,6.4,1,75.975,33.35000000000001,2.107692307692308,0,79.26833333333333,11.497828345677574,87.1367850207028,0
71.63,71.92,57.06,60.43,55.12,82.30000000000001,82.26,23.2,3,8.5,1,64.49000000000001,-14.86,2.697674418604651,0,68.18166666666667,12.376500986412385,95.18590906975663,2
52.61,69.23,71.16,52.15,64.49,11.9,90.57,26.5,5,5.5,1,70.195,1.9299999999999928,4.732142857142858,0,59.91666666666666,26.606819927730307,113.88836089463344,1
55.37,54.12,64.53,61.82,71.49,92.6,52.31,9.1,2,5.0,1,59.325,10.410000000000004,1.7843137254901962,0,66.145,14.73606290703185,119.4599963879357,2
96.88,84.75,54.22,91.88,52.83,41.900000000000006,80.92,5.4,1,5.6,0,69.485,-30.53,0.9473684210526316,0,67.75000000000001,20.584438782730995,69.93187448389762,1
67.95,87.24,41.69,71.55,95.87,8.299999999999999,93.28,19.0,6,6.6,1,64.465,-45.55,2.8358208955223883,1,66.32166666666667,34.75054153055268,97.60363012018642,1
52.16,49.91,99.14,78.06,53.27,85.8,88.72,22.1,10,4.9,0,74.525,49.23,4.42,1,75.81666666666666,19.97338696031964,145.35403885480574,0
92.03,77.07,58.24,79.53,89.9,18.8,67.69,26.8,1,6.6,1,67.655,-18.82999999999999,4.000000000000001,0,65.205,25.155267241673265,70.85189612083016,2
78.05,46.92,56.7,62.19,94.28,54.2,54.78,13.1,7,8.1,0,51.81,9.78,1.5975609756097562,1,61.51166666666668,16.78730760624427,78.81059150117447,2
72.56,50.17,72.79,67.25,65.7,65.6,80.03,17.5,5,7.0,1,61.48,22.620000000000005,2.4647887323943665,0,66.92333333333333,9.90182946059296,92.23171628077912,2
77.1,62.81,97.94,57.42,54.34,9.1,68.7,6.2,3,5.7,1,80.375,35.129999999999995,1.0689655172413794,0,58.385,28.764152516630837,75.72632944228276,2
70.19,46.63,93.84,61.26,81.26,0.1,79.13,28.8,1,6.1,0,70.235,47.21,4.645161290322581,1,60.370000000000005,33.85446263050117,86.00940304886737,1
98.2,41.32,53.5,80.97,57.56,60.0,84.84,27.9,7,4.0,1,47.41,12.18,6.804878048780488,1,63.03166666666667,16.72582723415098,64.18703326544468,2
54.16,98.96,70.22,76.17,78.62,87.30000000000001,96.23,15.0,9,6.5,0,84.59,-28.739999999999995,2.272727272727273,0,84.58333333333334,11.509687513858344,156.17306745445595,0
76.8,81.19,68.79,91.96,55.21,77.0,86.93,21.5,8,7.7,0,74.99000000000001,-12.399999999999991,2.7564102564102564,0,76.84666666666666,13.281790040000882,100.06076388888889,1
56.13,95.49,47.66,57.3,66.84,33.4,85.63,16.8,9,8.5,1,71.57499999999999,-47.83,1.9534883720930236,1,64.38666666666666,23.30189319919449,114.70989963774568,2
82.61,80.79,76.98,94.26,54.01,94.5,68.33,12.4,10,5.0,1,78.885,-3.8100000000000014,2.431372549019608,0,78.145,15.58438288800683,94.59508534075778,1
96.0,46.08,84.35,57.9,79.57,93.3,61.41,15.6,9,8.0,0,65.215,38.27,1.925925925925926,1,70.435,18.0644764662583,73.36979166666667,2
87.89,64.3,64.97,69.67,63.73,25.1,95.95,11.6,1,6.0,0,64.63499999999999,0.6700000000000017,1.9016393442622952,0,63.95333333333334,22.65944453570446,72.76519892289605,1
65.83,84.44,42.24,69.65,66.92,6.4,96.55,22.7,10,8.3,0,63.34,-42.2,2.702380952380952,1,61.03333333333333,32.42281891919126,92.71355511671476,2
81.56,49.57,68.16,77.0,58.83,66.8,52.67,14.9,2,5.2,1,58.865,18.59,2.811320754716981,1,62.171666666666674,10.367366910969563,76.22813470655551,2
86.07,94.19,40.65,94.7,73.99,51.1,73.25,13.3,8,8.7,1,67.42,-53.54,1.511363636363637,1,71.31333333333335,22.04546272289757,82.85504047093454,1
88.74,58.07,69.92,82.3,51.41,79.2,56.62,20.3,10,5.1,0,63.995000000000005,11.85,3.903846153846154,0,66.25333333333334,12.795692504380789,74.66005559311849,2
61.94,75.73,64.74,61.2,71.19,37.2,93.1,21.5,5,5.8,1,70.235,-10.990000000000007,3.64406779661017,0,67.19333333333333,18.44745149517045,108.48132601442256,1
50.45,97.71,65.54,86.14,55.24,73.2,70.8,28.2,8,4.4,1,81.625,-32.16999999999999,6.266666666666667,0,74.77166666666666,15.10205339239226,148.2094482986455,1
61.33,89.5,80.21,75.39,54.29,34.7,72.76,25.3,4,6.4,0,84.85499999999999,-9.290000000000006,3.892307692307692,0,67.80833333333332,19.926050704207963,110.56307408011304,1
86.43,47.33,65.56,52.45,51.49,2.6,58.9,21.8,10,8.7,1,56.445,18.230000000000004,2.4772727272727275,1,46.38833333333333,22.38379004249876,53.67156465733348,2
78.59,55.18,98.65,70.06,57.78,31.7,56.53,24.9,1,4.7,0,76.915,43.470000000000006,5.1875,0,61.65,21.99901270511929,78.44509479577553,2
92.68,69.84,57.12,98.08,94.04,46.900000000000006,90.2,29.8,5,8.4,0,63.48,-12.720000000000006,3.5058823529411764,0,76.03,21.240586620901038,82.03495899870522,1
90.41,76.38,68.45,61.44,50.65,2.9,87.48,5.3,9,5.9,1,72.41499999999999,-7.929999999999993,0.8833333333333333,0,57.883333333333326,29.725012139049948,64.02315378092393,2
98.3,65.64,58.35,89.1,59.95,59.5,78.95,24.7,4,5.3,1,61.995000000000005,-7.289999999999999,4.574074074074074,0,68.58166666666666,12.639834518958969,69.76771787046457,1
90.33,93.29,88.42,87.06,65.22,64.0,66.23,29.9,2,5.3,1,90.855,-4.8700000000000045,5.537037037037037,0,77.37,13.564099675245682,85.65260710727334,1
81.04,94.25,73.84,90.74,66.14,0.4,80.45,19.6,7,5.8,1,84.045,-20.41,3.322033898305085,0,67.63666666666666,34.5476648511396,83.4608423823626,1
64.13,48.75,59.19,54.51,92.63,96.8,87.18,23.9,4,4.3,1,53.97,10.439999999999998,5.431818181818183,1,73.17666666666666,21.322855030850505,114.10676230573314,1
86.93,60.34,99.06,76.38,64.18,62.6,53.69,23.7,3,7.0,1,79.7,38.72,3.3380281690140845,0,69.37500000000001,16.31446198929036,79.80559070516509,1
97.07,98.68,56.26,99.6,50.71,65.3,58.61,18.3,10,5.3,0,77.47,-42.42000000000001,3.3888888888888893,0,71.52666666666667,21.897177595906435,73.68565639916213,2
81.82,51.35,64.0,99.0,50.0,92.4,62.94,13.2,3,4.7,0,57.675,12.65,2.75,0,69.94833333333334,20.863413351287143,85.49050761834924,2
64.6,50.74,66.06,63.79,52.35,78.4,89.45,5.7,5,6.6,1,58.400000000000006,15.32,0.8507462686567165,0,66.79833333333333,14.992773481469888,103.4029927760578,2
80.66,72.34,79.7,52.5,94.39,62.5,89.35,16.6,1,5.3,0,76.02000000000001,7.359999999999999,3.074074074074075,0,75.13,15.959065135527206,93.14406149268534,1
72.96,77.82,60.34,71.14,74.53,74.0,61.54,13.4,4,6.8,0,69.08,-17.47999999999999,1.9420289855072463,0,69.89500000000001,7.263524626515695,95.79906798245617,2
75.91,97.72,91.67,54.56,57.23,52.7,56.94,27.8,4,7.1,1,94.695,-6.049999999999997,3.861111111111112,0,68.47,20.47076940420169,90.19891977341588,1
59.65,63.79,65.99,56.24,67.7,16.200000000000003,59.05,26.7,10,6.0,1,64.89,2.199999999999996,4.377049180327869,0,54.82833333333334,19.403801088102984,91.91673651858062,2
71.37,58.46,67.77,52.84,58.65,2.1,81.23,11.9,5,6.7,0,63.115,9.309999999999995,1.75,0,53.50833333333333,27.07805415214813,74.9731446452758,2
72.56,70.71,57.71,88.23,52.33,78.1,82.61,22.5,7,8.2,1,64.21,-12.999999999999991,2.7108433734939763,0,71.615,14.178030540240773,98.6976295479603,1
52.14,83.59,57.6,91.77,54.78,15.0,98.88,26.3,9,7.9,1,70.595,-25.99,3.2875,0,66.93666666666667,31.134481634783427,128.3787239483442,1
75.01,69.67,82.97,74.75,51.01,55.8,70.01,20.8,1,6.1,0,76.32,13.299999999999995,3.35483870967742,0,67.36833333333333,11.929781920331433,89.81246944851796,1
89.16,82.92,56.59,89.1,78.91,17.4,95.28,11.6,4,5.2,0,69.755,-26.33,2.188679245283019,0,70.03333333333332,28.971656263780755,78.5479288171078,1
79.93,43.09,59.61,81.27,97.01,86.4,50.98,7.2,4,8.2,0,51.35,16.519999999999996,0.8674698795180724,1,69.72666666666667,21.53566963590097,87.23466366403936,2
72.45,82.28,64.59,84.99,70.81,10.8,92.12,18.9,8,7.8,1,73.435,-17.689999999999998,2.392405063291139,0,67.59833333333334,29.545724168932917,93.30342765125374,1
83.57,94.16,67.16,62.82,80.56,33.2,52.82,20.0,8,8.5,0,80.66,-27.0,2.3255813953488373,0,65.11999999999999,21.26660856836369,77.92269953332536,2
69.83,83.57,69.67,87.94,69.44,58.2,86.07,15.2,5,6.2,0,76.62,-13.899999999999991,2.412698412698413,0,75.815,11.840697192310929,108.57081483603037,1
76.92,72.32,88.29,95.4,95.22,2.2,75.22,16.8,10,4.1,0,80.305,15.970000000000011,4.000000000000001,0,71.44166666666666,35.30646649930671,92.87788178193794,1
58.86,59.94,91.34,66.78,71.68,12.8,76.7,22.5,9,4.9,0,75.64,31.40000000000001,4.5,0,63.20666666666667,26.868657329064035,107.3847547853664,1
67.14,54.71,91.16,53.99,74.05,47.1,97.58,15.4,2,4.8,0,72.935,36.45,3.1428571428571432,0,69.765,21.161225626130445,103.90974084003577,1
90.51,94.03,65.39,54.39,78.64,51.900000000000006,75.79,25.5,5,8.5,0,79.71000000000001,-28.64,2.9651162790697674,0,70.02333333333334,15.988405382234548,77.36530033513793,1
62.53,48.21,60.9,74.59,85.57,36.5,89.1,9.4,6,8.9,0,54.555,12.689999999999998,1.0444444444444445,1,65.81166666666667,20.99006566608753,105.24814755583986,1
57.5,97.17,96.89,66.08,65.38,74.6,64.93,23.8,6,8.4,0,97.03,-0.2800000000000011,2.8000000000000003,0,77.50833333333334,15.534518230916165,134.79710144927537,1
62.29,79.76,49.0,85.68,75.14,85.3,94.93,19.7,9,4.9,1,64.38,-30.760000000000005,3.94,1,78.30166666666666,15.815362678948173,125.7050355862364,1
50.48,96.26,63.43,86.22,81.07,21.0,74.52,22.0,3,5.6,0,79.845,-32.830000000000005,3.859649122807018,0,70.41666666666667,26.603663406881893,139.49418911780245,1
98.06,87.99,63.07,58.17,71.23,72.30000000000001,64.95,22.1,4,8.0,0,75.53,-24.919999999999995,2.728395061728395,0,69.61833333333334,10.421566900743215,70.99564892242844,2
51.9,87.8,93.07,63.38,83.8,29.6,61.92,27.7,7,8.5,1,90.435,5.269999999999996,3.2209302325581395,0,69.92833333333334,23.58281104250862,134.73667308927426,1
60.02,61.14,86.27,99.1,77.93,97.2,67.91,5.6,10,8.1,0,73.705,25.129999999999995,0.6829268292682927,0,81.59166666666665,15.433179084902326,135.94079751194042,1
70.55,80.29,94.43,73.06,77.96,64.4,75.47,7.5,9,8.1,1,87.36000000000001,14.14,0.9146341463414634,0,77.60166666666667,9.899526082932791,109.99527521852114,0
82.6,43.9,43.34,66.98,87.99,93.0,88.15,20.8,5,7.8,1,43.620000000000005,-0.5599999999999952,2.632911392405064,2,70.56,22.72121035508452,85.42372881355934,2
50.3,79.1,75.64,74.26,70.07,42.6,89.14,22.0,5,8.7,1,77.37,-3.4599999999999937,2.5000000000000004,0,71.80166666666666,15.68690972329052,142.74685222001324,1
77.24,58.0,53.77,81.33,64.12,8.8,68.52,22.4,5,4.6,1,55.885000000000005,-4.229999999999997,4.765957446808511,0,55.75666666666667,24.902816440448387,72.1862592784395,2
62.43,62.31,80.6,82.31,62.1,99.6,90.25,20.3,5,6.3,0,71.455,18.289999999999992,3.1718750000000004,0,79.52833333333332,15.012860375913268,127.38800790218376,0
78.53,49.7,79.22,85.8,51.4,59.6,93.14,26.0,1,6.7,0,64.46000000000001,29.52,3.823529411764706,1,69.81,18.63384769713437,88.89596332611741,1
51.03,70.24,62.48,64.54,61.69,92.9,55.77,12.0,4,6.7,0,66.36,-7.759999999999998,1.7647058823529411,0,67.93666666666667,13.090718340361107,133.13083806910967,2
82.14,92.39,90.67,52.73,70.72,57.5,94.4,12.4,7,8.6,0,91.53,-1.7199999999999989,1.4252873563218391,0,76.40166666666666,18.61748792578276,93.01395990585178,0
96.54,86.06,97.55,52.38,85.12,11.7,80.04,12.7,7,6.3,1,91.805,11.489999999999997,1.984375,0,68.80833333333334,31.77161023093835,71.27442856156343,1
64.84,57.22,84.85,75.5,95.2,79.0,82.41,8.4,4,6.6,1,71.035,27.629999999999995,1.2537313432835824,0,79.02999999999999,12.608755688012993,121.88463911165944,1
93.04,47.74,96.11,54.39,55.1,83.10000000000001,81.02,16.2,4,8.6,0,71.925,48.37,1.862068965517241,1,69.57666666666667,19.67179164861876,74.78145600458583,1
94.25,57.64,86.6,78.96,73.43,75.9,63.2,7.8,7,8.4,1,72.12,28.959999999999997,0.9176470588235294,0,72.62166666666666,10.584774757483816,77.05216622458,1
51.11,55.63,99.97,62.59,54.18,6.3,65.65,14.2,4,7.7,1,77.8,44.34,1.8205128205128205,0,57.38666666666668,30.10619116837377,112.280701754386,2
78.74,90.99,88.81,94.85,70.65,88.9,94.37,16.0,4,6.9,0,89.9,-2.1799999999999926,2.2857142857142856,0,88.09499999999998,8.931673415435652,111.88087376174752,0
92.65,51.82,57.47,66.12,79.14,7.9,70.63,28.9,6,5.6,0,54.645,5.649999999999999,5.0701754385964914,0,55.51333333333333,25.23383892051835,59.91725130419139,2
68.0,92.17,63.16,59.86,57.83,66.5,96.89,8.9,4,7.9,1,77.66499999999999,-29.010000000000005,1.1125,0,72.735,17.20269600963756,106.96323529411764,1
51.75,73.8,69.14,67.11,57.51,49.6,81.24,24.7,8,8.2,0,71.47,-4.659999999999997,2.9759036144578315,0,66.4,11.351382294681118,128.30917874396138,1
78.15,91.17,49.84,98.08,77.02,87.2,51.31,17.0,7,7.9,1,70.505,-41.33,2.125,1,75.77,20.677330582064982,96.9545745361484,2
91.29,73.6,73.41,67.4,71.48,50.4,54.4,6.0,10,7.4,0,73.505,-0.1899999999999977,0.8,0,65.115,10.177221133492187,71.32763720013143,2
67.79,64.8,82.59,66.17,81.14,65.3,60.92,19.7,5,7.4,0,73.695,17.790000000000006,2.6266666666666665,0,70.15333333333334,9.259718498241009,103.48625657668288,2
99.37,77.6,70.74,56.59,98.25,76.5,86.21,11.0,2,6.1,0,74.16999999999999,-6.859999999999999,1.774193548387097,0,77.64833333333333,14.07288373669969,78.14061923451074,1
71.64,41.65,80.5,92.66,95.81,50.9,56.79,5.1,5,6.9,1,61.075,38.85,0.7285714285714285,1,69.71833333333333,22.945336272686585,97.31760655127488,2
92.53,65.8,59.47,72.93,67.84,14.9,71.71,12.4,7,5.6,0,62.635,-6.329999999999998,2.1754385964912286,0,58.774999999999984,22.021361220415056,63.519939479087846,2
66.44,93.81,55.03,52.94,94.46,37.3,74.5,9.0,9,4.8,1,74.42,-38.78,1.8367346938775515,0,68.00666666666667,23.4352381397473,102.35801725867952,2
73.8,83.97,66.67,93.2,63.45,12.3,86.85,15.2,5,6.3,0,75.32,-17.299999999999997,2.375,0,67.74,29.563352989808177,91.78861788617886,1
53.03,51.18,87.93,55.47,75.09,18.700000000000003,66.59,25.7,4,7.6,0,69.555,36.75000000000001,3.337662337662338,0,59.16,23.87882241652633,111.55949462568358,2
77.01,91.39,58.53,68.02,84.15,29.700000000000003,59.63,20.8,5,8.0,0,74.96000000000001,-32.86,2.567901234567901,0,65.23666666666666,21.85738654703866,84.71194217201229,2
71.37,83.07,87.02,65.35,64.48,53.6,72.31,27.8,2,5.8,1,85.04499999999999,3.950000000000003,4.711864406779662,0,70.97166666666666,12.49983586558906,99.44187567138388,1
60.39,60.71,46.84,87.74,88.55,74.4,94.63,25.4,3,6.8,0,53.775000000000006,-13.869999999999996,3.681159420289855,1,75.47833333333334,18.58722078920532,124.98482088646024,1
57.43,42.21,77.56,96.93,87.29,45.3,76.64,6.2,10,4.7,0,59.885000000000005,35.35,1.2916666666666667,1,70.98833333333333,22.36928914084368,123.608450867723,1
80.48,71.29,49.51,61.38,93.7,66.3,90.37,27.1,1,4.4,1,60.400000000000006,-21.78000000000001,6.022222222222222,1,72.09166666666667,17.087276455499477,89.57712060967528,1
73.85,50.57,70.07,88.82,77.43,1.0,70.11,19.6,6,8.6,1,60.31999999999999,19.499999999999996,2.252873563218391,0,59.66666666666666,31.328174327060086,80.79440306928458,2
66.79,58.93,70.04,51.44,77.27,18.6,72.83,16.8,1,5.4,1,64.485,11.110000000000008,3.0545454545454547,0,58.185,21.59757648441139,87.11633478065579,2
51.01,70.67,73.69,68.01,80.46,66.8,69.73,24.1,5,5.2,0,72.18,3.019999999999996,4.547169811320755,0,71.56,4.9628217779807455,140.28621838855128,1
53.06,99.12,82.45,70.24,93.62,44.2,66.32,22.3,3,5.3,1,90.785,-16.67,4.12962962962963,0,75.99166666666666,20.12322480783502,143.21836914185195,1
61.27,56.3,99.52,66.56,86.78,88.10000000000001,88.59,14.9,10,5.1,1,77.91,43.22,2.865384615384616,0,80.97500000000001,16.143213744480992,132.16092704423048,0
54.24,96.09,67.15,94.47,54.42,99.5,85.26,29.8,8,5.4,1,81.62,-28.94,5.418181818181818,0,82.81500000000001,18.15544078231096,152.68252212389382,0
76.8,84.75,78.39,67.33,92.85,74.7,51.9,6.0,10,7.4,0,81.57,-6.359999999999999,0.8,0,74.98666666666665,14.266779127282604,97.63888888888889,1
81.27,91.28,60.05,70.75,59.85,25.7,65.14,9.4,3,4.8,1,75.66499999999999,-31.230000000000004,1.918367346938776,0,62.12833333333333,21.306133780361623,76.44682334604815,2
93.96,64.94,64.76,94.82,51.85,24.2,99.89,28.1,1,6.3,1,64.85,-0.1799999999999926,4.390625000000001,0,66.74333333333333,28.0211810362566,71.03377323683836,1
59.19,68.91,43.99,69.24,95.63,74.6,99.78,23.3,7,5.7,1,56.45,-24.919999999999995,4.017241379310345,1,75.35833333333333,20.351514358068457,127.31598806104635,1
57.46,47.28,51.52,57.06,88.44,72.30000000000001,51.13,19.9,1,6.4,0,49.400000000000006,4.240000000000002,3.0615384615384613,1,61.28833333333333,15.944868035410847,106.66260587075068,2
97.11,89.45,46.05,70.61,81.49,57.5,71.79,15.0,6,7.6,0,67.75,-43.400000000000006,1.9480519480519485,1,69.48166666666667,15.761594356747882,71.5494456458312,2
52.64,93.73,53.24,90.77,65.29,41.3,65.62,26.0,9,7.3,1,73.485,-40.49,3.5135135135135136,0,68.325,20.60887260380829,129.79673252279636,2
90.85,98.89,40.1,71.27,59.34,44.5,95.73,14.5,3,7.1,1,69.495,-58.79,2.0138888888888893,1,68.305,25.055679396097005,75.18436984039627,1
80.95,77.43,68.01,62.61,89.57,16.200000000000003,80.95,12.8,6,7.6,0,72.72,-9.420000000000002,1.662337662337663,0,65.795,26.09602402665969,81.27856701667696,1
75.93,92.21,83.09,84.12,88.8,39.7,86.3,24.1,2,5.8,0,87.65,-9.11999999999999,4.084745762711865,0,79.03666666666668,19.55125844202021,104.09148777382676,0
67.91,54.06,48.89,78.4,81.69,92.1,88.09,21.4,3,8.3,0,51.475,-5.170000000000002,2.5476190476190474,1,73.87166666666667,18.07014711247993,108.77877583075642,1
95.71,67.41,74.88,54.01,61.18,13.9,60.83,23.4,3,4.7,1,71.145,7.469999999999999,4.875,0,55.36833333333332,21.497813299651355,57.850102740918736,2
88.74,94.72,87.1,58.75,68.08,1.7000000000000002,72.2,7.7,3,8.3,1,90.91,-7.620000000000003,0.9166666666666666,0,63.758333333333326,33.07481483949179,71.84847118924198,1
56.4,99.81,97.2,50.62,58.48,41.1,52.15,19.5,4,5.4,0,98.505,-2.6099999999999994,3.5454545454545454,0,66.56,25.37558590456583,118.01418439716312,1
91.57,42.03,43.62,78.85,65.8,71.7,92.58,27.4,8,8.0,0,42.825,1.5899999999999963,3.382716049382716,2,65.76333333333334,19.89591984972463,71.81755305594992,2
61.83,59.59,63.16,74.38,77.78,23.8,94.92,27.6,4,5.2,1,61.375,3.569999999999993,5.207547169811321,0,65.605,23.97672517255015,106.10545042859457,1
90.75,59.08,96.08,78.02,93.53,79.80000000000001,86.32,12.7,10,8.2,0,77.58,37.0,1.530120481927711,0,82.13833333333334,13.384630613754966,90.5105601469238,0
88.1,44.67,52.78,62.95,60.08,49.900000000000006,63.54,26.4,7,6.2,1,48.725,8.11,4.190476190476191,1,55.653333333333336,7.707486403923568,63.17063942489596,2
87.03,74.68,75.44,52.97,84.1,68.4,85.36,14.4,6,7.0,0,75.06,0.7599999999999909,2.028169014084507,0,73.49166666666667,11.879950196304137,84.44406143475432,1
85.42,69.43,83.37,63.29,57.93,29.2,73.03,15.7,10,6.5,1,76.4,13.939999999999998,2.378787878787879,0,62.708333333333336,18.57202887857616,73.41176929680793,2
71.68,62.69,45.77,97.73,54.85,48.0,64.08,14.2,8,7.9,1,54.23,-16.919999999999995,1.775,1,62.18666666666667,18.930196688536192,86.75595238095237,2
91.0,56.35,66.8,89.25,90.41,99.4,69.05,27.2,4,4.6,1,61.575,10.449999999999996,5.787234042553192,0,78.54333333333334,16.79895433253709,86.31135531135531,1
53.78,45.43,67.15,92.16,93.61,24.4,60.86,11.9,9,6.1,1,56.290000000000006,21.72000000000001,1.9193548387096775,1,63.935,26.84212864137269,118.88248419486796,2
71.75,72.3,70.56,96.68,92.56,50.2,95.01,5.0,10,6.4,0,71.43,-1.7399999999999949,0.7692307692307693,0,79.55166666666666,18.42017200426388,110.87340301974449,0
60.67,48.42,62.72,83.03,52.81,46.0,63.23,7.5,7,5.9,1,55.57,14.299999999999995,1.25,1,59.36833333333334,13.620651110232089,97.85451348826987,2
75.49,94.88,97.1,73.97,69.42,67.9,80.83,28.4,7,5.8,1,95.99,2.219999999999999,4.813559322033899,0,80.68333333333332,12.699755378221528,106.8794983883075,0
77.59,68.18,61.62,88.8,67.44,94.3,74.22,11.6,1,5.4,1,64.9,-6.560000000000009,2.109090909090909,0,75.76,12.982782444453116,97.6414486402887,1
96.75,95.6,96.04,91.11,95.48,11.1,83.91,28.2,7,9.0,1,95.82,0.4400000000000119,3.098901098901099,0,78.87333333333333,33.52189115588001,81.52282515073213,0
83.49,60.95,78.08,62.07,97.15,43.2,81.39,8.1,7,5.7,0,69.515,17.129999999999995,1.396551724137931,0,70.47333333333333,18.94108831790472,84.40931049626701,1
62.57,58.18,42.62,56.41,71.89,22.0,85.15,27.2,9,7.3,0,50.4,-15.560000000000002,3.675675675675676,1,56.04166666666666,22.10044833632718,89.56635235203238,2
98.27,65.17,55.31,60.41,93.76,73.89999999999999,69.98,6.3,8,8.0,1,60.24,-9.86,0.7777777777777778,0,69.755,13.494302130899548,70.9830060038669,2
92.56,72.22,64.64,87.2,69.27,48.9,91.06,13.9,2,7.8,1,68.43,-7.579999999999998,1.7594936708860762,0,72.21499999999999,15.42288656510188,78.0196629213483,1
54.66,66.29,97.66,72.64,94.21,50.4,87.91,5.1,5,8.5,1,81.975,31.36999999999999,0.5930232558139534,0,78.18499999999999,18.30243781576651,143.03878521770946,0
80.81,53.13,42.36,85.97,67.93,96.0,79.47,8.3,3,5.1,1,47.745000000000005,-10.770000000000003,1.5961538461538465,1,70.81,20.345203857420547,87.62529389926989,2
59.45,60.24,58.44,59.13,51.02,30.2,72.52,17.4,4,7.7,1,59.34,-1.8000000000000045,2.230769230769231,0,55.25833333333333,14.098074218369922,92.94925707877768,2
78.06,54.33,55.99,96.29,69.64,93.3,78.63,13.1,4,7.1,1,55.16,1.6600000000000037,1.8194444444444449,0,74.69666666666667,17.989649987330676,95.69134853531472,1
70.96,99.61,73.35,65.2,91.13,0.5,82.31,21.4,6,8.3,0,86.47999999999999,-26.260000000000005,2.5476190476190474,0,68.68333333333332,35.577734422903696,96.79161969184516,1
95.43,52.73,77.12,64.59,84.12,9.7,88.1,5.3,4,7.9,1,64.925,24.390000000000008,0.6625,0,62.72666666666667,29.06503581051754,65.7305529358343,1
70.65,89.97,80.29,84.86,87.18,6.7,90.19,18.6,9,6.8,0,85.13,-9.679999999999993,2.695652173913044,0,73.19833333333334,32.78355405789108,103.6069827789573,0
53.99,91.65,66.55,91.48,55.74,24.3,61.98,29.5,2,7.8,0,79.1,-25.10000000000001,3.7341772151898738,0,65.28333333333335,25.158265970981915,120.9174538494783,2
99.78,76.76,83.01,81.61,95.71,74.6,63.22,27.3,8,5.4,0,79.885,6.25,4.963636363636364,0,79.15166666666666,10.727201716508674,79.3261842720652,1
73.19,86.14,65.51,75.36,77.9,96.1,67.94,13.8,7,6.1,1,75.825,-20.629999999999995,2.2258064516129035,0,78.15833333333333,11.470854225674154,106.78826797832126,1
82.46,93.22,82.38,57.65,99.25,72.4,67.42,5.7,2,4.2,0,87.8,-10.840000000000003,1.3255813953488371,0,78.72,15.853730160438582,95.46446762066458,1
61.39,47.88,40.72,57.45,65.57,88.3,98.12,25.1,4,6.3,1,44.3,-7.160000000000004,3.921875,2,66.34,22.667117152386187,108.06320247597328,2
70.12,61.66,46.31,75.22,67.43,59.7,87.23,15.6,5,4.2,0,53.985,-15.349999999999994,3.6279069767441854,1,66.25833333333334,14.025601472545365,94.49277429169044,2
91.55,85.32,67.36,98.7,54.65,42.5,69.22,6.4,8,7.8,0,76.34,-17.959999999999994,0.8101265822784811,0,69.625,20.28299361534189,76.05133806663027,1
84.15,66.6,78.24,70.05,98.38,43.4,64.34,15.2,7,8.3,1,72.41999999999999,11.64,1.809523809523809,0,70.16833333333334,18.02392900193148,83.38482867894632,1
55.68,93.04,42.22,56.12,64.21,61.8,98.6,27.0,5,5.0,1,67.63,-50.82000000000001,5.294117647058824,1,69.33166666666666,21.960275423287992,124.51807950191572,1
93.81,55.12,57.3,70.75,89.11,95.7,51.57,22.0,2,8.6,0,56.21,2.18,2.528735632183908,0,69.925,18.700695976353398,74.53896173115872,2
64.57,62.47,95.59,85.52,71.98,92.0,54.19,21.0,1,5.1,0,79.03,33.120000000000005,4.038461538461539,0,76.95833333333333,16.731918499283537,119.18589644313666,1
88.67,61.02,48.79,70.54,51.76,70.8,78.53,8.5,3,6.7,1,54.905,-12.230000000000004,1.25,1,63.57333333333335,11.73952582801651,71.6965527611744,2
91.51,64.67,78.87,97.64,66.08,41.6,88.61,23.5,6,7.3,1,71.77000000000001,14.200000000000005,3.175675675675676,0,72.91166666666668,19.94215175618385,79.67617382435436,1
53.12,98.61,51.79,91.9,71.1,98.6,92.9,6.1,7,7.7,0,75.2,-46.82,0.782051282051282,0,84.14999999999999,18.825467856072,158.4149096385542,0
91.45,66.26,89.08,54.06,61.0,3.6,74.75,15.2,9,8.3,1,77.67,22.819999999999997,1.809523809523809,0,58.125,29.320799272871128,63.559322033898304,2
53.1,47.12,92.43,63.29,82.32,23.2,81.67,13.3,2,6.3,1,69.775,45.31000000000001,2.0781250000000004,1,65.005,26.0773255914022,122.41996233521655,1
95.45,73.12,84.57,96.29,65.71,12.1,83.6,8.6,1,7.0,1,78.845,11.449999999999989,1.2112676056338028,0,69.23166666666667,29.88449592458716,72.53186659682207,1
53.91,43.41,73.14,77.96,63.0,5.699999999999999,86.16,7.4,5,6.5,0,58.275,29.730000000000004,1.121212121212121,1,58.22833333333333,29.642712707622877,108.01026402028072,2
63.86,78.56,83.5,94.54,95.04,64.7,55.12,17.9,3,4.9,1,81.03,4.939999999999998,3.58,0,78.57666666666667,16.080335402803847,123.04520304833493,1
70.45,47.95,67.99,57.71,81.12,68.4,77.49,16.0,5,8.6,0,57.97,20.039999999999992,1.8390804597701151,1,66.77666666666667,12.339059391487936,94.78590016560209,2
94.09,75.67,49.11,50.74,87.94,81.7,90.02,26.0,5,7.4,0,62.39,-26.56,3.466666666666667,1,72.53,18.224254168552413,77.08576894462747,1
76.28,71.54,88.23,83.75,75.63,99.6,93.47,6.0,1,8.5,0,79.885,16.689999999999998,0.6976744186046512,0,85.37,10.630554077751542,111.9166229680126,0
78.27,46.99,54.69,70.35,97.13,45.6,89.33,25.4,3,6.8,0,50.84,7.699999999999996,3.681159420289855,1,67.34833333333333,22.031053008575565,86.04616498445552,1
61.87,45.37,94.95,57.91,65.74,55.9,98.22,22.1,8,5.3,1,70.16,49.580000000000005,4.0925925925925934,1,69.68166666666666,21.854178013978625,112.62593610258068,1
89.49,61.48,56.51,51.43,92.54,74.80000000000001,86.01,17.9,1,8.0,0,58.995,-4.969999999999999,2.2098765432098766,0,70.46166666666666,16.64661096639994,78.73691660148248,2
82.1,68.72,74.71,89.98,78.71,80.39999999999999,88.11,7.8,7,4.2,0,71.715,5.989999999999995,1.8139534883720927,0,80.105,8.029358006715109,97.57003654080393,0
51.84,65.7,65.65,67.16,75.3,63.2,94.03,7.4,8,5.1,1,65.67500000000001,-0.0499999999999971,1.4230769230769234,0,71.83999999999999,11.635595386571328,138.5802469135802,1
88.44,61.16,72.39,58.56,66.87,42.1,80.39,5.2,4,8.4,0,66.775,11.230000000000004,0.611764705882353,0,63.57833333333334,13.141259325752104,71.88866274687172,2
70.36,48.06,72.55,77.54,62.76,11.1,55.58,9.7,8,7.9,1,60.305,24.489999999999995,1.2125,1,54.598333333333336,23.878918247413694,77.59854083759713,2
57.8,52.27,74.19,63.02,88.14,37.7,97.59,17.4,8,7.3,0,63.23,21.919999999999995,2.3513513513513518,0,68.81833333333333,22.38664371152288,119.06286043829296,1
74.59,89.72,92.56,58.33,66.63,26.4,74.59,24.9,3,6.5,1,91.14,2.8400000000000034,3.772727272727273,0,68.03833333333334,24.26650812677149,91.21642758189212,1
71.93,90.19,47.95,50.98,53.23,92.3,61.83,12.6,8,7.0,1,69.07,-42.24,1.7746478873239435,1,66.08,20.04331509506349,91.86709300709022,2
52.9,76.17,88.02,68.86,55.62,75.4,78.75,23.2,10,8.4,0,82.095,11.849999999999994,2.7294117647058824,0,73.80333333333334,10.86097355979963,139.51480781348457,1
80.03,93.73,47.46,69.59,61.08,27.8,58.4,29.2,8,5.5,1,70.595,-46.27,5.214285714285714,1,59.67666666666667,22.031213009425212,74.56787038194011,2
62.03,86.48,62.02,51.32,62.25,0.3,90.92,21.1,2,5.0,1,74.25,-24.46,4.137254901960785,0,58.88166666666667,32.552444096667564,94.92449889838252,2
94.72,99.77,81.72,60.87,77.68,64.5,83.85,14.3,9,4.6,1,90.745,-18.05,3.0425531914893624,0,78.065,14.126271624175995,82.41659628378378,0
91.27,40.39,44.48,53.99,53.52,32.8,63.5,9.5,4,6.9,1,42.435,4.089999999999996,1.3571428571428572,2,48.11333333333334,11.026023157361257,52.71538658193639,2
97.63,54.97,66.79,74.99,56.65,37.6,63.71,5.0,9,8.4,1,60.88,11.820000000000007,0.5882352941176471,0,59.11833333333333,12.792088831252958,60.55345010072041,2
59.61,89.09,69.49,88.33,58.14,15.9,91.33,18.8,2,6.5,0,79.28999999999999,-19.60000000000001,2.8484848484848486,0,68.71333333333332,29.028201919283024,115.27148688698765,1
60.93,72.36,52.55,90.93,95.08,77.8,65.21,6.6,10,7.4,1,62.455,-19.81,0.88,0,75.655,15.931436532842858,124.16707697357624,1
88.67,86.38,77.73,55.63,93.23,24.4,63.12,16.3,6,5.0,0,82.055,-8.649999999999991,3.196078431372549,0,66.74833333333333,25.04971649872841,75.27724521634525,1
77.43,63.75,63.69,72.9,61.6,72.6,98.16,22.7,1,7.9,1,63.72,-0.0600000000000022,2.8375,0,72.11666666666666,13.643405244537254,93.1378879848465,1
88.33,91.92,98.9,59.19,92.26,23.3,51.15,5.2,10,5.0,1,95.41,6.980000000000004,1.019607843137255,0,69.45333333333333,29.87466998423023,78.62938224083928,1
52.56,58.22,95.4,50.97,76.48,27.0,67.67,16.8,10,4.9,1,76.81,37.18000000000001,3.3600000000000003,0,62.623333333333335,23.30663996947365,119.14637239979704,2
69.76,48.32,99.67,70.58,69.02,13.5,87.47,16.0,6,5.1,1,73.995,51.35,3.076923076923077,1,64.75999999999999,30.608277965282525,92.83256880733944,1
81.67,99.43,89.36,77.07,55.01,36.1,57.19,26.2,6,4.8,1,94.395,-10.070000000000007,5.346938775510204,0,69.02666666666667,23.762328729875502,84.51899922452145,1
55.48,82.42,58.38,84.49,95.6,57.2,83.57,26.5,8,7.9,0,70.4,-24.04,3.3125,0,76.94333333333333,15.577718275365829,138.6866137947609,1
70.18,92.05,47.23,60.0,77.38,9.0,94.71,14.0,3,5.0,1,69.64,-44.82,2.7450980392156863,1,63.39499999999999,32.33873142224351,90.33200341977768,1
62.6,88.67,92.52,60.36,95.21,85.19999999999999,84.48,13.0,2,8.9,1,90.595,3.8499999999999934,1.4444444444444444,0,84.40666666666667,12.486722014470676,134.83493077742278,0
85.71,96.5,88.46,78.66,59.05,11.3,93.31,22.3,10,7.5,0,92.48,-8.040000000000006,2.93421052631579,0,71.21333333333334,32.30520928065111,83.08637654104928,0
53.1,72.81,41.56,69.35,87.61,71.3,95.12,24.3,10,5.9,1,57.185,-31.25,4.05,1,72.95833333333333,18.47949286822197,137.3979912115505,1
80.72,68.17,97.25,68.44,74.27,94.3,95.01,22.8,6,7.9,0,82.71000000000001,29.08,2.85,0,82.90666666666667,14.021952312950814,102.70895275850675,0
83.14,65.58,74.66,88.77,57.05,81.4,64.04,10.2,1,5.1,1,70.12,9.079999999999998,1.9615384615384617,0,71.91666666666667,11.871877133236625,86.50068158126855,1
95.71,49.77,63.63,95.46,55.46,92.4,61.78,27.2,10,7.9,1,56.7,13.86,3.4,1,69.75,19.382499322842754,72.87639745063213,2
68.94,88.36,64.88,90.65,57.89,78.1,74.15,17.0,6,5.7,0,76.62,-23.480000000000004,2.931034482758621,0,75.67166666666667,12.854604492813722,109.76452954259744,1
83.88,76.44,99.33,82.38,74.24,28.5,54.18,14.7,8,6.1,0,87.88499999999999,22.89,2.370967741935484,0,69.17833333333333,24.6634794111996,82.47297726911461,1
68.1,42.49,86.69,56.89,89.28,59.8,81.03,13.4,6,7.3,1,64.59,44.2,1.810810810810811,1,69.36333333333334,18.98533925603297,101.85511502692124,1
89.68,68.95,70.8,84.17,71.89,1.7000000000000002,60.94,8.1,5,4.8,0,69.875,1.8499999999999943,1.653061224489796,0,59.74166666666667,29.39958055256344,66.61648825453464,2
74.62,96.4,52.86,78.45,52.19,87.89999999999999,86.93,27.5,3,8.2,0,74.63,-43.540000000000006,3.313253012048193,0,75.78833333333333,18.896265680463607,101.56571071205217,1
87.39,53.42,42.0,64.47,58.65,61.4,94.95,26.9,10,9.0,1,47.71,-11.420000000000002,2.956043956043956,1,62.48166666666666,17.75167757330745,71.49750162108555,2
92.36,99.7,96.86,59.1,97.68,88.69999999999999,69.71,17.4,4,5.0,1,98.28,-2.8400000000000034,3.411764705882353,0,85.29166666666667,16.942878641679126,92.34697560271402,0
60.98,53.55,42.51,74.64,77.79,79.4,72.81,22.9,8,4.8,0,48.03,-11.04,4.673469387755103,1,66.78333333333333,15.117478184759085,109.51678145840164,2
88.74,74.71,66.4,66.06,76.24,25.7,90.2,24.6,10,8.5,0,70.555,-8.309999999999988,2.86046511627907,0,66.55166666666666,21.85767271844527,74.99624370821125,1
69.42,76.18,74.62,62.07,99.38,23.6,55.38,17.7,1,8.8,0,75.4,-1.5600000000000025,1.98876404494382,0,65.205,25.35491411935761,93.92826274848746,2
86.55,71.06,41.14,79.26,71.24,68.5,88.88,11.3,10,6.4,0,56.1,-29.92,1.7384615384615385,1,70.01333333333334,16.00007333316528,80.89351049489699,1
80.14,63.02,54.94,81.2,90.86,73.0,75.64,6.2,8,6.6,0,58.98,-8.080000000000005,0.9253731343283584,0,73.11,12.797504444226618,91.22785126029449,1
90.96,49.85,94.0,67.08,84.41,46.0,71.41,22.3,1,8.3,1,71.925,44.15,2.6547619047619047,1,68.79166666666667,18.80119508612861,75.62848138375844,1
72.59,87.0,65.69,54.74,60.53,24.0,54.23,26.0,2,7.4,1,76.345,-21.31,3.466666666666667,0,57.69833333333335,20.429544700425087,79.48523671763789,2
54.85,84.29,92.05,56.48,78.02,87.8,66.53,23.7,9,8.1,1,88.17,7.759999999999991,2.8902439024390247,0,77.52833333333332,13.611344410698992,141.34609541172895,1
65.82,50.57,85.19,59.82,53.07,27.9,52.54,11.6,8,7.4,0,67.88,34.62,1.5466666666666666,0,54.84833333333333,18.430094320612323,83.3308011749215,2
77.95,75.83,94.21,52.4,63.18,4.2,88.57,10.4,3,5.9,0,85.02,18.379999999999995,1.7333333333333334,0,63.065,32.748450192337344,80.90442591404745,1
84.96,64.33,90.18,64.37,53.03,43.2,94.8,13.5,1,8.1,1,77.255,25.85000000000001,1.6463414634146345,0,68.31833333333333,20.37337028247086,80.41235091023226,1
57.7,77.81,71.63,71.14,53.53,46.3,83.18,14.2,1,5.0,1,74.72,-6.180000000000007,2.784313725490196,0,67.265,14.329930565079511,116.57712305025996,1
91.94,88.73,92.27,94.26,93.26,15.1,63.59,27.9,8,4.4,1,90.5,3.539999999999992,6.199999999999999,0,74.53500000000001,31.330629581928285,81.06917554927128,1
92.12,88.87,75.1,78.93,74.62,56.5,63.39,20.2,5,4.8,1,81.985,-13.77000000000001,4.122448979591837,0,72.90166666666666,11.47693585704245,79.13771891735416,1
61.95,89.93,90.19,98.52,62.35,45.6,71.02,23.2,3,6.9,1,90.06,0.2599999999999909,3.314285714285714,0,76.26833333333333,20.18614516609515,123.11272531611512,0
63.69,85.16,66.11,63.9,55.93,32.5,90.64,24.8,7,5.6,1,75.63499999999999,-19.05,4.350877192982457,0,65.70666666666666,20.98473699303059,103.1663788140472,1
72.06,53.37,45.44,95.65,58.59,21.5,57.09,14.2,7,7.9,1,49.405,-7.93,1.775,1,55.27333333333333,24.02303450163336,76.70459802016838,2
74.07,41.09,49.53,97.18,62.25,39.4,87.98,22.0,9,4.1,0,45.31,8.439999999999998,5.238095238095239,2,62.905,24.540701497715997,84.92642095315243,2
96.61,65.31,82.43,92.9,73.87,76.2,61.24,12.6,9,7.6,1,73.87,17.120000000000005,1.6363636363636365,0,75.325,11.497232275639211,77.96811924231447,1
56.94,60.56,72.79,78.46,75.69,16.1,88.08,24.9,7,7.4,1,66.67500000000001,12.230000000000004,3.32,0,65.28,25.68762892911683,114.64699683877764,1
82.87,64.55,46.54,86.07,90.02,70.1,88.97,8.6,4,8.1,1,55.545,-18.009999999999998,1.048780487804878,1,74.375,17.228735008699854,89.74900446482442,1
77.4,51.46,89.32,71.38,84.43,75.4,72.04,18.0,1,4.8,0,70.39,37.85999999999999,3.673469387755103,0,74.00500000000001,13.146898873878964,95.6136950904393,1
91.79,51.91,76.17,86.78,98.22,30.2,72.54,11.2,4,6.4,0,64.03999999999999,24.260000000000005,1.723076923076923,0,69.30333333333333,24.62045220272501,75.50205178487126,1
73.61,87.34,69.48,88.14,50.22,10.3,59.86,28.6,1,5.8,0,78.41,-17.86,4.8474576271186445,0,60.88999999999999,28.948958530489488,82.7197391658742,2
89.79,42.12,94.59,99.09,68.71,43.1,73.82,13.1,5,8.2,0,68.355,52.470000000000006,1.5783132530120485,1,70.23833333333333,24.362743208979293,78.22511786761703,1
89.93,71.3,56.84,72.69,63.34,26.6,79.98,24.7,4,5.2,1,64.07,-14.459999999999994,4.660377358490566,0,61.79166666666666,19.001932971849644,68.71084917899105,2
61.7,86.86,45.57,85.85,89.25,57.7,99.09,21.1,9,5.8,0,66.215,-41.29,3.5762711864406787,1,77.38666666666666,20.847112669783957,125.42409508373852,1
95.64,46.33,60.81,85.9,79.94,32.3,62.31,18.1,7,7.3,0,53.57,14.480000000000004,2.4459459459459465,1,61.26500000000001,20.094593053854062,64.05792555416144,2
59.04,94.21,42.7,65.27,63.69,71.5,64.62,13.3,3,5.3,0,68.455,-51.50999999999999,2.4629629629629632,1,66.99833333333333,16.557400057577475,113.47956187895213,2
83.12,49.17,58.2,92.15,57.44,31.200000000000003,70.33,16.2,1,5.4,1,53.685,9.03,2.9454545454545453,1,59.748333333333335,20.47668861575686,71.88201796599294,2
86.98,82.59,47.63,83.39,81.43,65.6,85.33,10.0,9,7.2,0,65.11,-34.96,1.36986301369863,1,74.32833333333333,14.905194284767532,85.45451061546716,1
69.42,61.28,75.92,86.81,56.75,8.0,73.64,24.6,4,8.1,1,68.6,14.64,3.0000000000000004,0,60.4,27.833479839933776,87.00662633246903,2
82.68,73.08,52.88,77.64,68.33,91.4,77.77,17.5,10,8.3,1,62.98,-20.2,2.083333333333333,0,73.51666666666667,12.71118038054164,88.91711014352522,1
51.77,99.17,55.05,98.48,62.92,84.7,61.78,8.3,4,5.4,1,77.11,-44.120000000000005,1.5090909090909093,0,77.01666666666667,19.61573314119732,148.76698216470282,1
55.85,90.56,62.22,73.82,76.99,88.80000000000001,67.32,25.9,4,4.3,1,76.39,-28.340000000000003,5.886363636363637,0,76.61833333333333,11.353438979739432,137.18591465234255,1
86.85,45.38,68.85,69.56,52.17,86.30000000000001,69.17,27.9,4,8.7,1,57.115,23.46999999999999,3.170454545454546,1,65.23833333333333,14.5320850763635,75.11610055651506,2
72.83,45.47,43.96,87.84,72.98,53.0,58.9,22.6,2,8.0,1,44.715,-1.509999999999998,2.790123456790124,2,60.35833333333333,17.096128704085807,82.87564648267654,2
87.32,96.9,60.38,71.19,95.86,98.8,50.96,29.7,8,6.9,0,78.64,-36.52,4.242857142857143,0,79.015,20.93155679828904,90.48900595510766,1
80.22,63.42,76.6,81.46,82.25,76.5,64.18,13.0,9,8.8,0,70.00999999999999,13.179999999999993,1.4606741573033708,0,74.06833333333333,8.307404929739889,92.3315050278401,1
64.24,55.71,83.9,81.23,52.25,82.6,73.04,25.4,8,8.2,1,69.805,28.190000000000005,3.060240963855422,0,71.45500000000001,14.098857755151656,111.23132004981322,1
77.89,86.28,86.75,92.6,99.34,12.6,97.27,26.3,1,8.5,1,86.515,0.4699999999999988,3.058139534883721,0,79.14,33.028387184360064,101.6048273205803,0
84.53,95.75,65.81,63.71,98.75,11.3,96.99,5.2,7,7.7,0,80.78,-29.94,0.6666666666666667,0,72.05166666666666,33.750968233025056,85.23798257029061,1
78.91,90.31,75.04,78.38,99.62,97.4,89.47,16.4,7,4.9,1,82.67500000000001,-15.269999999999996,3.28,0,88.37,9.905210749903308,111.98834114814348,0
86.39,61.05,91.45,54.4,87.96,38.0,62.31,23.7,1,6.5,0,76.25,30.40000000000001,3.590909090909091,0,65.86166666666666,20.42796065853532,76.2376046610333,2
80.75,94.79,64.14,55.39,99.63,12.7,63.56,19.4,8,7.5,1,79.465,-30.65000000000001,2.552631578947368,0,65.035,31.359620373977744,80.53869969040247,2
72.02,89.8,75.63,76.74,68.21,1.5,74.71,26.9,10,7.6,0,82.715,-14.170000000000002,3.493506493506493,0,64.43166666666666,31.62519465025736,89.463574932889,1
89.63,91.93,81.82,59.31,63.01,49.3,62.0,5.7,8,5.0,0,86.875,-10.110000000000014,1.1176470588235294,0,67.895,15.80934755136973,75.75030681691398,1
57.89,90.42,68.5,69.48,70.25,65.4,64.64,13.0,2,5.2,1,79.46000000000001,-21.92,2.452830188679245,0,71.44833333333334,9.558900390037897,123.42085564576496,1
90.3,69.0,56.09,52.53,70.73,55.5,81.15,26.1,5,8.2,1,62.545,-12.909999999999997,3.1445783132530125,0,64.16666666666667,11.230563060980812,71.0594315245478,2
55.62,41.23,43.41,84.05,59.14,21.9,86.67,14.8,7,6.3,0,42.31999999999999,2.18,2.3125000000000004,2,56.06666666666666,25.599825520238745,100.80306844060888,2
96.68,55.08,56.96,72.45,68.32,53.7,52.32,8.5,2,6.0,1,56.02,1.8800000000000023,1.3934426229508197,0,59.805,8.439397490342541,61.8587091435664,2
90.44,95.11,73.17,97.14,64.95,25.5,66.54,12.0,4,6.1,1,84.14,-21.94,1.9354838709677424,0,70.40166666666667,26.053393956770137,77.84350582338199,1
85.99,92.4,55.57,75.53,66.23,29.0,76.22,29.7,4,5.2,0,73.985,-36.830000000000005,5.60377358490566,0,65.825,21.771005259289247,76.54959879055704,1
96.54,52.71,42.47,98.97,52.13,14.7,69.13,26.1,8,8.3,1,47.59,-10.240000000000002,3.107142857142857,1,55.01833333333334,28.02708576835392,56.99019404737242,2
63.67,78.2,77.21,86.02,59.1,46.900000000000006,58.17,26.6,7,6.2,0,77.705,-0.9900000000000092,4.222222222222222,0,67.60000000000001,15.05771164553233,106.17245170409927,2
97.31,82.64,59.95,62.31,95.15,52.400000000000006,61.16,10.2,3,6.7,0,71.295,-22.69,1.5,0,68.935,16.331141723713014,70.84061247559346,2
94.41,78.65,60.31,92.42,95.42,75.9,67.44,9.4,7,8.0,0,69.48,-18.340000000000003,1.160493827160494,0,78.35666666666667,13.710665434860069,82.99615153761961,1
93.44,63.99,97.19,73.86,75.89,75.0,96.33,14.0,7,8.2,0,80.59,33.2,1.6867469879518076,0,80.37666666666667,13.395712249323164,86.01954908675799,0
82.87,95.22,66.16,86.5,76.49,11.9,64.69,11.6,4,8.9,0,80.69,-29.06,1.2888888888888888,0,66.82666666666667,29.35489714965233,80.64036040384538,1
58.99,66.75,45.34,83.06,74.98,8.299999999999999,75.85,14.8,7,5.0,1,56.045,-21.41,2.901960784313726,1,59.04666666666666,28.054595107872554,100.09606147934676,2
84.88,71.1,86.75,58.36,85.62,47.7,50.45,12.8,10,6.8,0,78.925,15.650000000000006,1.855072463768116,0,66.66333333333333,17.169385156920054,78.53832862079798,2
81.2,85.56,68.83,63.79,50.73,24.8,73.25,27.3,7,4.1,1,77.195,-16.730000000000004,6.500000000000001,0,61.16,21.15707163101737,75.32019704433496,2
75.95,56.27,72.47,96.95,75.93,45.3,54.29,23.2,2,4.8,1,64.37,16.199999999999996,4.73469387755102,0,66.86833333333334,18.73035655471264,88.04257186745666,2
93.6,86.2,65.57,95.96,79.75,15.2,97.23,16.1,10,6.5,0,75.88499999999999,-20.63000000000001,2.43939393939394,0,73.31833333333333,30.755467427217987,78.3315527065527,0
77.07,63.57,90.27,83.72,78.57,59.900000000000006,61.11,13.1,5,6.0,0,76.92,26.7,2.1475409836065573,0,72.85666666666667,13.007535764573802,94.5331084295662,1
64.69,43.81,65.37,75.11,88.18,81.89999999999999,52.88,6.2,2,5.2,0,54.59,21.56,1.169811320754717,1,67.875,17.1556879780439,104.92348121811716,2
74.35,44.77,95.11,59.39,90.85,9.5,93.37,20.5,4,8.2,0,69.94,50.34,2.4698795180722897,1,65.49833333333333,34.34873064127213,88.09459762385116,1
69.24,49.82,63.29,81.47,99.96,76.8,61.87,14.5,10,8.3,0,56.555,13.47,1.726190476190476,1,72.20166666666667,17.689951290681005,104.27739264394378,2
62.0,52.5,92.95,64.68,85.91,11.7,88.3,9.8,10,7.1,0,72.725,40.45,1.3611111111111114,0,66.00666666666666,30.830124013157437,106.46236559139784,1
93.55,92.2,88.29,68.04,50.63,4.1,92.32,19.4,2,6.6,1,90.245,-3.9099999999999966,2.8955223880597014,0,65.93,34.4905946599939,70.47568145376805,1
98.17,44.52,84.24,88.55,67.3,98.7,68.37,18.6,1,6.3,1,64.38,39.71999999999999,2.9062500000000004,1,75.28,19.30013989586604,76.68330447183457,1
85.43,64.07,67.42,59.07,72.27,41.7,64.41,6.9,7,4.8,0,65.745,3.3500000000000085,1.408163265306123,0,61.48999999999999,10.621267344342668,71.97705723984546,2
52.24,43.51,91.17,90.12,76.77,84.0,64.42,18.4,7,6.8,1,67.34,47.66,2.6666666666666665,1,74.99833333333333,18.31814774115185,143.56495661051557,1
98.98,90.56,92.85,73.06,95.76,58.0,86.07,28.0,3,7.7,0,91.705,2.289999999999992,3.58974358974359,0,82.71666666666667,14.48958614545863,83.56907119283358,0
67.86,62.66,79.3,74.68,74.69,84.60000000000001,94.65,6.1,1,5.2,1,70.97999999999999,16.64,1.150943396226415,0,78.43,10.75785480474616,115.57618626584146,0
72.93,72.47,58.87,59.9,50.32,48.0,57.67,15.1,1,6.8,1,65.67,-13.6,2.188405797101449,0,57.87166666666667,8.63412164998077,79.35234699940582,2
86.7,70.09,41.18,66.93,88.17,15.6,61.76,16.4,6,7.7,1,55.635000000000005,-28.910000000000004,2.102564102564102,1,57.28833333333333,25.408317863775764,66.07650903498654,2
51.91,83.44,88.34,53.26,51.43,61.4,58.83,29.6,10,8.7,1,85.89,4.900000000000006,3.363636363636364,0,66.11666666666666,15.813342046090913,127.3678803056572,2
88.63,44.65,74.93,72.46,51.77,29.8,59.12,28.1,5,7.8,0,59.790000000000006,30.28000000000001,3.556962025316456,1,55.455000000000005,17.14866846142872,62.569107525668514,2
64.93,62.01,83.14,78.67,81.23,84.3,82.35,21.9,10,4.7,1,72.575,21.130000000000003,4.5625,0,78.61666666666667,8.358377035445738,121.07911083731196,1
99.61,41.81,68.64,61.9,64.07,27.3,57.91,17.2,7,4.6,0,55.225,26.83,3.659574468085107,1,53.605,15.836556128148564,53.81487802429475,2
52.22,40.12,85.37,99.55,90.99,78.7,57.41,15.0,1,6.0,0,62.745000000000005,45.25000000000001,2.459016393442623,1,75.35666666666667,22.38244282169993,144.30614068683775,1
65.93,87.55,89.99,89.62,75.12,48.4,86.96,6.3,10,6.2,1,88.77,2.4399999999999977,1.0,0,79.60666666666665,16.243366235687315,120.74422367157082,0
61.38,96.81,53.75,76.5,50.9,25.0,63.2,16.2,3,4.2,0,75.28,-43.06,3.767441860465116,0,61.02666666666666,24.404976268512677,99.42435103725424,2
57.34,84.3,81.69,91.73,84.66,93.5,60.66,26.7,10,4.8,1,82.995,-2.6099999999999994,5.448979591836735,0,82.75666666666666,11.758783383780258,144.32624113475177,1
84.81,93.63,82.0,65.43,60.03,88.69999999999999,90.59,15.8,4,8.6,0,87.815,-11.629999999999995,1.8160919540229887,0,80.06333333333333,14.06184008821984,94.40317572613291,0
54.24,83.66,83.51,94.81,60.15,11.6,95.2,10.3,9,8.3,1,83.58500000000001,-0.1499999999999914,1.2261904761904765,0,71.48833333333333,31.98119285872037,131.8000245821042,0
52.63,99.36,67.96,78.46,54.39,2.4,74.37,28.2,6,7.4,1,83.66,-31.40000000000001,3.76,0,62.82333333333332,33.04918919832477,119.36791437076444,1
89.45,95.69,86.97,60.65,94.8,63.1,83.09,9.4,8,7.1,1,91.33,-8.719999999999999,1.3055555555555558,0,80.71666666666668,15.364217736893298,90.23663126513884,0
94.34,63.04,87.88,71.25,93.69,8.4,67.79,6.9,2,8.6,0,75.46,24.84,0.7931034482758622,0,65.34166666666667,30.332023616413505,69.26188961910819,1
55.73,49.04,77.64,90.18,55.02,6.2,84.85,18.9,6,7.1,0,63.34,28.6,2.625,1,60.48833333333332,31.23285348261773,108.53819008313891,1
92.89,54.44,55.14,70.26,54.14,95.9,75.34,15.4,2,4.6,0,54.79,0.7000000000000028,3.276595744680852,0,67.53666666666668,16.59793922951481,72.70606810923314,2
69.29,89.16,41.39,80.77,59.24,94.3,51.32,29.4,8,7.4,0,65.275,-47.77,3.92,1,69.36333333333333,21.699808908528816,100.1058353778804,2
60.44,57.29,53.05,59.53,75.32,44.6,60.84,25.4,8,5.0,1,55.17,-4.240000000000002,4.980392156862745,0,58.43833333333333,10.137087188471185,96.68817560114717,2
93.75,85.06,82.35,77.8,83.21,61.4,94.51,22.9,1,5.7,1,83.705,-2.710000000000008,3.948275862068965,0,80.72166666666665,10.951214392325022,86.10311111111109,0
64.81,50.77,88.98,73.26,82.78,84.7,63.45,29.3,8,4.5,1,69.875,38.21,6.369565217391305,0,73.99,14.611373652056129,114.16448079000152,1
67.99,92.62,59.35,89.04,96.05,30.1,97.68,12.9,10,9.0,1,75.985,-33.27,1.4175824175824177,0,77.47333333333334,27.16357536604242,113.94812962690594,0
92.43,41.05,57.78,50.49,52.94,17.9,60.81,24.0,9,7.8,1,49.415,16.730000000000004,3.037974683544304,1,46.82833333333334,15.72529098829865,50.663565220527246,2
63.12,93.18,54.05,68.7,52.3,14.9,87.38,11.9,7,7.4,1,73.61500000000001,-39.13000000000001,1.586666666666667,0,61.751666666666665,28.41323382979605,97.8321715251373,2
86.9,70.33,69.24,51.53,51.04,86.5,62.59,14.9,9,7.0,0,69.785,-1.0900000000000034,2.098591549295775,0,65.205,13.345523219417064,75.03452243958571,2
78.93,79.09,66.33,82.71,54.34,42.2,71.4,22.7,2,6.4,0,72.71000000000001,-12.760000000000003,3.4923076923076923,0,66.01166666666667,15.376838968613368,83.63317707673465,2
62.95,93.4,74.47,61.16,61.59,56.900000000000006,88.36,14.0,4,8.9,0,83.935,-18.930000000000007,1.5555555555555556,0,72.64666666666666,15.38236089378567,115.4037595975642,1
96.31,59.6,82.84,93.73,54.79,82.2,83.86,17.2,8,5.0,1,71.22,23.24,3.372549019607843,0,76.17,15.362348778751253,79.08836050254386,1
80.41,40.17,60.18,57.32,77.28,32.3,76.96,27.4,2,8.2,1,50.175,20.01,3.3012048192771086,1,57.36833333333333,18.506321532564662,71.34477469634788,2
61.9,98.13,80.95,90.82,85.96,90.7,89.6,18.9,7,6.1,1,89.53999999999999,-17.179999999999993,3.048387096774193,0,89.36,5.712894187712562,144.36187399030695,0
67.42,92.83,61.54,85.31,92.77,70.3,90.87,7.3,7,6.5,0,77.185,-31.29,1.1060606060606062,0,82.27,13.251256544192328,122.02610501334914,0
87.65,62.52,73.62,55.67,50.25,14.6,85.41,19.7,1,9.0,1,68.07000000000001,11.1,2.1648351648351647,0,57.01166666666668,24.32658415533645,65.0446853013881,2
89.46,82.77,89.14,98.95,63.82,93.7,82.1,11.0,4,7.8,0,85.955,6.3700000000000045,1.3924050632911391,0,85.08,12.242295536377156,95.10395707578806,0
94.79,45.58,77.79,80.77,69.39,18.700000000000003,92.53,22.7,8,6.9,0,61.685,32.21000000000001,3.242857142857143,1,64.12666666666667,27.2238870602026,67.65129936350529,1
69.71,75.23,76.24,54.49,67.34,98.9,95.17,18.2,5,4.4,1,75.735,1.009999999999991,4.044444444444444,0,77.89500000000001,16.784987041996786,111.74150050208009,1
52.77,71.04,65.47,68.91,94.12,39.8,87.44,6.4,6,5.5,0,68.255,-5.570000000000007,1.142857142857143,0,71.13,19.04256915439721,134.79249573621374,1
67.08,67.98,42.66,97.71,89.97,88.5,87.47,12.4,8,4.5,0,55.32,-25.320000000000007,2.695652173913044,1,79.04833333333333,20.3686910886946,117.84188034188035,1
89.0,92.18,62.08,81.46,59.27,30.5,57.16,27.2,5,5.3,0,77.13,-30.10000000000001,5.037037037037037,0,63.775,21.41847403528085,71.65730337078651,2
80.34,59.55,67.61,99.64,75.11,90.3,91.42,18.8,9,7.5,0,63.58,8.060000000000002,2.473684210526316,0,80.605,15.59273260208101,100.32984814538212,0
92.61,74.84,89.31,61.08,86.43,70.1,67.39,26.3,8,8.7,1,82.075,14.47,2.988636363636364,0,74.85833333333333,11.05454371137347,80.83180362091926,1
87.54,68.87,44.25,63.07,97.9,54.900000000000006,80.84,17.4,7,4.7,1,56.56,-24.620000000000005,3.625,1,68.305,19.07381320030161,78.02718757139594,2
65.67,87.49,64.36,92.0,63.45,2.5,91.03,11.5,9,8.5,1,75.925,-23.129999999999995,1.3372093023255816,0,66.805,34.0642773297776,101.72833866301202,1
50.04,95.34,67.08,68.0,61.95,64.3,93.75,11.5,2,6.4,0,81.21000000000001,-28.260000000000005,1.7692307692307692,0,75.07000000000001,15.243146656776611,150.0199840127898,1
88.04,50.06,44.41,69.96,83.75,89.1,83.41,12.2,8,8.1,1,47.235,-5.650000000000006,1.4878048780487805,1,70.115,18.90012989373353,79.63993639254883,2
89.47,45.76,51.71,78.85,88.94,79.6,73.98,12.6,1,5.5,0,48.735,5.950000000000003,2.25,1,69.80666666666667,17.12847881940094,78.0224283745017,2
99.67,98.53,92.55,89.64,80.74,58.6,80.41,18.1,3,6.6,1,95.54,-5.980000000000004,2.7014925373134333,0,83.41166666666668,14.018786561848591,83.68783652720646,0
65.82,97.11,75.79,51.07,71.08,71.0,61.69,27.6,5,7.3,0,86.45,-21.319999999999997,3.7297297297297294,0,71.29,15.414661851626848,108.3105439076269,1
84.09,40.67,74.88,65.0,84.37,79.3,83.99,23.5,10,7.5,0,57.775,34.209999999999994,3.0921052631578947,1,71.36833333333334,16.652545050732236,84.87136797875293,1
89.84,46.39,50.99,88.54,80.8,33.1,79.7,13.7,2,4.9,0,48.69,4.600000000000001,2.74,1,63.25333333333334,22.63527659797129,70.40664885722767,2
71.88,98.05,75.2,77.43,84.19,72.30000000000001,65.25,22.8,7,6.0,0,86.625,-22.849999999999994,3.737704918032787,0,78.73666666666666,11.316182512961984,109.53904655907996,1
70.26,56.77,96.33,53.0,60.54,97.6,57.68,18.9,6,7.8,0,76.55,39.56,2.392405063291139,0,70.32000000000001,20.7832692327266,100.08539709649872,2
57.29,68.59,70.0,76.07,67.75,38.9,74.7,20.1,5,4.3,0,69.295,1.4099999999999966,4.568181818181819,0,66.00166666666665,13.69142420154553,115.20626054576132,1
52.27,70.22,82.91,66.49,75.92,56.2,62.74,28.8,2,4.2,0,76.565,12.689999999999998,6.697674418604652,0,69.08,9.509492100001976,132.15993877941457,1
79.87,65.37,60.87,96.64,67.49,22.6,53.36,22.7,4,7.4,1,63.120000000000005,-4.500000000000007,3.0266666666666664,0,61.05500000000001,23.93472352044201,76.4429698259672,2
81.99,47.37,92.09,82.63,95.63,62.5,61.27,24.6,6,6.5,1,69.73,44.720000000000006,3.727272727272728,1,73.58166666666666,19.349375614387835,89.74468431109484,1
86.16,48.84,43.6,65.88,88.36,61.900000000000006,76.74,26.8,5,4.4,0,46.22,-5.240000000000002,5.955555555555556,2,64.22000000000001,16.789024986579772,74.53574744661098,2
55.44,79.74,67.04,68.79,63.66,70.3,67.07,11.5,2,5.1,0,73.39,-12.699999999999989,2.2115384615384617,0,69.43333333333334,5.514292943493903,125.24050024050024,2
73.42,44.24,64.55,65.47,78.99,47.2,63.31,13.8,9,8.2,1,54.395,20.309999999999995,1.6626506024096388,1,60.626666666666665,12.90008475424354,82.57513847271407,2
90.37,88.76,73.42,66.94,52.75,42.5,80.02,22.9,9,5.0,1,81.09,-15.340000000000003,4.490196078431373,0,67.39833333333333,17.24296078597486,74.58042860831395,1
67.81,90.6,55.44,62.82,95.71,90.2,76.34,10.5,8,6.5,1,73.02,-35.16,1.590909090909091,0,78.51833333333333,16.503173533192538,115.79167281128645,1
64.08,93.72,85.07,57.97,66.53,42.8,99.32,6.8,5,5.9,0,89.395,-8.650000000000006,1.1333333333333333,0,74.235,22.083460553092667,115.84737827715357,0
88.45,87.39,63.62,54.53,78.99,30.5,91.57,28.6,6,7.8,1,75.505,-23.770000000000003,3.6202531645569622,0,67.76666666666667,23.06012026565921,76.61579046542302,1
66.23,97.74,76.23,55.15,86.19,70.4,93.08,26.7,1,5.0,1,86.985,-21.50999999999999,5.235294117647059,0,79.79833333333333,15.797224334251464,120.48668780512357,0
73.18,96.87,89.32,76.01,78.84,48.8,56.3,25.7,4,5.7,0,93.095,-7.550000000000011,4.431034482758621,0,74.35666666666667,18.61597020481787,101.607907442835,1
92.95,83.02,75.7,53.94,56.47,13.3,59.27,21.9,5,5.4,1,79.36,-7.319999999999993,3.9818181818181815,0,56.95,24.29486694756734,61.26949973103819,2
64.45,43.29,75.15,78.55,84.37,27.9,56.85,19.0,5,4.2,0,59.22,31.860000000000007,4.418604651162791,1,61.01833333333334,22.27490284303541,94.67545901215412,2
90.56,73.02,61.32,65.13,69.89,52.0,82.38,8.7,9,7.0,0,67.17,-11.699999999999996,1.2253521126760565,0,67.29,10.40568690668713,74.30432862190813,1
79.56,65.64,63.52,87.93,50.95,79.0,58.98,23.9,8,5.8,0,64.58,-2.119999999999997,4.050847457627119,0,67.67,13.529629706684512,85.05530417295124,2
57.4,89.2,57.08,97.76,63.48,23.0,57.08,11.6,10,7.2,0,73.14,-32.120000000000005,1.5890410958904109,0,64.60000000000001,26.64455216362249,112.54355400696866,2
69.51,60.22,89.61,98.16,94.83,24.6,62.88,22.4,1,4.6,1,74.91499999999999,29.39,4.765957446808511,0,71.71666666666667,28.22724830136063,103.17460317460316,1
73.58,78.64,76.63,81.26,50.28,30.6,59.47,7.2,8,5.2,0,77.63499999999999,-2.010000000000005,1.358490566037736,0,62.81333333333333,19.9380256461533,85.36740056174685,2
79.47,89.02,98.96,82.88,84.61,71.0,97.27,16.2,10,7.5,1,93.99,9.939999999999998,2.131578947368421,0,87.29,10.30317232700686,109.84019126714485,0
98.16,46.83,74.69,60.21,85.22,58.5,93.94,20.0,4,6.7,0,60.76,27.86,2.9411764705882355,1,69.89833333333333,17.841799703692075,71.20857104047813,1
88.38,86.81,95.19,71.18,62.26,58.1,63.91,20.0,1,8.7,1,91.0,8.379999999999995,2.272727272727273,0,72.90833333333335,14.875213499868384,82.49415403183227,1
50.84,71.11,67.64,88.04,86.05,32.0,78.61,10.3,5,6.6,0,69.375,-3.469999999999999,1.5373134328358211,0,70.575,20.523129147379063,138.81785995279307,1
67.93,41.57,89.46,85.04,53.07,17.5,66.68,26.5,2,5.1,0,65.515,47.88999999999999,5.096153846153847,1,58.88666666666666,27.29841875762526,86.687276117572,2
74.71,66.83,73.52,77.26,63.95,51.2,99.28,25.5,1,5.5,1,70.175,6.689999999999998,4.553571428571429,0,72.00666666666666,16.114264074622415,96.38156427073572,1
91.11,73.49,99.9,66.01,78.42,87.89999999999999,69.46,27.8,8,6.7,1,86.695,26.41000000000001,4.088235294117648,0,79.19666666666666,12.6983158988374,86.92423078330222,1
59.53,45.07,47.72,87.78,85.2,88.80000000000001,63.23,12.4,7,4.3,1,46.395,2.6499999999999986,2.818181818181819,2,69.63333333333334,20.315205799269343,116.97183492916736,2
87.67,47.78,87.3,84.89,69.33,95.3,73.63,11.3,2,7.7,0,67.53999999999999,39.52,1.448717948717949,1,76.37166666666666,16.88109879915009,87.11265731341012,1
71.49,70.0,44.3,75.49,52.01,60.4,68.34,10.7,8,7.0,1,57.15,-25.700000000000003,1.5070422535211268,1,61.75666666666666,11.844581320868487,86.38504219704387,2
96.69,92.65,72.09,54.95,53.96,3.4000000000000004,92.42,18.5,7,4.2,1,82.37,-20.56,4.302325581395349,0,61.578333333333326,33.20796375369419,63.686351570310606,1
68.96,51.11,42.87,65.41,53.2,46.2,61.69,24.9,6,6.6,1,46.99,-8.240000000000002,3.7164179104477615,1,53.41333333333333,8.728896073769388,77.45552977571538,2
66.11,58.03,91.88,58.25,93.12,50.6,89.71,8.1,1,5.4,1,74.955,33.849999999999994,1.4727272727272729,0,73.59833333333333,19.908632717157317,111.32708112741388,1
74.18,96.56,46.39,90.14,88.43,70.5,74.47,8.3,6,4.7,0,71.475,-50.17,1.729166666666667,1,77.74833333333333,18.26560200668641,104.810371169228,1
73.39,45.47,89.08,83.55,76.3,63.8,55.16,13.7,3,7.2,0,67.275,43.61,1.8767123287671232,1,68.89333333333333,16.9727848824719,93.87291638279513,2
71.22,74.87,41.84,72.01,79.64,60.8,58.66,13.3,7,6.9,1,58.355,-33.03,1.9,1,64.63666666666667,13.815322894042929,90.75634185153984,2
79.45,86.01,95.96,65.92,53.3,13.1,61.95,22.8,4,7.0,1,90.985,9.949999999999989,3.211267605633803,0,62.70666666666667,29.01390815913407,78.92594923431929,1
96.65,82.58,78.07,57.46,62.6,67.5,73.89,7.6,2,8.5,1,80.32499999999999,-4.510000000000005,0.8837209302325582,0,70.35,9.550287953773957,72.78841179513708,1
94.93,70.03,94.45,94.84,66.8,28.3,85.11,15.6,2,6.1,1,82.24000000000001,24.42,2.516129032258065,0,73.25500000000001,25.014799419543625,77.16738649531234,0
71.39,98.28,86.35,69.91,78.39,24.1,75.32,27.7,9,5.6,0,92.315,-11.930000000000009,4.859649122807018,0,72.05833333333334,25.484007076334496,100.9361721996545,1
76.95,42.72,68.27,99.69,66.25,38.4,93.28,21.6,10,8.0,0,55.495,25.55,2.666666666666667,1,68.10166666666667,25.146157890752747,88.50119124972926,1
86.32,77.95,53.46,56.33,72.35,82.30000000000001,72.36,15.5,3,5.5,0,65.705,-24.49,2.7678571428571432,0,69.12500000000001,11.674171062649377,80.07993512511587,2
75.76,90.85,91.59,87.2,65.95,55.7,62.63,9.3,6,7.3,1,91.22,0.7400000000000091,1.256756756756757,0,75.65333333333332,16.000868309772024,99.8592045054558,1
61.85,87.17,92.86,94.01,78.82,56.5,78.91,20.7,9,4.2,0,90.015,5.689999999999998,4.813953488372093,0,81.37833333333333,13.831126370135827,131.57369981137157,0
95.17,74.26,45.67,82.34,89.46,27.9,92.31,29.7,10,5.3,0,59.965,-28.590000000000003,5.5,1,68.65666666666667,26.078276527920067,72.14108087282406,1
69.26,78.0,93.0,65.98,61.22,37.3,67.65,30.0,3,8.7,1,85.5,15.0,3.4090909090909096,0,67.19166666666668,18.513459338186006,97.0136683030128,1
95.97,67.31,56.89,60.26,74.67,31.9,50.6,17.4,9,4.4,0,62.1,-10.420000000000002,3.866666666666666,0,56.93833333333333,14.833151272290952,59.32930429648154,2
83.54,86.58,52.64,68.91,70.26,9.2,53.0,27.2,8,5.6,1,69.61,-33.94,4.771929824561404,0,56.76499999999999,26.50347279131548,67.94948527651424,2
60.35,49.3,61.19,62.91,52.54,44.900000000000006,76.39,26.8,6,4.1,0,55.245,11.89,6.380952380952382,1,57.87166666666666,11.397272334495945,95.89339961336646,2
57.03,96.87,56.52,82.38,75.08,65.0,81.26,14.4,1,5.5,1,76.69500000000001,-40.35,2.571428571428572,0,76.185,14.177731482857194,133.58758548132562,1
66.35,53.14,85.87,74.73,90.21,0.1,62.32,24.2,7,6.9,0,69.505,32.730000000000004,3.457142857142857,0,61.06166666666667,32.96229082856145,92.0296407937704,2
50.96,59.05,56.25,51.98,85.55,96.5,59.22,26.8,10,7.7,0,57.65,-2.799999999999997,3.435897435897436,0,68.09166666666665,18.28713144992037,133.61787022501304,2
90.24,86.37,87.83,74.83,89.68,23.2,98.75,29.6,2,6.4,0,87.1,1.4599999999999935,4.553846153846154,0,76.77666666666666,27.341471552692013,85.08052600472813,0
75.75,80.84,56.98,98.05,67.96,44.3,71.11,9.0,1,5.1,0,68.91,-23.860000000000007,1.730769230769231,0,69.87333333333333,18.652699179117928,92.24202420242024,1
90.48,44.51,81.85,96.77,78.78,54.6,95.35,11.1,8,5.2,0,63.17999999999999,37.34,2.0943396226415096,1,75.31,21.42190374359851,83.23386383731211,0
53.91,73.1,61.02,99.21,56.47,31.3,81.88,5.3,3,5.8,0,67.06,-12.079999999999991,0.8983050847457628,0,67.16333333333333,23.3112836769378,124.58418351573611,1
98.46,51.09,96.59,50.16,77.87,2.7,86.6,12.5,3,4.1,0,73.84,45.5,2.9761904761904767,0,60.835,34.12050805600644,61.78651228925453,1
62.37,67.53,83.51,74.94,87.48,87.6,80.98,17.4,9,4.5,0,75.52000000000001,15.980000000000004,3.782608695652174,0,80.34000000000002,7.840941270026195,128.81192881192885,1
68.06,71.62,97.75,56.08,96.47,47.2,68.12,19.9,10,7.0,0,84.685,26.129999999999995,2.8028169014084505,0,72.87333333333332,20.69276363047398,107.07219120383974,1
57.09,68.39,85.89,88.82,61.15,50.2,76.36,7.5,8,7.6,0,77.14,17.5,0.974025974025974,0,71.80166666666666,14.836527109356371,125.7692532259006,1
54.57,80.51,47.99,58.94,79.19,34.900000000000006,59.01,27.6,2,8.3,0,64.25,-32.52,3.2857142857142856,1,60.09,17.693057395487077,110.11544804837824,2
88.29,48.15,67.3,85.25,97.65,35.4,80.74,20.5,6,7.1,1,57.725,19.15,2.8472222222222223,1,69.08166666666666,23.618827588740867,78.24404424812171,1
59.64,75.94,92.67,83.07,78.14,0.8999999999999999,58.81,13.0,10,4.7,1,84.305,16.730000000000004,2.708333333333333,0,64.92166666666667,33.26134778788536,108.8559132573217,1
74.24,59.19,51.63,99.59,76.62,97.8,95.81,5.9,1,5.8,1,55.41,-7.559999999999995,1.0000000000000002,0,80.10666666666667,20.97538239619642,107.90229885057472,1
81.7,47.57,79.9,78.35,71.35,36.6,88.69,14.4,4,8.5,1,63.735,32.330000000000005,1.6744186046511629,1,67.07666666666667,20.426750761358655,82.10118319053447,1
93.74,95.3,79.74,67.54,98.93,6.800000000000001,67.21,20.2,9,4.4,0,87.52,-15.560000000000002,4.488888888888889,0,69.25333333333333,33.396506204491914,73.87810255316123,1
58.57,41.97,70.93,94.78,59.86,55.3,88.06,12.0,6,8.1,1,56.45,28.960000000000008,1.4634146341463417,1,68.48333333333333,20.158699032096955,116.92561607193672,1
67.64,77.89,41.14,90.8,55.05,22.5,80.88,12.4,1,5.3,1,59.515,-36.75,2.2962962962962967,1,61.376666666666665,26.380854168632723,90.74019317957816,2
59.89,42.02,71.36,78.0,60.44,7.4,98.64,13.3,7,5.7,1,56.69,29.34,2.293103448275862,1,59.64333333333333,31.73505926678989,99.58813380085712,1
70.32,91.74,80.19,83.41,95.56,85.60000000000001,75.09,8.7,6,6.6,1,85.965,-11.549999999999995,1.2985074626865671,0,85.265,7.493359059860937,121.2528441410694,0
59.32,81.42,53.72,64.1,52.17,39.1,57.26,26.0,4,7.3,0,67.57,-27.700000000000003,3.5135135135135136,0,57.961666666666666,14.112140045601398,97.71015958642391,2
98.69,66.63,93.02,61.71,83.68,81.19999999999999,77.29,26.9,6,7.4,0,79.82499999999999,26.39,3.5866666666666664,0,77.255,11.488409376410644,78.28047421217954,1
60.74,89.73,63.7,66.7,94.26,11.7,83.45,17.2,9,4.0,1,76.715,-26.03,4.195121951219512,0,68.25666666666666,30.29837531397792,112.37515091647457,1
78.63,87.58,44.73,61.21,82.93,34.6,80.29,13.8,1,4.8,1,66.155,-42.85,2.8163265306122454,1,65.22333333333334,21.973725825782637,82.9496799355632,2
72.78,46.94,55.09,95.46,74.48,56.900000000000006,87.89,22.3,6,8.1,0,51.015,8.150000000000006,2.7195121951219514,1,69.46,19.55641173630786,95.43830722726022,1
72.47,82.8,64.14,59.08,92.11,42.2,88.43,16.6,8,4.3,0,73.47,-18.66,3.772727272727274,0,71.46,19.52430997500296,98.60631985649232,1
81.69,41.0,62.63,61.2,67.67,11.6,86.78,14.7,5,4.4,0,51.815,21.630000000000003,3.2666666666666666,1,55.14666666666667,25.871162066414158,67.50724282857959,2
68.85,66.33,48.2,82.27,77.25,66.0,81.81,16.1,6,6.8,0,57.265,-18.129999999999995,2.333333333333334,1,70.31,13.01325324428907,102.12055192447352,2
99.48,97.07,48.64,97.91,68.38,4.699999999999999,56.18,19.8,8,6.2,1,72.85499999999999,-48.42999999999999,3.1428571428571432,1,62.14666666666667,34.801322771795135,62.47151856319528,2
65.91,91.72,59.47,50.72,53.83,54.8,90.04,16.7,5,7.8,1,75.595,-32.25,2.113924050632912,0,66.76333333333334,18.89768310313904,101.29469478581905,1
76.46,78.78,98.75,60.62,58.68,98.9,98.44,8.4,6,4.1,0,88.765,19.97,2.0000000000000004,0,82.36166666666666,19.2195550590191,107.71863283634144,0
53.66,50.14,53.0,91.29,59.65,16.9,84.13,10.8,6,5.0,1,51.57,2.8599999999999994,2.11764705882353,0,59.185,26.68815373906558,110.29631010063363,2
87.05,69.91,67.66,69.29,66.23,7.3,52.9,11.0,4,6.5,1,68.785,-2.25,1.6666666666666667,0,55.54833333333334,24.457296184710746,63.8119854489757,2
98.6,91.37,70.23,94.06,68.12,99.8,94.29,15.0,7,5.2,1,80.80000000000001,-21.14,2.8301886792452837,0,86.31166666666667,13.570328539378352,87.5371872887086,0
53.26,61.92,98.83,59.3,86.82,64.5,61.41,23.4,9,6.4,1,80.375,36.91,3.6,0,72.13,16.557019055373463,135.42996620352986,1
50.99,46.56,52.36,62.34,87.37,22.7,88.19,14.9,4,6.1,1,49.46,5.799999999999997,2.403225806451613,1,59.92,25.217150513093262,117.51323788978227,2
85.93,91.29,92.66,73.47,92.84,62.2,64.39,5.5,7,8.5,0,91.975,1.3699999999999903,0.6395348837209303,0,79.475,14.519673205688894,92.48807168625623,1
54.47,52.28,68.05,54.07,76.84,13.1,94.38,12.8,7,7.9,0,60.165,15.769999999999996,1.6,0,59.78666666666667,27.656726969521657,109.7607245578606,2
96.54,89.59,44.1,70.56,94.58,19.0,99.83,23.6,2,5.4,1,66.845,-45.49,4.290909090909091,1,69.61,32.09044842316791,72.10482701470893,1
78.18,61.85,55.47,95.54,64.21,15.1,52.58,9.7,6,6.3,0,58.66,-6.380000000000003,1.515625,0,57.458333333333336,25.83433793745577,73.4949262385947,2
90.29,54.96,64.34,78.63,63.8,48.5,58.28,17.8,9,5.3,0,59.650000000000006,9.380000000000004,3.2962962962962967,0,61.41833333333333,10.284867362619057,68.02340606194853,2
79.57,47.68,69.46,86.77,87.18,41.2,80.02,6.9,5,4.0,1,58.56999999999999,21.779999999999998,1.6829268292682928,1,68.71833333333332,19.974201777960158,86.36211302417158,1
79.4,95.08,84.59,73.81,52.04,27.8,57.8,14.9,9,8.7,1,89.83500000000001,-10.489999999999997,1.6931818181818183,0,65.18666666666668,24.3705688621884,82.0990764063812,1
75.25,45.44,67.38,90.24,97.59,39.7,76.81,16.5,6,7.4,1,56.41,21.94,2.2,1,69.52666666666666,23.426675109085934,92.39424141749724,1
90.15,74.3,62.03,55.46,63.33,20.7,72.32,26.9,9,4.3,0,68.16499999999999,-12.269999999999996,6.113636363636364,0,58.02333333333333,19.56088205236836,64.36309853947125,2
76.07,49.61,88.9,74.93,98.19,12.1,69.03,12.9,6,4.3,0,69.255,39.290000000000006,2.931818181818182,1,65.46,31.053580791915124,86.05232023136584,1
85.51,95.49,53.18,87.69,94.91,87.89999999999999,84.48,22.2,2,4.8,0,74.335,-42.31,4.530612244897959,0,83.94166666666666,15.684110961947018,98.16590652165438,0
63.18,65.42,74.95,98.14,61.61,60.7,90.72,6.8,3,8.8,0,70.185,9.53,0.7640449438202247,0,75.25666666666666,15.86028835383098,119.11469874432836,1
93.31,77.58,77.99,87.71,93.27,76.2,71.39,23.1,6,7.2,1,77.785,0.4099999999999966,3.164383561643836,0,80.68999999999998,8.138169327311884,86.47519022612794,1
97.55,83.38,72.57,99.13,84.05,17.6,57.1,29.3,8,7.6,1,77.975,-10.810000000000002,3.8051948051948057,0,68.97166666666668,28.76600035922037,70.70391252349225,1
97.45,95.4,44.44,84.66,82.65,4.1,65.54,26.2,1,8.4,0,69.92,-50.96000000000001,3.0823529411764703,1,62.79833333333334,33.83763964384435,64.44159397981872,2
59.2,75.21,58.56,74.13,68.31,44.1,97.92,25.4,8,4.5,0,66.88499999999999,-16.64999999999999,5.521739130434783,0,69.705,18.04297619573888,117.7449324324324,1
51.66,90.02,86.67,74.41,94.17,61.6,87.69,29.6,6,7.9,0,88.345,-3.3499999999999943,3.7,0,82.42666666666666,12.159688592503786,159.5560717511937,0
96.09,41.42,49.61,82.76,72.41,89.7,69.72,20.3,7,6.5,1,45.515,8.189999999999998,3.075757575757576,2,67.60333333333334,18.73445239836667,70.35418184341069,2
88.7,42.52,77.84,87.44,70.54,40.7,63.54,17.5,5,4.0,0,60.18000000000001,35.32,4.2682926829268295,1,63.76333333333334,18.90982143402381,71.88650883126645,2
61.22,55.65,55.49,90.77,62.12,44.7,82.86,9.5,10,8.7,1,55.57,-0.1599999999999966,1.0795454545454546,0,65.265,17.781440605305296,106.60731786997714,2
75.55,57.76,88.66,88.87,53.67,79.7,88.1,15.8,3,8.1,1,73.21,30.9,1.926829268292683,0,76.12666666666667,16.23109813495891,100.76329141848666,1
81.6,44.8,75.08,91.32,80.87,84.60000000000001,84.08,6.4,6,5.1,0,59.94,30.28,1.230769230769231,1,76.79166666666667,16.542017309465816,94.10743464052288,1
70.52,48.04,68.64,50.37,96.64,81.0,93.56,12.3,10,4.4,1,58.34,20.6,2.7333333333333334,1,73.04166666666667,20.97465557921433,103.57581773492156,1
84.58,57.17,44.71,61.97,78.49,46.3,50.19,29.8,9,5.2,1,50.94,-12.46,5.622641509433962,1,56.47166666666666,12.623670491052382,66.76716323796012,2
50.4,57.41,92.83,94.56,83.55,34.5,54.77,20.6,6,6.8,1,75.12,35.42,2.985507246376812,0,69.60333333333334,24.32189109972057,138.10185185185185,1
69.75,63.11,80.67,67.77,62.86,99.6,96.35,27.2,7,4.3,1,71.89,17.560000000000002,6.181818181818183,0,78.39333333333333,16.523121577555088,112.39187574671443,1
81.45,75.43,47.09,60.31,77.78,36.8,82.23,15.4,4,5.9,0,61.260000000000005,-28.340000000000003,2.566666666666667,1,63.27333333333334,18.379891911180184,77.68365050133006,2
78.03,68.99,77.8,82.65,98.45,27.6,53.12,12.4,1,5.3,1,73.395,8.810000000000002,2.2962962962962967,0,68.10166666666667,24.86908716995191,87.27626126703406,2
99.12,57.07,46.57,82.34,87.22,6.1,58.45,7.3,4,7.0,1,51.82,-10.5,1.028169014084507,1,56.29166666666668,29.16866772183239,56.79143126177025,2
69.5,83.36,44.44,88.63,75.95,58.1,90.68,25.1,2,4.6,1,63.9,-38.92,5.340425531914895,1,73.52666666666667,18.487459172819467,105.7937649880096,1
54.78,64.2,98.39,92.19,60.24,21.3,86.99,15.2,3,6.7,1,81.295,34.19,2.235294117647059,0,70.55166666666666,28.58604513861032,128.79092126080076,0
76.56,98.94,89.9,61.75,82.41,58.3,98.49,15.3,4,6.0,1,94.42,-9.039999999999992,2.508196721311476,0,81.63166666666667,17.846009544619957,106.62443399512364,0
50.68,41.06,54.16,89.8,65.6,73.8,70.56,22.0,3,8.1,1,47.61,13.099999999999994,2.682926829268293,1,65.83,16.794340713466543,129.8934490923441,2
62.39,87.48,41.28,78.77,85.45,7.7,99.42,18.3,2,7.7,0,64.38,-46.2,2.3461538461538463,1,66.68333333333332,35.00522513378063,106.881444675963,1
62.53,70.12,50.15,58.59,93.96,41.2,60.13,14.1,4,5.6,1,60.135000000000005,-19.97000000000001,2.473684210526316,0,62.35833333333333,18.30187467629113,99.72546511008048,2
70.89,83.3,53.94,52.24,54.59,57.8,52.32,24.3,1,6.5,1,68.62,-29.36,3.681818181818182,0,59.031666666666666,12.060644123207792,83.27220576479992,2
81.09,82.98,91.29,54.43,65.07,76.0,75.39,8.6,8,4.8,1,87.135,8.310000000000002,1.7551020408163267,0,74.19333333333333,13.023226430753123,91.49504665597894,1
60.39,51.78,80.71,66.65,95.2,33.8,84.25,10.9,3,5.4,0,66.245,28.929999999999996,1.981818181818182,0,68.73166666666667,22.789407554095536,113.81299332119004,1
76.65,42.73,98.24,58.83,90.52,12.9,98.34,15.0,9,6.8,0,70.485,55.51,2.173913043478261,1,66.92666666666666,34.910981462380384,87.31463361600346,1
97.42,94.97,62.78,97.87,64.74,52.7,82.07,29.1,7,6.5,0,78.875,-32.19,4.409090909090909,0,75.855,18.54358406565462,77.86388831862041,1
86.63,80.79,46.04,94.93,88.78,57.9,55.45,22.4,2,5.0,1,63.415000000000006,-34.75000000000001,4.392156862745098,1,70.64833333333333,20.10119142405909,81.55181038131516,2
78.14,79.68,70.95,97.46,96.97,95.0,60.65,18.4,5,8.1,1,75.315,-8.730000000000004,2.2439024390243905,0,83.45166666666665,15.50984128438027,106.79762818872108,1
51.15,43.19,75.95,64.25,97.48,73.4,53.03,16.8,10,5.1,0,59.57,32.760000000000005,3.2307692307692317,1,67.88333333333333,19.052825162339225,132.71423916585206,2
52.17,75.02,94.09,82.66,99.0,48.4,88.51,18.9,5,5.8,0,84.555,19.070000000000007,3.2033898305084745,0,81.27999999999999,18.1799548954336,155.79835154303234,0
80.44,63.31,46.97,80.32,74.16,10.3,97.73,11.0,8,8.0,1,55.14,-16.340000000000003,1.3580246913580247,1,62.13166666666667,30.530391033635095,77.23976462787999,1
68.86,67.67,65.04,75.71,94.25,2.8000000000000003,98.41,13.6,9,4.3,1,66.355,-2.6299999999999955,3.0909090909090917,0,67.31333333333333,34.43938481835392,97.75389679543034,1
66.03,42.38,98.67,68.41,58.7,8.7,62.57,27.7,6,4.4,0,70.525,56.29,6.155555555555555,1,56.571666666666665,29.819542194116035,85.67570296329951,2
99.49,45.7,57.24,96.97,91.64,51.900000000000006,63.31,25.1,8,4.6,1,51.47,11.54,5.340425531914895,1,67.79333333333334,21.410875429712505,68.14085167688546,2
84.75,73.33,54.91,79.24,50.99,81.19999999999999,62.31,23.8,10,8.6,1,64.12,-18.42,2.7356321839080464,0,66.99666666666667,12.775059556286482,79.05211406096362,2
88.31,65.72,73.94,91.6,79.25,81.7,95.66,22.4,10,6.3,0,69.83,8.219999999999999,3.5,0,81.31166666666667,11.077610602772904,92.07526516438304,0
63.56,69.82,99.68,75.16,76.39,34.6,95.19,17.3,1,7.4,1,84.75,29.860000000000014,2.306666666666666,0,75.14,23.141179745207463,118.21900566393956,0
91.13,78.85,43.53,71.4,52.2,63.8,67.29,5.8,4,7.6,0,61.19,-35.31999999999999,0.7532467532467533,1,62.845000000000006,12.933702872727515,68.96192252825634,2
52.46,40.94,85.62,72.64,83.9,57.8,50.48,12.8,4,7.0,0,63.28,44.68000000000001,1.802816901408451,1,65.23,18.34121370029803,124.3423560808235,2
87.95,97.06,69.75,61.22,67.04,32.5,75.53,16.6,8,7.5,0,83.405,-27.31,2.18421052631579,0,67.18333333333334,21.011355659896548,76.38809929884404,1
90.94,96.79,82.76,86.72,93.7,14.4,88.89,14.4,9,6.0,1,89.775,-14.03,2.3606557377049184,0,77.21,31.170683662698195,84.9021332746866,0
84.95,79.12,40.2,85.96,68.86,16.1,51.26,24.0,2,7.2,1,59.66,-38.92,3.2876712328767126,1,56.91666666666666,26.292932637244306,67.00019619383951,2
86.07,61.08,75.18,83.92,87.34,68.7,98.07,24.3,9,8.7,0,68.13,14.100000000000009,2.7613636363636367,0,79.04833333333333,13.410605380319955,91.84191162232293,0
83.06,56.05,76.47,60.76,87.47,76.0,72.05,21.0,5,4.3,0,66.25999999999999,20.42,4.772727272727273,0,71.46666666666667,11.439735428176068,86.04221847660327,1
99.41,60.99,52.59,62.99,52.67,68.2,63.28,22.5,8,7.7,1,56.790000000000006,-8.399999999999999,2.8846153846153846,0,60.120000000000005,6.268479879524222,60.47681319786742,2
73.17,74.4,91.44,80.07,88.12,10.2,98.07,29.0,5,4.0,0,82.92,17.039999999999992,7.073170731707318,0,73.71666666666665,32.21756084291091,100.74711858229692,0
92.73,41.2,55.45,84.47,75.28,67.69999999999999,74.94,13.3,3,5.0,1,48.325,14.25,2.6078431372549025,1,66.50666666666666,15.715439117844165,71.72076638268808,2
99.46,65.86,84.76,57.22,97.88,84.60000000000001,58.92,18.4,9,6.8,1,75.31,18.90000000000001,2.6666666666666665,0,74.87333333333335,16.54720600786328,75.27984449359879,1
59.98,43.29,78.77,51.53,60.7,73.3,74.5,11.2,8,4.6,0,61.03,35.48,2.382978723404256,1,63.68166666666667,14.209714165551206,106.17150161164834,2
69.91,53.48,89.27,97.02,59.69,45.0,95.63,20.8,10,4.5,0,71.375,35.79,4.521739130434783,0,73.34833333333333,23.217444662724333,104.91822819815954,0
86.82,88.78,73.2,63.71,65.51,37.7,73.47,18.6,10,4.3,1,80.99000000000001,-15.579999999999998,4.227272727272728,0,67.06166666666667,16.88893533253848,77.24218690009982,1
74.12,49.15,52.8,90.17,85.03,52.400000000000006,82.25,16.8,6,7.3,0,50.975,3.649999999999999,2.2702702702702706,1,68.63333333333333,19.036323874810144,92.5975894945134,2
98.35,41.17,45.82,72.36,56.59,38.3,80.8,9.7,9,6.2,0,43.495000000000005,4.649999999999999,1.5396825396825395,2,55.84,17.43407812303249,56.77681748856127,2
62.17,82.98,60.52,73.41,75.16,4.5,73.62,6.5,4,4.4,0,71.75,-22.46,1.4444444444444444,0,61.69833333333333,28.935973746647385,99.2413275427591,2
72.53,83.88,73.06,57.14,63.62,83.2,60.56,16.6,8,8.6,1,78.47,-10.819999999999991,1.9080459770114944,0,70.24333333333333,11.585338435568753,96.84728158463165,2
99.56,86.93,53.07,78.05,84.61,10.2,92.42,25.7,6,7.5,0,70.0,-33.86000000000001,3.381578947368421,0,67.54666666666667,31.28605994155651,67.84518548279094,1
98.91,74.94,53.98,65.76,54.43,88.4,73.0,13.6,2,5.1,1,64.46,-20.96,2.615384615384616,0,68.41833333333334,13.2211685060991,69.17231152899943,2
73.04,95.64,82.61,70.41,52.97,45.7,81.17,25.5,8,5.4,1,89.125,-13.03,4.636363636363637,0,71.41666666666667,19.025393206624315,97.77747353048558,1
85.39,42.38,72.08,94.44,64.82,66.39999999999999,89.91,14.9,10,7.0,1,57.23,29.7,2.098591549295775,1,71.67166666666667,18.888822532563186,83.93449662333607,1
82.73,77.79,63.07,93.83,60.53,78.89999999999999,67.71,15.2,7,5.1,0,70.43,-14.720000000000006,2.923076923076924,0,73.63833333333334,12.42004898004298,89.01043555340667,1
79.98,78.64,58.49,53.48,55.78,39.1,88.27,15.6,4,6.4,0,68.565,-20.15,2.4,0,62.29333333333333,17.96939138275603,77.88613820121697,2
94.03,57.79,74.69,64.55,79.73,2.0,82.0,12.9,2,6.5,0,66.24,16.9,1.9545454545454548,0,60.126666666666665,29.928445777665548,63.94413130561168,2
60.32,40.16,56.82,66.03,52.13,45.2,97.9,18.0,10,5.6,0,48.49,16.660000000000004,3.1578947368421058,1,59.70666666666667,20.770024233656223,98.98320070733864,2
65.97,71.33,75.75,56.5,84.67,74.6,94.65,7.9,9,6.4,1,73.53999999999999,4.420000000000002,1.2153846153846155,0,76.25,12.858443140598323,115.58284068515992,1
61.99,64.72,93.71,70.18,80.34,83.0,61.76,25.9,10,7.4,1,79.215,28.989999999999995,3.453333333333333,0,75.61833333333334,12.20241028103328,121.98472871968598,1
53.86,85.1,67.61,83.84,60.38,40.2,69.29,22.7,5,5.3,0,76.35499999999999,-17.489999999999995,4.203703703703704,0,67.73666666666666,16.58686307493574,125.76432726822628,1
89.12,41.38,62.28,93.81,60.77,90.2,77.2,13.2,1,8.9,0,51.83,20.9,1.4666666666666666,1,70.94,19.92681710660285,79.60053859964093,2
79.45,69.55,51.35,92.05,91.44,25.7,89.75,20.7,1,4.7,0,60.45,-18.2,4.3125,0,69.97333333333333,27.005367367741297,88.07216278581917,1
96.91,57.05,56.29,80.94,54.52,45.8,79.44,29.9,9,5.4,0,56.67,-0.759999999999998,5.4363636363636365,0,62.34,14.406113979835087,64.32772675678466,2
56.14,74.67,79.42,82.32,87.11,79.0,65.73,9.1,8,8.3,0,77.045,4.75,1.0833333333333333,0,78.04166666666667,7.297976203487281,139.01258757867237,1
50.86,55.42,87.84,60.82,90.62,92.9,53.87,15.1,6,8.6,0,71.63,32.42,1.7356321839080462,0,73.57833333333333,18.697908350044575,144.66837069078517,2
97.77,65.13,58.53,57.84,87.42,0.3,54.07,16.5,9,4.7,0,61.83,-6.599999999999994,3.4375,0,53.88166666666667,28.84319914064088,55.11063380041594,2
75.02,59.88,98.29,98.71,53.47,73.60000000000001,56.49,19.7,2,7.0,0,79.08500000000001,38.41,2.7746478873239435,0,73.40666666666668,20.620821192829997,97.84946236559142,1
66.91,55.7,62.89,74.18,70.61,23.3,86.16,19.7,9,5.0,1,59.295,7.189999999999998,3.862745098039216,0,62.14000000000001,21.65291943364682,92.87102077417428,2
94.89,42.78,91.21,96.2,88.8,28.5,62.66,11.8,8,5.0,0,66.995,48.42999999999999,2.313725490196078,1,68.35833333333333,28.25111567118486,72.03955457196052,1
55.24,41.0,77.6,88.84,91.13,27.200000000000003,58.27,27.2,2,8.0,0,59.3,36.6,3.358024691358025,1,64.00666666666666,26.283436355748204,115.87014240888244,2
88.71,86.34,61.58,85.48,77.13,72.9,88.06,5.6,5,4.7,1,73.96000000000001,-24.760000000000005,1.1666666666666667,0,78.58166666666668,10.208456135315796,88.58264757825125,1
73.79,84.13,71.81,67.96,91.25,52.2,67.34,20.4,1,9.0,1,77.97,-12.319999999999991,2.241758241758242,0,72.44833333333332,13.759409023161808,98.18177711523693,1
84.43,69.98,42.26,89.67,68.2,37.7,86.11,18.5,1,4.4,0,56.120000000000005,-27.72000000000001,4.111111111111111,1,65.65333333333334,21.67541433667801,77.76066958821903,2
57.38,76.56,79.67,90.39,75.01,66.0,56.04,9.6,9,5.5,1,78.11500000000001,3.1099999999999994,1.7142857142857144,0,73.94500000000001,11.788962210474676,128.86894388288604,1
81.97,84.69,93.4,84.23,52.6,46.3,63.79,28.2,9,6.8,1,89.045,8.710000000000008,4.086956521739131,0,70.83500000000001,19.31154965299264,86.41576186409664,1
82.18,87.27,55.61,62.64,98.33,29.6,77.74,28.1,9,8.6,0,71.44,-31.66,3.229885057471265,0,68.53166666666667,24.662583333192543,83.39214731889348,1
86.47,83.73,57.71,74.14,86.77,46.6,78.18,8.1,4,5.2,0,70.72,-26.020000000000003,1.5283018867924527,0,71.18833333333333,15.772945719385037,82.32720403993677,1
89.53,88.27,67.35,93.59,58.3,49.3,84.44,26.1,9,8.7,1,77.81,-20.92,2.9659090909090917,0,73.54166666666667,17.865814749589976,82.14192635615623,1
92.53,48.5,77.49,58.53,61.85,29.9,66.07,16.1,1,7.9,1,62.995,28.989999999999995,2.0125,1,57.056666666666665,16.337742398099763,61.66288410965813,2
76.87,57.19,86.06,65.91,91.96,85.5,70.85,16.7,8,4.4,0,71.625,28.870000000000005,3.711111111111111,0,76.245,13.62322832518049,99.18693898790166,1
89.2,76.23,52.05,67.57,73.65,22.4,68.62,21.4,1,6.7,1,64.14,-24.180000000000007,3.147058823529412,0,60.086666666666666,20.28921946913352,67.36173393124065,2
65.21,48.95,66.71,60.7,52.48,26.1,53.57,26.6,7,8.0,0,57.83,17.75999999999999,3.283950617283951,1,51.41833333333333,13.94884857852671,78.85038082093749,2
53.68,70.62,71.92,98.72,74.28,69.5,68.03,10.7,8,5.5,0,71.27000000000001,1.2999999999999972,1.9107142857142856,0,75.51166666666667,11.56795300244026,140.67001987083955,1
73.41,56.72,46.66,61.14,87.81,55.1,87.05,11.2,10,8.8,0,51.69,-10.060000000000002,1.2584269662921348,1,65.74666666666667,17.441199117797684,89.56091359033738,2
72.53,55.39,56.63,83.41,77.71,72.0,64.58,26.7,9,7.4,0,56.010000000000005,1.240000000000002,3.56,0,68.28666666666666,11.377561543084116,94.1495473137552,2
99.54,95.49,93.52,77.38,54.87,7.5,82.55,13.6,4,8.7,0,94.505,-1.9699999999999989,1.5454545454545456,0,68.55166666666666,33.279057328395986,68.86846158998057,1
57.64,59.82,61.39,82.7,86.46,95.6,63.06,6.9,10,6.3,1,60.605,1.5700000000000005,1.0781250000000002,0,74.83833333333334,15.31700286174376,129.8374971084895,2
98.67,42.69,88.85,86.25,52.11,4.1,66.96,6.4,7,5.6,1,65.77,46.16,1.1228070175438598,1,56.82666666666666,31.61045565420825,57.59264889699672,2
50.38,99.03,65.6,71.79,78.49,60.7,67.43,19.7,10,8.6,1,82.315,-33.43000000000001,2.264367816091954,0,73.84,13.725934576559805,146.56609765780073,1
94.21,98.51,60.65,72.8,83.02,31.200000000000003,88.67,27.8,3,7.1,1,79.58,-37.86000000000001,3.861111111111112,0,72.475,24.06182931532846,76.92920072179174,1
92.74,70.98,49.71,60.27,85.74,56.0,58.07,6.3,5,7.2,0,60.345,-21.270000000000003,0.863013698630137,1,63.461666666666666,12.937473349408943,68.42965998130975,2
78.04,44.09,91.03,72.61,89.56,63.0,61.08,11.7,10,6.1,0,67.56,46.94,1.8870967741935485,1,70.22833333333334,18.062382364092137,89.99017597813086,1
84.13,43.46,55.26,88.03,76.62,69.1,87.99,18.9,9,6.2,1,49.36,11.799999999999995,3.0,1,70.07666666666667,17.97197447880078,83.2956931732636,1
55.28,45.42,51.73,58.02,64.24,96.7,86.49,12.0,4,4.9,0,48.575,6.309999999999995,2.4,1,67.10000000000001,20.243603434171494,121.38205499276414,2
71.43,45.6,92.32,57.43,95.68,72.30000000000001,95.87,26.1,7,4.5,0,68.96,46.71999999999999,5.673913043478262,1,76.53333333333333,21.584484859886437,107.14452377619114,0
77.26,54.86,72.02,88.2,56.71,31.5,72.52,13.1,10,8.6,0,63.44,17.159999999999997,1.5057471264367817,0,62.63499999999999,19.51566114688406,81.07041159720423,2
91.72,92.07,41.78,54.08,66.84,24.4,52.5,9.1,7,4.9,1,66.925,-50.28999999999999,1.82,1,55.278333333333336,22.94397735063968,60.268571013228666,2
53.16,45.72,90.0,91.22,78.31,80.60000000000001,90.15,6.1,6,7.5,1,67.86,44.28,0.8026315789473684,1,79.33333333333333,17.34692326225797,149.2350137948332,0
60.32,60.17,47.13,88.33,63.0,62.0,76.93,27.7,2,4.8,1,53.650000000000006,-13.04,5.653061224489797,1,66.26,14.371875312567946,109.84748010610082,2
68.17,43.33,41.08,98.86,61.24,68.4,98.33,29.3,6,8.0,0,42.205,-2.25,3.617283950617284,2,68.53999999999999,25.4937317786157,100.54276074519582,1
61.85,78.7,87.1,78.65,76.67,50.9,93.76,10.2,10,8.8,0,82.9,8.399999999999991,1.146067415730337,0,77.63,14.6113490136948,125.51333872271624,0
82.49,83.25,77.76,63.07,64.74,47.0,54.49,12.1,4,6.0,0,80.505,-5.489999999999995,1.9836065573770487,0,65.05166666666666,13.668333353656058,78.86006384612276,2
89.02,77.44,54.45,67.58,61.94,44.0,54.84,17.1,7,6.2,1,65.945,-22.989999999999995,2.7142857142857144,0,60.04166666666666,11.6515345198247,67.44739009960308,2
54.05,46.98,96.09,59.57,65.8,4.1,67.46,20.6,4,6.2,1,71.535,49.11000000000001,3.26984126984127,1,56.66666666666666,30.396145588983263,104.84119642306506,2
57.28,90.69,57.47,50.23,54.42,63.9,72.97,5.1,2,6.7,0,74.08,-33.22,0.75,0,64.94666666666666,14.909595120816212,113.38454376163872,2
60.19,68.11,63.8,82.36,95.23,75.8,63.36,27.6,5,7.8,0,65.955,-4.310000000000002,3.4936708860759498,0,74.77666666666667,12.4271069306845,124.23436894279229,1
89.91,55.2,59.96,95.26,63.98,60.0,60.55,14.0,5,6.6,0,57.58,4.759999999999998,2.0895522388059704,0,65.825,14.689236535640648,73.21210098987876,2
63.43,91.41,41.99,96.45,62.04,88.3,82.01,6.9,9,6.6,0,66.7,-49.42,1.0298507462686568,1,77.03333333333335,20.92001784575402,121.44621367386624,1
80.09,69.38,75.17,68.94,88.92,81.19999999999999,62.81,6.8,3,7.9,1,72.275,5.790000000000006,0.85,0,74.40333333333334,9.455192576921249,92.89965455529196,1
94.1,90.84,89.39,54.39,56.4,24.8,52.37,11.2,4,5.0,1,90.115,-1.4500000000000028,2.196078431372549,0,61.365,25.08141682600885,65.2125398512221,2
60.58,59.36,49.26,66.28,74.89,34.6,68.66,29.8,2,8.7,1,54.31,-10.1,3.3863636363636367,1,58.84166666666668,14.758135948237726,97.13051612193244,2
61.57,76.65,58.67,56.18,63.04,21.3,88.78,19.1,9,7.3,1,67.66,-17.980000000000004,2.5810810810810816,0,60.77,22.91395382730793,98.70066590872176,2
85.99,65.63,67.76,93.22,99.42,17.8,73.17,24.5,8,8.3,1,66.695,2.1300000000000097,2.9166666666666665,0,69.5,28.852064744139195,80.82335155250611,1
54.33,77.55,91.56,63.98,67.31,45.1,56.61,18.6,2,4.0,0,84.555,14.010000000000003,4.536585365853659,0,67.01833333333333,16.19427481138525,123.35419350880422,1
99.93,88.88,48.56,68.63,53.67,39.8,80.05,11.9,5,7.7,0,68.72,-40.31999999999999,1.5256410256410258,1,63.26500000000001,19.10787769481477,63.3093165215651,2
69.03,87.61,43.46,51.92,54.38,68.5,99.99,14.5,2,6.7,1,65.535,-44.15,2.1323529411764706,1,67.64333333333333,22.152567947456262,97.99121155053358,1
57.17,64.87,77.49,70.0,55.55,68.0,67.02,13.2,7,6.7,0,71.18,12.61999999999999,1.9411764705882355,0,67.155,7.148926492837927,117.46545390939303,2
76.02,62.69,51.6,63.65,50.85,34.2,65.37,6.7,4,4.5,1,57.145,-11.089999999999996,1.456521739130435,0,54.72666666666667,11.85301424392406,71.98982723844603,2
76.78,42.84,40.44,64.4,93.6,62.8,76.19,21.8,3,4.0,0,41.64,-2.4000000000000057,5.317073170731708,2,63.37833333333333,20.13383462400212,82.54536771728748,2
60.26,54.61,73.78,84.01,72.81,82.10000000000001,82.26,27.5,1,5.0,0,64.195,19.17,5.392156862745098,0,74.92833333333333,11.011843472673716,124.3417413430689,1
71.16,85.0,51.8,90.24,53.72,82.69999999999999,74.13,23.0,2,4.6,1,68.4,-33.2,4.893617021276596,0,72.93166666666666,16.478561122460498,102.48969458497282,1
79.31,85.93,53.38,62.6,55.61,98.5,84.08,15.6,10,5.7,1,69.655,-32.550000000000004,2.689655172413793,0,73.35,18.627843675530457,92.48518471819442,1
85.96,98.75,64.03,53.6,86.69,40.4,94.73,28.2,4,8.1,1,81.39,-34.72,3.439024390243903,0,73.03333333333333,23.84217160131741,84.96199782844735,1
64.11,83.53,86.92,59.07,80.27,99.7,99.47,25.4,2,7.9,1,85.225,3.390000000000001,3.175,0,84.82666666666665,15.005837086502927,132.31425154682054,0
80.67,72.36,68.19,58.43,76.21,0.1,82.72,20.2,8,8.0,1,70.275,-4.170000000000002,2.493827160493827,0,59.66833333333333,30.293969972036788,73.96595182017272,2
54.63,67.32,98.72,95.05,93.62,49.7,61.51,25.5,6,4.9,0,83.02,31.40000000000001,5.1,0,77.65333333333332,20.73719717480322,142.14412105680637,1
75.73,69.76,77.78,58.39,63.04,20.9,55.59,9.4,3,5.5,0,73.77000000000001,8.019999999999996,1.6785714285714288,0,57.57666666666668,19.67863071117161,76.02887451032176,2
97.94,61.52,59.15,71.03,56.47,100.0,58.37,26.8,10,8.6,1,60.335,-2.3700000000000045,3.0804597701149428,0,67.75666666666666,16.606121361313324,69.18181199373765,2
95.56,65.2,62.99,63.46,89.95,13.5,52.07,25.1,9,8.9,1,64.095,-2.210000000000001,2.788888888888889,0,57.86166666666667,25.070517678473788,60.55009069345612,2
55.69,85.16,93.34,86.9,88.94,34.6,56.38,11.4,5,7.7,1,89.25,8.180000000000007,1.4615384615384617,0,74.22,23.455186206892492,133.27347818279765,1
87.46,42.72,42.89,74.79,61.72,9.6,62.18,26.2,9,4.9,1,42.805,0.1700000000000017,5.24,2,48.98333333333333,22.93365968760038,56.00655537769647,2
76.32,44.74,57.15,55.97,50.63,33.6,99.92,24.9,9,6.1,0,50.945,12.409999999999997,4.016129032258065,1,57.001666666666665,22.722914792487927,74.68771837875613,2
91.54,80.44,55.56,68.27,75.45,20.5,75.15,9.8,9,7.5,1,68.0,-24.879999999999995,1.2894736842105263,0,62.56166666666667,22.338318125290154,68.34352924040492,2
82.28,46.65,59.68,69.25,99.1,13.8,61.6,10.4,9,4.7,0,53.165,13.03,2.166666666666667,1,58.34666666666666,27.97604808879672,70.91233187489871,2
75.78,98.43,62.65,76.02,56.93,28.8,74.31,17.1,6,4.6,0,80.54,-35.78000000000001,3.638297872340426,0,66.19000000000001,23.23046361999691,87.34494589601479,1
80.13,64.42,58.17,76.26,84.16,36.5,61.98,7.5,3,8.4,1,61.295,-6.25,0.8823529411764706,0,63.58166666666667,16.432765338392276,79.34814260160574,2
62.71,45.13,96.79,87.32,76.59,85.7,99.64,19.4,5,7.6,1,70.96000000000001,51.66,2.51948051948052,1,81.86166666666666,19.80129431796484,130.54005209163876,0
92.83,94.1,45.49,51.52,91.78,58.3,66.45,26.6,5,8.9,0,69.795,-48.60999999999999,2.955555555555556,1,67.94,20.598348477487217,73.18754712916083,2
89.18,49.8,96.48,89.48,63.82,56.0,90.35,15.5,4,4.4,0,73.14,46.68000000000001,3.4444444444444446,1,74.32166666666666,20.12438760973031,83.33893997159302,0
61.35,54.64,73.92,63.28,67.72,61.6,96.24,8.0,2,5.0,1,64.28,19.28,1.5686274509803924,0,69.56666666666668,14.557635339115574,113.39309970116815,1
91.25,72.09,83.03,64.65,78.86,65.19999999999999,66.3,29.7,1,7.7,1,77.56,10.939999999999998,3.807692307692308,0,71.68833333333333,7.757554812353354,78.56255707762557,1
85.63,73.23,86.73,85.07,79.54,97.7,79.83,14.1,7,7.4,0,79.98,13.5,1.88,0,83.68333333333332,8.354155054023515,97.72665343142978,0
54.81,67.09,99.93,69.91,94.89,85.0,69.09,21.2,6,5.9,1,83.51,32.84,3.533333333333333,0,80.985,14.32201068286154,147.7558839627805,1
84.51,52.0,71.52,80.89,57.24,28.3,65.55,20.0,10,4.8,0,61.76,19.52,4.081632653061225,0,59.25,18.29228033898453,70.1100461483848,2
83.5,61.01,60.54,95.59,57.99,99.7,86.43,15.5,6,7.2,1,60.775,-0.4699999999999988,2.1232876712328768,0,76.87666666666667,19.1713511956426,92.06786427145708,1
57.88,56.06,60.21,88.16,92.8,63.0,84.65,6.8,2,5.5,1,58.135000000000005,4.149999999999999,1.2142857142857144,0,74.14666666666666,16.12604559917485,128.10412347385395,1
67.43,54.11,50.97,88.42,83.84,37.1,68.8,13.9,5,8.6,0,52.54,-3.140000000000001,1.5977011494252875,0,63.87333333333334,20.02053312643464,94.72539423599784,2
86.48,94.9,94.53,52.19,53.0,80.7,50.82,29.2,2,8.5,1,94.715,-0.3700000000000045,3.3953488372093026,0,71.02333333333333,21.46628115595868,82.1268886833179,1
89.88,57.79,53.05,60.92,54.56,1.7000000000000002,56.74,17.8,9,6.7,0,55.42,-4.740000000000002,2.617647058823529,0,47.46,22.581561504909264,52.803738317757016,2
50.81,67.6,62.35,62.29,87.37,91.8,95.75,17.4,7,8.4,0,64.975,-5.249999999999993,2.047058823529412,0,77.86,15.447125298902709,153.23755166305844,1
96.63,41.46,62.97,53.74,73.39,99.1,72.43,19.6,10,5.1,0,52.215,21.51,3.76923076923077,1,67.18166666666666,19.722520545474573,69.52464728000275,2
80.84,89.89,65.39,83.45,99.0,1.0,96.76,21.2,3,4.7,0,77.64,-24.5,4.416666666666667,0,72.58166666666666,37.08335012733702,89.78434768266534,0
54.86,88.05,74.69,68.67,70.07,56.5,62.22,22.8,3,6.1,1,81.37,-13.36,3.6774193548387104,0,70.03333333333335,10.88433859573776,127.65828168671771,1
90.87,96.67,83.31,59.37,82.52,66.5,82.59,16.8,3,7.3,0,89.99000000000001,-13.36,2.2702702702702706,0,78.49333333333334,13.38753250851951,86.3798099849602,0
79.91,74.3,89.05,70.65,69.42,3.5,62.1,22.5,9,4.2,0,81.675,14.75,5.232558139534884,0,61.50333333333334,29.778016499872297,76.965753138948,2
88.3,93.45,53.37,64.34,71.31,20.9,56.32,26.9,1,8.7,0,73.41,-40.080000000000005,3.056818181818182,0,59.94833333333333,23.88282848966317,67.89165722914306,2
78.67,59.14,58.62,85.13,82.45,66.3,59.67,18.6,5,4.8,1,58.88,-0.5200000000000031,3.795918367346939,0,68.55166666666666,12.158752266029056,87.13825685352315,2
86.93,86.27,46.25,67.26,70.26,97.6,96.68,9.8,2,7.4,0,66.25999999999999,-40.02,1.3066666666666669,1,77.38666666666667,19.912588648055443,89.02181832125464,1
99.16,84.22,83.04,61.62,87.28,43.4,99.41,24.0,2,6.8,1,83.63,-1.1799999999999926,3.4782608695652177,0,76.49499999999999,20.300102216491425,77.14300121016538,0
95.78,53.65,65.71,62.53,87.54,91.3,71.19,29.5,10,5.6,1,59.67999999999999,12.059999999999995,5.175438596491229,0,71.98666666666666,14.701048488684972,75.15834899422288,2
84.69,67.19,71.16,51.8,59.85,48.1,81.15,10.2,2,8.8,0,69.175,3.969999999999999,1.146067415730337,0,63.208333333333336,12.41512209632538,74.63494312591018,2
67.44,64.56,46.64,50.35,62.41,52.9,77.77,11.2,3,7.2,1,55.6,-17.92,1.5342465753424657,1,59.105,11.48556093536576,87.64086595492289,2
76.53,65.87,41.91,73.98,54.88,20.8,90.91,13.7,1,8.2,1,53.89,-23.960000000000008,1.6506024096385543,1,58.05833333333334,24.70954262358304,75.86349579685528,2
53.77,46.93,47.88,55.07,83.82,56.8,72.15,6.8,4,4.6,1,47.405,0.9500000000000028,1.446808510638298,2,60.44166666666666,14.602114116341737,112.40778625007746,2
72.88,53.07,98.34,60.72,86.53,32.5,68.27,19.4,9,7.0,0,75.705,45.27,2.732394366197183,0,66.57166666666666,23.612970517634302,91.3442188071716,1
90.74,73.29,50.63,60.58,69.95,48.4,77.69,25.3,10,6.4,1,61.96000000000001,-22.660000000000004,3.892307692307692,0,63.423333333333325,12.173255384927511,69.89567261773564,2
90.97,46.26,62.68,87.95,92.15,30.8,68.5,10.9,7,5.6,0,54.47,16.42,1.9122807017543864,1,64.72333333333333,23.67203300662338,71.14799750833608,2
77.63,78.73,85.19,56.17,91.89,1.3,89.14,19.6,3,8.7,0,81.96000000000001,6.459999999999994,2.2272727272727275,0,67.07000000000001,34.675380891923886,86.39701146463997,1
79.45,71.86,65.04,77.78,97.66,27.8,95.27,10.4,1,8.7,1,68.45,-6.819999999999993,1.181818181818182,0,72.56833333333334,25.430297219392987,91.33836794629748,1
97.81,53.21,90.39,92.61,92.14,93.6,83.58,23.8,4,7.6,1,71.8,37.18,3.0909090909090917,0,84.25499999999998,15.628142244041674,86.14149882425109,0
62.15,79.92,51.57,94.38,56.55,76.2,89.32,6.4,1,6.8,1,65.745,-28.35,0.927536231884058,0,74.65666666666667,17.291346583382875,120.12335746849024,1
96.65,65.2,54.29,55.89,81.77,88.10000000000001,80.28,20.5,8,5.1,1,59.745000000000005,-10.910000000000004,3.942307692307693,0,70.92166666666667,14.392085903949669,73.37989308501466,2
83.38,95.58,43.46,55.49,85.69,54.0,77.65,12.2,10,8.1,0,69.52,-52.12,1.4878048780487805,1,68.645,20.586065918479903,82.3278963780283,2
89.78,86.98,68.53,82.89,82.72,14.9,99.58,29.9,5,7.7,1,77.755,-18.450000000000003,3.833333333333333,0,72.6,29.962837649328208,80.86433504121185,0
55.24,88.23,87.16,77.01,55.22,48.7,65.87,22.4,8,4.7,1,87.695,-1.0700000000000074,4.666666666666667,0,70.365,16.518683664263325,127.38052136133236,1
94.84,81.01,59.44,89.14,50.35,57.0,91.1,5.5,5,4.3,0,70.225,-21.570000000000007,1.2500000000000002,0,71.33999999999999,17.824882608309093,75.22142555883592,1
51.64,61.46,97.39,74.25,96.18,47.400000000000006,97.45,27.6,9,8.4,1,79.425,35.93,3.247058823529412,0,79.02166666666666,21.459348933895143,153.02414149238317,0
78.81,92.02,50.56,89.49,92.06,40.5,85.54,26.3,5,7.9,0,71.28999999999999,-41.46,3.2875,0,75.02833333333334,23.191957585910394,95.20153956773676,1
52.38,72.32,71.72,78.18,59.97,13.2,67.99,27.0,2,4.3,1,72.02,-0.5999999999999943,6.136363636363637,0,60.56333333333333,23.965934712976804,115.62301132747866,2
88.11,98.07,83.2,83.52,76.11,49.6,67.67,25.9,6,6.1,0,90.635,-14.86999999999999,4.17741935483871,0,76.36166666666666,16.498796824819273,86.66628835168162,1
53.84,92.95,59.72,53.18,76.99,87.10000000000001,81.03,19.3,8,4.2,1,76.33500000000001,-33.230000000000004,4.488372093023256,0,75.16166666666668,15.61004473621606,139.60190688459636,1
50.26,81.53,89.0,63.09,98.89,19.3,86.19,24.5,5,7.9,1,85.265,7.469999999999999,3.0625,0,73.0,28.826818069290965,145.24472741742937,0
75.71,51.78,57.48,93.23,95.68,42.2,92.75,9.9,4,6.5,0,54.63,5.699999999999996,1.5000000000000002,0,72.18666666666667,24.28797041061,95.3462774622463,1
78.33,71.4,41.52,70.14,89.09,50.6,87.99,22.7,9,8.3,0,56.46000000000001,-29.880000000000003,2.702380952380952,1,68.45666666666666,19.304025141577767,87.39520830673645,2
91.08,54.55,46.6,60.38,73.72,7.800000000000001,66.85,6.6,4,6.4,1,50.575,-7.949999999999996,1.015384615384615,1,51.65,23.456652787642145,56.70838823012736,2
83.17,78.14,63.62,60.02,69.06,68.89999999999999,70.14,27.1,6,5.7,0,70.88,-14.520000000000003,4.672413793103448,0,68.31333333333333,6.190452864424917,82.13698849745501,2
91.69,74.11,57.36,64.63,91.58,22.200000000000003,54.53,10.4,2,5.9,1,65.735,-16.75,1.7333333333333334,0,60.73499999999999,23.15303241478316,66.23950267204711,2
51.96,77.75,53.26,68.8,56.58,25.3,76.25,24.1,7,6.8,0,65.505,-24.49,3.492753623188406,0,59.656666666666666,19.580968992025568,114.81267641775725,2
51.09,72.62,93.79,75.98,79.31,6.9,76.51,29.6,9,4.9,1,83.20500000000001,21.17,5.92,0,67.51833333333333,30.601644019017456,132.15567299536764,1
85.03,49.95,58.22,52.4,95.96,99.6,81.7,6.2,6,6.0,1,54.085,8.269999999999996,1.0163934426229508,1,72.97166666666666,22.29133321868987,85.81873064408639,2
55.24,41.6,57.7,83.76,89.4,10.1,97.87,23.9,3,6.1,0,49.650000000000006,16.1,3.85483870967742,1,63.40500000000001,33.547966704407,114.78095582910936,1
85.77,92.8,45.89,74.67,81.98,52.1,50.32,5.8,7,5.0,0,69.345,-46.91,1.1372549019607845,1,66.29333333333334,19.451156949309382,77.29198243364037,2
56.11,76.16,88.46,87.69,64.12,38.7,70.86,8.2,9,4.3,1,82.31,12.299999999999995,1.863636363636364,0,70.99833333333333,18.442761633406928,126.53418879581773,1
59.96,84.0,83.36,80.78,69.71,86.5,75.25,20.8,5,8.8,1,83.68,-0.6400000000000006,2.337078651685393,0,79.93333333333334,6.301871679641429,133.31109628641315,1
95.17,69.96,60.82,83.96,73.18,22.3,56.9,20.2,5,8.9,1,65.39,-9.139999999999992,2.2444444444444445,0,61.18666666666667,21.307833927142077,64.29196875766173,2
98.0,97.34,75.29,53.5,64.69,56.6,61.84,29.0,8,6.9,0,86.315,-22.05,4.142857142857143,0,68.21,16.142037046172334,69.60204081632652,2
97.79,45.27,56.32,75.36,59.19,5.2,79.16,10.6,7,4.1,1,50.795,11.049999999999995,2.523809523809524,1,53.41666666666666,26.74772862630893,54.623853836452255,2
92.22,82.75,58.54,57.46,84.97,91.8,57.74,27.5,4,7.6,1,70.645,-24.21,3.571428571428572,0,72.21000000000001,15.946721293105988,78.30188679245283,2
77.78,59.64,82.77,58.47,69.02,46.4,58.74,7.3,1,5.4,1,71.205,23.129999999999995,1.3272727272727272,0,62.50666666666666,12.256844074502483,80.36341818805175,2
94.49,71.78,46.4,64.83,88.5,34.6,78.22,11.7,7,8.4,1,59.09,-25.380000000000003,1.376470588235294,1,64.055,20.18800411135286,67.79024235368823,2
81.23,94.37,75.21,52.24,51.75,83.80000000000001,73.1,27.3,1,5.0,0,84.78999999999999,-19.16000000000001,5.352941176470589,0,71.745,17.03702409460056,88.32327957651114,1
50.42,82.11,77.65,54.11,85.91,67.1,93.85,24.2,1,8.2,0,79.88,-4.459999999999994,2.91566265060241,0,76.78833333333334,14.223491015452804,152.29736876900702,1
70.41,65.74,52.81,68.25,83.56,9.5,55.81,9.9,3,8.7,0,59.275,-12.929999999999993,1.1250000000000002,0,55.945,25.20685521837264,79.45604317568528,2
68.12,96.0,40.8,61.15,92.31,91.3,98.37,22.1,1,6.8,0,68.4,-55.2,3.202898550724638,1,79.98833333333333,23.514441023904155,117.4226854570366,1
64.22,58.31,57.63,59.12,55.16,86.19999999999999,57.21,19.0,9,5.9,1,57.97,-0.6799999999999997,3.1666666666666665,0,62.271666666666654,11.79774794893782,96.96615799854663,2
97.82,55.97,57.88,50.75,81.51,68.4,67.41,16.6,1,4.0,1,56.925,1.910000000000004,4.048780487804879,0,63.65333333333333,11.084808824091947,65.07190077012199,2
95.41,71.38,92.24,59.35,91.53,8.6,51.12,13.1,10,5.1,1,81.81,20.86,2.5192307692307696,0,62.370000000000005,31.14674429214071,65.37050623624359,2
73.99,59.48,80.61,76.57,61.0,46.2,77.94,24.4,4,7.8,0,70.045,21.130000000000003,3.088607594936709,0,66.96666666666665,13.577071358237262,90.50772626931564,1
88.27,81.11,57.34,81.64,56.24,80.1,60.61,13.6,1,4.5,1,69.225,-23.77,2.956521739130435,0,69.50666666666666,12.627404589489744,78.7432498772705,2
98.15,42.41,58.58,64.58,51.85,48.3,95.77,21.3,7,7.9,1,50.495,16.17,2.6625,1,60.24833333333333,19.05169957422872,61.38393615214807,2
65.14,40.68,42.28,50.34,94.28,94.4,56.29,24.5,3,4.7,0,41.48,1.6000000000000014,5.104166666666667,2,63.04500000000001,24.888498347630374,96.78385016886708,2
92.52,89.7,50.5,83.38,58.08,34.1,60.43,12.4,3,8.8,0,70.1,-39.2,1.3932584269662922,0,62.69833333333333,20.736246928185118,67.76732958639573,2
89.96,88.48,53.83,57.57,75.45,80.7,61.41,17.7,5,5.6,1,71.155,-34.650000000000006,3.105263157894737,0,69.57333333333332,13.959745938471327,77.33807618200682,2
70.89,70.65,79.46,60.87,72.3,95.1,51.62,14.6,4,4.6,1,75.055,8.809999999999988,3.1063829787234045,0,71.66666666666667,15.031491831041476,101.09559411294497,2
67.96,74.11,54.53,72.86,65.49,60.0,66.29,19.9,8,6.1,0,64.32,-19.58,3.209677419354839,0,65.54666666666667,7.476680190209199,96.44889150480677,2
73.97,87.78,72.64,80.37,96.22,2.4,87.24,27.7,4,4.4,1,80.21000000000001,-15.14,6.155555555555555,0,71.10833333333333,34.57666983193533,96.1313144968681,1
88.86,47.36,47.94,92.9,65.73,67.0,85.9,8.4,8,8.8,1,47.65,0.5799999999999983,0.9438202247191012,2,67.805,18.84015896960533,76.30542426288545,2
67.72,85.66,74.57,72.38,88.06,62.1,71.95,7.1,4,8.8,0,80.115,-11.090000000000003,0.797752808988764,0,75.78666666666666,9.62546552986746,111.91179366016932,1
83.61,64.38,66.03,94.07,80.25,49.3,64.69,15.4,7,4.7,0,65.205,1.6500000000000057,3.208333333333333,0,69.78666666666668,15.415483990672062,83.46688992544753,1
80.56,71.01,64.33,71.5,68.72,12.1,69.22,13.0,8,4.4,0,67.67,-6.680000000000007,2.888888888888889,0,59.48,23.34974689370315,73.83316782522343,2
52.13,47.3,79.05,76.63,55.3,9.6,88.0,23.5,8,6.9,0,63.175,31.75,3.357142857142857,1,59.31333333333333,28.78947840212925,113.77965343052624,1
86.7,56.31,91.76,50.02,72.33,8.8,96.33,9.5,9,6.3,1,74.035,35.45,1.4843750000000002,0,62.59166666666667,32.17126507718754,72.19338715878509,1
85.24,44.67,72.07,64.67,86.8,25.7,70.77,20.9,8,4.1,1,58.37,27.39999999999999,4.976190476190476,1,60.78,21.952563403848764,71.30455185358986,2
73.68,96.26,50.08,93.4,90.32,8.8,83.38,12.8,6,8.7,1,73.17,-46.18000000000001,1.4545454545454548,0,70.37333333333333,34.55570729512951,95.5121245023525,1
95.76,78.92,96.04,79.86,81.29,53.1,52.45,17.6,1,8.1,0,87.48,17.120000000000005,2.1463414634146347,0,73.61,17.307522064119983,76.86925647451963,1
91.82,48.14,87.17,95.91,71.08,87.5,81.96,25.4,2,5.7,0,67.655,39.03,4.379310344827586,1,78.62666666666667,17.017275535956593,85.631307630872,1
93.98,56.52,79.95,56.22,67.09,47.6,54.26,8.5,7,6.5,0,68.235,23.43,1.2878787878787878,0,60.27333333333333,11.497206037410423,64.13421295311059,2
84.67,63.67,51.28,86.13,99.85,91.3,73.85,17.4,3,7.5,0,57.475,-12.39,2.289473684210526,0,77.67999999999999,18.200685701368503,91.74441951104286,1
57.79,89.61,49.49,79.7,53.59,60.6,58.88,19.4,4,8.5,0,69.55,-40.12,2.255813953488372,1,65.31166666666667,15.80330271388442,113.01551594854936,2
68.75,46.45,63.36,79.01,90.63,67.0,98.32,26.2,2,6.3,0,54.905,16.909999999999997,4.09375,1,74.12833333333333,19.04853108947424,107.8230303030303,1
98.56,63.55,64.25,62.97,55.75,64.5,71.44,22.3,8,4.4,0,63.9,0.7000000000000028,4.955555555555556,0,63.74333333333333,4.991928151192349,64.67464826839827,2
94.8,93.95,43.01,88.66,86.33,86.5,72.01,12.0,4,4.5,1,68.48,-50.940000000000005,2.608695652173913,1,78.41,18.80876710473071,82.71097046413502,1
89.15,67.58,62.47,93.35,53.9,50.8,71.67,23.9,3,5.8,1,65.025,-5.109999999999999,4.050847457627119,0,66.62833333333334,15.298430529523824,74.73733408113667,2
53.47,87.09,54.19,61.44,55.01,2.4,61.52,18.8,7,7.0,0,70.64,-32.900000000000006,2.647887323943662,0,53.60833333333333,27.819230339221587,100.25871205037092,2
71.36,40.15,70.14,52.32,53.32,59.1,56.07,21.6,10,6.6,0,55.145,29.99,3.223880597014926,1,55.18333333333333,9.772411507231295,77.33090433482809,2
97.77,45.54,52.34,83.7,65.04,53.1,85.83,8.0,5,6.5,0,48.94,6.800000000000004,1.2121212121212122,1,64.25833333333334,17.093023625639397,65.72397804370803,2
73.96,68.56,81.7,91.91,94.42,53.8,59.08,10.5,4,5.2,0,75.13,13.14,1.981132075471698,0,74.91166666666666,17.04281481054895,101.2867315666126,1
64.02,57.39,43.41,69.93,84.75,88.10000000000001,62.3,7.5,6,4.4,0,50.4,-13.980000000000004,1.6666666666666667,1,67.64666666666668,16.95451876835986,105.66489638654588,2
97.6,43.49,90.67,64.16,55.12,34.4,93.19,19.5,5,5.3,0,67.08,47.18,3.611111111111112,1,63.505,24.23870850519887,65.06659836065573,1
93.08,66.85,56.51,58.09,95.85,73.60000000000001,52.95,7.2,7,6.0,1,61.67999999999999,-10.339999999999996,1.1803278688524592,0,67.30833333333332,15.888142014303202,72.31234780117461,2
96.16,43.28,77.47,50.72,83.4,22.1,73.92,21.3,4,8.7,1,60.375,34.19,2.420454545454546,1,58.48166666666668,23.810846618015635,60.817041042706606,2
91.55,97.51,49.0,99.66,57.91,84.60000000000001,85.53,25.3,5,6.8,0,73.255,-48.510000000000005,3.666666666666667,1,79.03500000000001,20.92002557359813,86.32987438558166,1
51.44,86.53,86.92,57.05,71.2,16.4,54.05,20.9,7,6.1,0,86.725,0.3900000000000005,3.370967741935484,0,62.025,26.360684930403465,120.57737169517884,2
99.08,48.57,44.64,51.4,59.33,48.2,88.87,12.9,4,5.7,1,46.605,-3.93,2.224137931034483,2,56.835,16.453552503942728,57.36273718207509,2
98.51,79.54,89.0,65.39,51.19,19.1,71.59,20.9,8,4.8,0,84.27000000000001,9.459999999999994,4.26530612244898,0,62.63500000000001,24.87954400707537,63.582377423611824,1
85.65,68.74,82.58,86.03,63.32,9.3,68.75,6.6,9,5.1,1,75.66,13.840000000000003,1.2692307692307694,0,63.120000000000005,27.797386208059205,73.6952714535902,1
52.27,97.25,70.86,95.72,75.06,29.2,60.35,7.6,4,5.9,1,84.055,-26.39,1.2666666666666666,0,71.40666666666668,25.20442156976959,136.61118551112813,1
66.94,80.88,63.37,81.34,93.26,41.3,56.1,9.0,5,6.3,0,72.125,-17.509999999999998,1.4062500000000002,0,69.37500000000001,19.21723575335433,103.63758589781897,2
69.68,56.91,88.51,94.52,99.67,42.400000000000006,60.13,16.6,5,7.0,0,72.71000000000001,31.60000000000001,2.338028169014085,0,73.69,23.549895116539265,105.75487944890928,1
96.09,45.86,45.63,74.13,81.53,9.8,51.66,7.8,10,4.5,0,45.745000000000005,-0.2299999999999968,1.6956521739130437,2,51.435,25.37350803495646,53.52794255385576,2
97.33,74.55,98.1,89.85,57.73,6.6000000000000005,72.9,11.1,4,8.0,1,86.32499999999999,23.55,1.3703703703703705,0,66.62166666666667,32.60177628085112,68.44926196102607,1
60.83,74.02,43.16,77.75,58.45,17.3,96.06,21.0,9,6.1,0,58.59,-30.86,3.387096774193549,1,61.123333333333335,27.977324151295576,100.4822182037372,2
98.24,85.76,65.13,90.51,99.62,97.1,80.86,9.0,7,6.3,0,75.445,-20.63000000000001,1.4062500000000002,0,86.49666666666667,12.566690362488712,88.0462812160695,0
54.57,80.93,78.59,88.03,74.97,21.200000000000003,69.3,8.7,10,6.5,1,79.76,-2.3400000000000034,1.318181818181818,0,68.83666666666666,24.15303183177356,126.1437908496732,1
85.85,43.72,44.33,66.78,56.88,6.4,97.85,12.2,5,4.4,0,44.025,0.6099999999999994,2.711111111111111,2,52.66,30.161627940149383,61.33954571927781,2
99.64,84.62,59.93,60.36,78.78,42.6,98.85,26.8,8,8.7,0,72.275,-24.690000000000005,3.045454545454546,0,70.85666666666668,20.316724801666894,71.11267228689952,1
61.13,79.05,98.5,61.19,88.91,43.4,90.46,27.8,5,6.1,1,88.775,19.450000000000003,4.483870967741936,0,76.91833333333332,20.82473665299676,125.82747150880634,0
65.74,71.08,62.36,75.73,78.8,40.5,55.39,28.9,3,5.7,0,66.72,-8.719999999999999,4.982758620689655,0,63.97666666666667,14.3932465645061,97.31771625595782,2
87.48,95.71,57.67,59.98,86.52,51.5,63.14,17.0,6,5.9,0,76.69,-38.03999999999999,2.833333333333333,0,69.08666666666666,17.723703525693114,78.97424173144337,2
78.64,88.09,76.13,84.03,52.63,87.10000000000001,89.11,29.9,4,6.3,0,82.11,-11.960000000000008,4.671875,0,79.515,13.98408774285974,101.11266531027468,0
83.07,42.3,71.12,64.0,98.28,71.6,62.25,11.3,5,6.1,1,56.71,28.820000000000007,1.8225806451612907,1,68.25833333333334,18.1588814817066,82.1696561133181,2
99.67,59.41,89.22,81.16,58.99,66.2,72.31,27.2,9,5.4,0,74.315,29.81,4.945454545454545,0,71.21499999999999,12.151057155655222,71.45078759907695,1
81.38,96.53,93.45,75.57,54.8,13.1,51.62,8.9,8,8.0,0,94.99,-3.0799999999999983,1.0987654320987654,0,64.17833333333334,31.266249801769742,78.86253788809701,1
78.82,42.29,90.66,86.3,67.91,59.1,61.39,25.9,2,8.3,0,66.475,48.37,3.083333333333333,1,67.94166666666666,18.067979872322933,86.19851137613128,1
59.64,83.1,81.05,63.03,92.16,26.3,92.32,19.1,1,6.4,0,82.07499999999999,-2.049999999999997,2.9384615384615387,0,72.99333333333333,25.248648016610048,122.38989492510618,0
69.58,98.55,45.61,76.35,91.57,19.1,67.45,29.0,2,6.0,1,72.08,-52.94,4.754098360655738,1,66.43833333333333,29.7884597901044,95.48481364376735,2
65.05,84.06,59.42,97.41,93.33,54.6,59.49,6.8,7,8.0,0,71.74000000000001,-24.64,0.8395061728395062,0,74.71833333333335,19.07491065946749,114.86292595439409,1
89.74,99.76,50.96,54.64,82.37,31.0,57.48,8.9,10,7.5,1,75.36,-48.8,1.1710526315789476,0,62.70166666666668,24.475629035157947,69.87036624322117,2
76.34,43.15,62.89,96.06,53.38,65.7,68.3,14.1,6,5.0,0,53.02,19.74,2.764705882352941,1,64.91333333333334,17.849131818289276,85.03187494541962,2
85.0,65.79,89.79,71.94,84.95,83.2,60.19,20.6,5,8.7,1,77.79,24.0,2.3409090909090917,0,75.97666666666667,11.771041868359262,89.3843137254902,1
69.06,94.42,84.99,85.3,81.54,65.0,59.6,6.0,10,4.0,1,89.705,-9.430000000000009,1.4634146341463417,0,78.47500000000001,13.345443791796509,113.63307269041417,1
99.28,60.33,80.58,61.31,90.38,86.30000000000001,63.96,27.2,9,5.0,1,70.455,20.25,5.333333333333334,0,73.81,13.500968854123029,74.34528605962933,1
95.81,66.69,65.86,84.34,90.08,38.9,65.91,10.9,6,5.6,0,66.275,-0.8299999999999983,1.9122807017543864,0,68.63,17.942209451458314,71.63135372090595,2
58.32,65.74,83.71,77.68,79.85,93.2,52.21,17.0,9,5.0,0,74.725,17.97,3.333333333333333,0,75.39833333333333,14.435987554257126,129.2838363054412,1
74.6,80.42,72.57,78.27,66.38,88.6,84.45,23.1,4,8.1,0,76.495,-7.850000000000008,2.817073170731708,0,78.44833333333334,8.039839343336824,105.15862377122431,1
59.54,43.95,75.61,82.13,66.19,57.8,89.09,9.3,3,4.0,1,59.78,31.66,2.268292682926829,1,69.12833333333333,16.615877246376932,116.10401970663978,1
58.43,64.43,87.6,75.44,70.44,83.4,73.96,10.6,8,7.6,1,76.015,23.169999999999987,1.3766233766233766,0,75.87833333333332,8.467406726186397,129.86194306577667,1
72.3,79.1,85.92,76.36,72.09,4.8,61.54,14.5,1,5.1,0,82.50999999999999,6.820000000000007,2.7884615384615388,0,63.30166666666668,29.780798120041485,87.55417242969112,1
61.32,76.98,53.05,68.42,62.69,92.4,62.27,14.0,3,5.5,0,65.015,-23.930000000000007,2.5,0,69.30166666666666,13.787982327616566,113.01641661230704,2
50.82,84.76,42.85,75.87,68.06,33.3,68.43,12.0,3,8.2,1,63.80500000000001,-41.91,1.4457831325301207,1,62.21166666666667,19.892745830243417,122.4157155975338,2
74.31,96.12,76.27,86.32,57.99,85.1,66.4,9.3,5,8.9,1,86.195,-19.85000000000001,1.0333333333333334,0,78.03333333333332,14.042173146157491,105.01054142555958,1
93.09,87.76,54.62,53.38,68.06,83.2,98.73,27.8,1,5.6,0,71.19,-33.14000000000001,4.877192982456141,0,74.29166666666667,18.553126331340135,79.80628066029291,1
82.21,56.24,80.47,88.93,84.71,22.1,67.06,14.0,10,5.5,0,68.355,24.23,2.5,0,66.58500000000001,24.9269643157766,80.99379637513687,1
84.15,87.36,86.91,95.81,77.81,97.4,74.43,8.0,4,5.4,1,87.13499999999999,-0.4500000000000028,1.4545454545454546,0,86.62,9.24671184800305,102.93523469994058,0
57.73,64.31,62.39,99.89,51.22,55.5,56.05,22.6,3,7.8,0,63.35,-1.9200000000000017,2.8607594936708867,0,64.89333333333333,17.803218435627493,112.4083376638374,2
82.55,95.63,95.96,95.96,61.56,76.0,90.94,21.5,9,4.1,0,95.795,0.3299999999999983,5.11904761904762,0,86.00833333333333,14.23275717022765,104.18938017363212,0
76.14,43.55,94.58,78.88,50.29,65.6,77.95,14.8,6,5.8,0,69.065,51.03,2.508474576271187,1,68.475,19.18189849832388,89.93301812450748,1
67.37,60.41,68.65,74.84,66.89,17.8,76.34,6.8,8,8.7,1,64.53,8.240000000000009,0.7727272727272728,0,60.82166666666668,21.847073411939338,90.28004551976647,2
81.37,62.86,81.21,73.05,86.4,64.6,93.01,8.9,4,6.8,1,72.035,18.349999999999994,1.2898550724637683,0,76.855,12.09611631888517,94.4512719675556,0
96.27,76.1,50.48,78.33,87.65,25.4,87.55,22.4,4,7.7,0,63.28999999999999,-25.62,2.871794871794872,0,67.585,24.74397280147228,70.20359405837748,1
72.77,81.68,85.8,94.88,78.41,20.7,85.16,21.3,9,7.8,1,83.74000000000001,4.11999999999999,2.6962025316455698,0,74.43833333333333,26.89954528735879,102.29261142412166,0
92.17,78.34,83.8,92.3,75.72,30.2,58.49,9.8,7,4.4,0,81.07,5.459999999999994,2.177777777777778,0,69.80833333333332,22.388852955581857,75.73867129579399,1
82.98,83.83,89.9,52.98,53.42,33.6,70.94,16.7,5,5.9,1,86.86500000000001,6.070000000000007,2.783333333333333,0,64.11166666666666,21.305701036733492,77.26158913794488,1
88.89,92.44,60.76,82.67,64.59,93.7,92.75,27.4,5,4.6,1,76.6,-31.68,5.829787234042554,0,81.15166666666667,14.911892457587893,91.29448381895226,0
82.04,76.92,75.98,95.35,92.77,65.19999999999999,95.61,16.1,2,7.8,1,76.45,-0.9399999999999976,2.037974683544304,0,83.63833333333334,12.709283877019455,101.94823663253698,0
58.94,84.45,96.95,75.94,80.74,66.10000000000001,53.68,13.3,9,4.6,1,90.7,12.5,2.829787234042554,0,76.31000000000002,15.022596313553793,129.4706481167289,1
67.54,81.49,52.88,70.44,83.94,23.5,86.25,11.0,6,6.8,1,67.185,-28.609999999999992,1.5942028985507248,0,66.41666666666667,24.3676118375738,98.33678807620174,1
95.15,48.32,67.37,95.57,54.87,91.6,95.71,19.6,2,6.8,0,57.845,19.050000000000004,2.840579710144928,1,75.57333333333334,21.451680276068505,79.42546855841654,1
99.5,69.98,86.17,92.04,50.14,48.1,58.06,10.3,3,8.5,0,78.075,16.189999999999998,1.1976744186046513,0,67.415,18.567340951250937,67.75376884422111,1
64.51,77.61,72.57,92.04,67.69,48.6,78.54,23.6,3,8.9,1,75.09,-5.040000000000006,2.6222222222222222,0,72.84166666666668,14.408718772558048,112.9153102878107,1
76.78,62.84,96.94,91.09,63.17,91.7,76.75,19.2,7,6.0,1,79.89,34.099999999999994,3.1475409836065573,0,80.415,15.06044720451554,104.73430580880438,0
76.47,90.33,97.07,81.63,70.86,23.0,81.01,22.9,8,7.4,0,93.7,6.739999999999995,3.053333333333333,0,73.98333333333333,26.52209921304621,96.74818011420602,0
54.16,91.41,81.82,56.17,98.8,58.5,68.01,23.3,6,4.1,1,86.615,-9.590000000000003,5.547619047619048,0,75.785,17.630780754124302,139.92799113737075,1
86.1,88.67,76.01,78.78,86.63,76.7,53.16,12.8,10,6.7,0,82.34,-12.659999999999997,1.8823529411764708,0,76.65833333333335,12.655508550298036,89.0340689121177,1
57.84,82.08,59.86,85.52,71.06,27.6,58.92,18.2,1,7.6,1,70.97,-22.22,2.363636363636364,0,64.17333333333333,21.01221612935358,110.94974642692485,2
80.42,52.28,56.99,77.91,87.63,26.4,52.98,26.4,9,6.7,0,54.635000000000005,4.710000000000001,3.882352941176471,0,59.031666666666666,21.565981931427714,73.4042112244052,2
81.37,98.81,84.99,75.36,73.7,98.0,94.32,22.2,8,8.0,1,91.9,-13.820000000000007,2.740740740740741,0,87.53000000000002,11.214212411043404,107.57035762566056,0
82.72,41.33,94.63,88.67,64.91,25.2,81.84,7.0,10,5.1,0,67.97999999999999,53.3,1.3461538461538465,1,66.09666666666665,27.78090111329484,79.90409413281752,1
65.57,72.24,81.73,57.59,70.93,70.5,79.61,15.4,10,5.1,0,76.985,9.490000000000007,2.961538461538462,0,72.10000000000001,8.52790243846633,109.95882263230138,1
55.71,75.46,86.55,69.41,70.57,25.1,86.0,24.1,4,8.1,0,81.005,11.090000000000003,2.939024390243903,0,68.84833333333334,22.664682143517183,123.58343804224258,1
83.01,76.47,97.78,71.9,83.74,77.5,87.74,16.7,2,7.1,0,87.125,21.31,2.3194444444444446,0,82.52166666666666,9.34014650134925,99.41171746375936,0
90.13,71.73,45.64,62.64,55.29,13.0,87.29,20.2,6,6.7,0,58.685,-26.090000000000003,2.9705882352941178,1,55.931666666666665,25.40626805862417,62.05665890010725,2
69.65,68.17,97.4,53.2,53.66,43.3,93.89,22.7,1,8.9,1,82.785,29.230000000000004,2.522222222222222,0,68.27,22.667197444765865,98.01866475233308,1
78.74,63.94,71.15,68.58,57.37,68.60000000000001,75.15,14.2,8,8.5,1,67.545,7.210000000000008,1.6511627906976745,0,67.46500000000002,6.156371496263042,85.68072136144275,2
51.95,84.37,55.22,74.96,96.16,64.0,83.39,25.3,10,4.6,0,69.795,-29.15000000000001,5.382978723404256,0,76.35000000000001,14.881193500522732,146.9682386910491,1
60.28,63.3,56.83,99.24,61.22,92.9,76.63,5.6,3,8.6,1,60.065,-6.469999999999999,0.6436781609195402,0,75.02,17.70632316433878,124.45255474452554,1
50.09,50.5,57.22,55.63,60.85,11.5,84.45,24.0,6,5.6,0,53.86,6.719999999999999,4.210526315789474,0,53.35833333333333,23.67775277906809,106.5249218074133,2
57.39,55.19,48.7,99.69,92.9,3.1,66.02,5.5,6,5.9,1,51.945,-6.489999999999995,0.9166666666666666,1,60.93333333333334,34.86303467380123,106.17413022013127,2
93.58,63.89,57.84,99.06,96.33,42.0,85.63,17.7,2,7.9,0,60.865,-6.049999999999997,2.2125,0,74.125,23.01805096006176,79.21030134644155,1
50.68,51.55,54.32,92.38,53.72,92.3,97.86,12.5,9,6.4,1,52.935,2.770000000000003,1.9230769230769231,0,73.68833333333333,22.5566596965656,145.39923704288344,1
80.57,99.83,87.61,90.9,95.67,1.0,73.89,24.3,9,5.2,1,93.72,-12.22,4.584905660377359,0,74.81666666666668,37.236085544356925,92.85921145173972,0
88.25,72.24,81.21,75.35,68.12,79.1,73.8,25.7,3,9.0,1,76.725,8.969999999999999,2.8241758241758244,0,74.97,4.730395332316315,84.95184135977337,1
55.92,90.55,69.64,67.19,64.7,3.6,58.36,19.7,9,5.6,1,80.095,-20.91,3.456140350877193,0,59.00666666666667,29.2497778908946,105.51979017644253,2
53.67,53.94,91.57,52.65,74.95,15.8,51.38,24.4,1,7.5,0,72.755,37.63,3.210526315789473,0,56.715,25.589492179408328,105.67356064840692,2
57.93,82.56,71.62,75.61,72.01,66.8,63.49,5.3,3,5.9,1,77.09,-10.939999999999998,0.8833333333333333,0,72.015,6.695505208720251,124.31382703262558,1
69.74,68.53,94.48,56.77,55.33,80.39999999999999,63.66,18.0,7,7.9,1,81.505,25.950000000000003,2.25,0,69.86166666666666,15.099098538213024,100.17445750884238,1
95.31,65.01,53.83,69.76,95.44,92.0,73.83,13.9,7,4.5,0,59.42,-11.180000000000009,3.0217391304347827,0,74.97833333333334,16.022398592803345,78.66785576889448,2
53.37,60.24,82.92,72.02,66.17,44.2,92.26,8.2,8,8.3,0,71.58,22.68,0.976190476190476,0,69.635,16.97811267485288,130.4759228030729,1
69.13,42.34,95.93,89.47,89.13,49.900000000000006,67.44,22.5,3,8.3,1,69.135,53.59,2.6785714285714284,1,72.36833333333333,22.62471163720472,104.68441101306716,1
76.23,47.26,81.36,92.43,50.03,50.3,63.78,13.5,10,7.8,1,64.31,34.1,1.708860759493671,1,64.19333333333334,18.82836760493768,84.21006602824785,2
83.63,78.46,59.61,85.42,66.79,11.6,87.09,13.6,5,7.2,0,69.035,-18.849999999999994,1.8630136986301369,0,64.82833333333333,28.17713783666941,77.51803579257843,1
55.36,78.54,99.85,97.37,96.15,5.300000000000001,86.83,29.2,1,6.1,1,89.195,21.309999999999988,4.709677419354839,0,77.33999999999999,36.17451810321735,139.70375722543352,0
70.78,44.94,89.56,56.58,58.56,13.6,54.6,18.2,2,5.2,1,67.25,44.620000000000005,3.4339622641509435,1,52.973333333333336,24.49588917893504,74.84223415277386,2
60.86,88.15,77.15,90.7,89.94,70.1,97.05,17.5,10,8.3,1,82.65,-11.0,2.083333333333333,0,85.51499999999999,9.94042001124701,140.51100887282286,0
65.26,62.03,53.83,99.26,67.41,56.5,79.31,13.2,6,6.4,0,57.93,-8.200000000000003,2.0307692307692307,0,69.72333333333333,17.06641340957926,106.83930942895084,1
99.86,97.64,48.0,92.78,88.64,0.2,78.89,10.7,8,7.6,1,72.82,-49.64,1.3896103896103895,1,67.69166666666666,37.50586429702249,67.786567861673,1
96.36,54.13,71.41,53.0,92.0,61.3,97.7,10.3,10,7.1,1,62.77,17.279999999999994,1.4305555555555558,0,71.58999999999999,19.259576319327483,74.29431299294312,1
74.8,84.28,96.82,60.56,94.44,95.4,55.41,14.7,8,6.1,1,90.55,12.539999999999992,2.370967741935484,0,81.15166666666666,18.555474035083733,108.49153297682707,1
72.48,43.83,84.38,51.03,76.21,51.0,73.84,9.9,4,6.0,0,64.10499999999999,40.55,1.6229508196721314,1,63.38166666666666,16.751178366511013,87.44711184694627,2
79.2,65.95,81.7,67.98,95.44,49.3,51.47,14.8,10,5.1,0,73.825,15.75,2.8461538461538467,0,68.64,17.693613537092983,86.66666666666666,2
93.47,86.96,96.85,85.51,55.9,54.3,99.28,21.8,1,5.8,0,91.905,9.89,3.694915254237289,0,79.8,19.877135608532736,85.37498662672515,0
67.08,53.13,89.35,64.59,76.75,15.0,70.64,23.4,2,4.2,0,71.24,36.21999999999999,5.441860465116279,0,61.57666666666666,25.82070616127039,91.79586563307494,2
86.46,46.49,50.01,67.95,69.27,60.5,85.86,27.4,2,7.1,1,48.25,3.519999999999996,3.805555555555556,1,63.34666666666666,14.375285272531697,73.26702135862442,2
65.44,47.22,68.43,83.01,93.63,32.9,89.61,11.4,2,7.2,0,57.825,21.210000000000008,1.5616438356164384,1,69.13333333333334,24.51728261179584,105.64384678076613,1
82.44,50.23,62.06,96.03,79.9,97.1,93.8,20.2,2,7.9,0,56.145,11.830000000000004,2.525,0,79.85333333333334,19.73721527132606,96.86236454795409,1
58.28,60.78,56.82,79.82,86.85,11.3,66.25,14.0,3,7.0,1,58.8,-3.960000000000001,1.971830985915493,0,60.303333333333335,26.58825354675757,103.47174559597346,2
66.28,85.69,98.69,64.38,97.79,3.0,76.94,9.2,1,8.1,1,92.19,13.0,1.1219512195121952,0,71.08166666666666,35.786322200900536,107.24451820559244,0
77.75,52.14,91.37,52.24,87.85,76.10000000000001,90.95,14.0,8,6.3,0,71.755,39.23,2.1875,0,75.10833333333333,18.596981923598964,96.60235798499464,1
86.91,68.05,87.24,88.07,77.03,38.6,67.12,19.4,2,7.3,1,77.645,19.19,2.621621621621621,0,71.01833333333333,18.248278183616847,81.71480075173551,1
92.65,61.52,67.21,93.01,64.69,60.9,83.26,15.3,7,6.4,1,64.365,5.689999999999991,2.353846153846154,0,71.765,13.246108485136308,77.45817593092282,1
55.43,79.85,70.66,63.05,76.73,22.6,63.97,17.0,9,8.9,0,75.255,-9.189999999999998,1.8888888888888888,0,62.81,20.803835223342837,113.31408984304528,2
90.69,89.05,59.19,76.19,53.2,88.4,66.36,11.5,10,5.7,0,74.12,-29.86,1.9827586206896552,0,72.065,15.010256160372482,79.46300584408425,2
68.23,49.46,91.47,74.78,80.6,27.200000000000003,66.32,8.1,5,5.4,0,70.465,42.01,1.4727272727272729,1,64.97166666666666,23.28835968175231,95.22448580780691,1
77.42,64.85,91.48,81.47,93.98,69.2,91.74,9.2,4,4.4,0,78.16499999999999,26.63000000000001,2.0444444444444443,0,82.11999999999999,12.541255120600969,106.07078274347712,0
96.82,81.98,76.62,63.07,64.15,67.0,94.62,15.0,3,7.2,0,79.30000000000001,-5.359999999999999,2.054794520547945,0,74.57333333333334,12.322697215572031,77.02265372168286,1
52.04,90.67,65.76,99.44,77.6,1.2,66.99,12.2,10,5.4,1,78.215,-24.91,2.2181818181818183,0,66.94333333333334,34.80270372638693,128.63822700486807,1
91.6,59.19,52.12,71.8,82.83,99.5,54.12,23.9,4,5.6,1,55.655,-7.07,4.192982456140351,0,69.92666666666666,18.58381840921469,76.3391557496361,2
50.87,75.03,61.26,95.23,72.2,16.299999999999997,70.77,14.2,1,4.1,1,68.145,-13.770000000000003,3.3809523809523814,0,65.13166666666666,26.401364674324448,128.03551536596555,1
71.41,90.64,98.71,97.18,80.28,57.9,55.8,25.0,9,4.1,0,94.675,8.069999999999993,5.952380952380953,0,80.085,19.144247961202343,112.14815852121552,0
88.7,68.38,59.46,91.45,60.51,25.1,65.88,6.4,7,6.4,1,63.92,-8.919999999999995,0.9846153846153848,0,61.796666666666674,21.41539134983684,69.66929725667043,2
89.28,93.71,88.38,78.97,56.45,81.8,79.82,18.9,8,8.4,0,91.045,-5.329999999999998,2.223529411764705,0,79.85499999999999,12.78278647244019,89.44332437275985,0
89.58,93.21,65.72,68.25,59.65,50.4,51.0,29.0,3,4.4,0,79.465,-27.489999999999995,6.444444444444445,0,64.705,15.77431678393711,72.23152489394954,2
56.65,52.04,82.98,87.42,67.54,34.7,65.23,10.1,9,7.3,1,67.51,30.940000000000005,1.364864864864865,0,64.985,19.58821865305776,114.71315092674315,2
77.26,46.62,41.65,56.57,70.91,11.8,96.79,26.8,4,7.3,1,44.135,-4.969999999999999,3.621621621621622,2,54.05666666666667,28.675232286185004,69.96721028561566,2
75.59,93.05,47.47,80.23,73.37,66.0,55.53,25.1,3,8.6,1,70.25999999999999,-45.58,2.885057471264368,1,69.27499999999999,16.596025729071403,91.6457203333774,2
64.54,59.04,94.55,74.29,55.89,12.3,73.08,25.7,7,5.6,1,76.795,35.51,4.508771929824562,0,61.525,27.74218070015405,95.32847846296868,1
90.67,95.07,64.69,80.48,59.06,6.9,78.85,28.4,4,6.5,0,79.88,-30.379999999999995,4.303030303030303,0,64.175,30.7979341839676,70.77864784382926,1
68.48,48.0,46.2,68.74,89.15,88.2,95.54,16.6,10,8.5,0,47.1,-1.7999999999999972,1.9302325581395352,2,72.63833333333334,21.727940000530808,106.07233255451712,1
80.39,44.51,98.22,93.26,78.31,11.1,57.72,26.2,8,8.1,1,71.365,53.71,3.1951219512195124,1,63.85333333333333,33.01366848241295,79.42944810714432,1
70.98,80.12,89.96,76.7,74.92,99.0,69.92,26.7,9,7.3,0,85.03999999999999,9.83999999999999,3.608108108108108,0,81.77,10.767742567502252,115.2014652014652,1
91.83,92.96,86.77,74.77,60.9,48.6,57.29,26.3,10,5.6,1,89.865,-6.189999999999998,4.614035087719299,0,70.215,17.51104879783047,76.46194054230644,1
93.27,70.29,92.37,72.71,87.45,88.80000000000001,64.6,8.7,6,8.7,0,81.33000000000001,22.08,0.9886363636363636,0,79.37,11.55998442905526,85.09703012758658,1
56.33,40.34,78.77,68.5,58.75,1.3,58.95,27.8,10,7.0,1,59.555,38.42999999999999,3.915492957746479,1,51.10166666666667,27.51127580950521,90.71838570329604,2
53.22,47.78,52.46,67.29,85.29,99.2,85.0,10.9,8,5.2,0,50.120000000000005,4.68,2.056603773584906,1,72.83666666666667,20.356169253242783,136.8595766002756,2
97.07,85.63,82.42,63.57,87.2,54.900000000000006,90.86,8.1,9,5.3,0,84.025,-3.2099999999999937,1.5,0,77.43,14.612723223273614,79.76717832492018,0
53.7,78.19,97.1,55.08,68.08,34.900000000000006,62.99,5.6,2,8.6,1,87.645,18.91,0.6436781609195402,0,66.05666666666667,21.05055692058209,123.01055245189325,1
96.73,49.58,84.99,59.58,55.88,37.6,70.65,23.2,2,6.8,1,67.285,35.41,3.3623188405797104,1,59.71333333333333,16.522207681380436,61.73196871015541,2
61.06,82.67,40.67,95.29,50.04,19.6,76.19,26.0,8,4.8,1,61.67,-42.0,5.306122448979592,1,60.74333333333334,28.716282257051777,99.4813844306147,2
83.11,76.66,69.14,50.0,86.58,30.1,83.43,20.9,7,4.5,0,72.9,-7.519999999999996,4.543478260869565,0,65.985,21.88901619534327,79.39477800505355,1
54.33,64.6,51.13,67.35,90.88,75.7,81.85,23.9,5,7.9,1,57.865,-13.469999999999992,2.9875,0,71.91833333333334,13.993329005875143,132.37315172709984,1
62.67,55.47,62.3,89.0,56.92,99.1,54.65,9.0,4,4.7,0,58.885,6.829999999999998,1.875,0,69.57333333333332,19.410499907696003,111.01537152279133,2
69.08,69.91,44.14,77.41,87.63,19.8,96.58,6.0,5,5.4,1,57.025,-25.77,1.0909090909090908,1,65.91166666666666,28.84691416194576,95.41353020652384,1
70.04,61.89,61.16,51.07,90.7,12.6,94.71,11.1,2,6.1,1,61.525,-0.730000000000004,1.7903225806451617,0,62.02166666666667,29.846855389917824,88.55177993527508,1
56.24,44.58,96.0,53.35,89.93,68.8,78.62,12.9,9,5.8,0,70.28999999999999,51.42,2.186440677966102,1,71.88000000000001,20.25409489461329,127.80938833570414,1
62.1,90.74,78.49,89.79,54.57,47.1,85.46,25.0,5,5.6,0,84.615,-12.25,4.385964912280702,0,74.35833333333333,18.875422555976503,119.73966720343532,0
80.68,78.43,52.82,68.08,90.39,8.9,63.93,13.0,7,4.4,1,65.625,-25.610000000000007,2.888888888888889,0,60.42499999999999,28.30415852838589,74.8946455131383,2
78.67,48.62,85.25,70.54,65.96,91.1,88.3,28.7,8,8.8,0,66.935,36.63,3.224719101123595,1,74.96166666666667,16.36258710188174,95.28621668573363,1
82.8,81.17,96.24,64.03,70.88,11.7,66.53,25.0,10,5.4,1,88.705,15.069999999999991,4.545454545454546,0,65.09166666666665,28.691818636445245,78.61312399355876,1
69.18,71.96,91.35,64.87,81.73,27.7,58.67,26.5,9,6.5,1,81.655,19.39,4.015151515151516,0,66.04666666666667,22.12446488995082,95.4707526259998,1
90.88,90.92,82.16,95.62,76.58,91.6,84.79,12.7,8,7.5,0,86.53999999999999,-8.760000000000005,1.6710526315789471,0,86.945,7.038447982332469,95.67011443661973,0
53.55,60.51,51.79,61.1,92.94,53.6,96.47,25.0,2,8.6,1,56.15,-8.719999999999999,2.873563218390805,0,69.40166666666669,19.972935103951716,129.60161842514788,1
59.26,49.64,71.92,81.77,83.78,21.200000000000003,52.0,28.6,3,4.5,1,60.78,22.28,6.217391304347827,1,60.05166666666667,23.909250441338948,101.33592080099,2
77.19,97.75,94.25,72.92,54.87,99.8,85.11,9.2,7,4.1,1,96.0,-3.5,2.1904761904761907,0,84.11666666666667,17.41401006852433,108.97352852269292,0
55.54,67.13,78.59,96.47,90.57,14.9,96.86,28.7,6,5.2,0,72.86,11.460000000000008,5.415094339622642,0,74.08666666666666,31.18677711253067,133.39335013803864,0
59.28,68.93,70.16,79.39,85.52,20.4,67.31,28.5,4,8.7,0,69.545,1.2299999999999898,3.238636363636364,0,65.285,23.083421540144347,110.12989203778676,2
72.46,53.61,56.76,72.18,97.72,3.2,96.33,8.7,8,8.6,1,55.185,3.1499999999999986,1.0,0,63.29999999999999,34.9378001597124,87.3585426442175,1
77.48,94.03,60.14,72.13,61.92,78.3,63.53,15.1,7,5.4,1,77.08500000000001,-33.89,2.7454545454545456,0,71.67500000000001,12.949138581388336,92.50774393391843,2
93.63,76.02,48.49,73.66,99.66,7.9,72.62,8.7,8,6.3,1,62.255,-27.529999999999998,1.359375,1,63.05833333333333,31.515664940893547,67.34842821033145,2
82.06,66.41,55.48,93.15,51.5,80.3,88.67,28.6,9,7.6,1,60.94499999999999,-10.93,3.714285714285715,0,72.585,17.415260836404375,88.45357055812819,1
74.51,87.26,81.21,59.03,68.7,68.0,98.97,9.1,8,4.6,1,84.235,-6.050000000000011,1.9361702127659577,0,77.195,14.685062819068904,103.60354314857064,0
79.97,92.61,79.62,83.85,91.7,29.700000000000003,50.98,11.5,8,7.9,1,86.11500000000001,-12.989999999999997,1.4375,0,71.41000000000001,25.457379283814745,89.29598599474805,1
78.2,41.1,63.71,94.94,68.23,30.5,97.67,5.1,9,4.7,1,52.405,22.61,1.0625,1,66.025,27.316609416250767,84.4309462915601,1
64.85,56.91,52.68,75.46,63.4,40.8,74.62,25.0,3,6.6,1,54.795,-4.229999999999997,3.73134328358209,0,60.645,13.368547789494563,93.51580570547418,2
72.08,85.19,58.14,60.45,70.47,64.5,91.01,10.8,8,4.4,0,71.66499999999999,-27.05,2.4000000000000004,0,71.62666666666667,13.554430517977016,99.37106918238992,1
90.52,43.91,53.07,58.32,89.96,65.0,72.26,26.0,4,7.0,1,48.49,9.160000000000004,3.661971830985916,1,63.75333333333333,16.11284911698321,70.43010752688171,2
53.52,79.78,79.67,84.11,86.06,13.0,78.19,27.4,7,7.0,0,79.725,-0.1099999999999994,3.859154929577465,0,70.135,28.150096802675478,131.04446935724962,1
74.54,99.06,57.24,83.61,98.48,27.200000000000003,64.71,19.8,8,7.0,1,78.15,-41.82,2.788732394366197,0,71.71666666666667,27.733683972142373,96.21232447902692,1
85.76,45.9,47.74,83.52,76.57,51.1,73.98,22.7,5,5.2,0,46.82,1.8400000000000036,4.283018867924528,2,63.135,16.68864254515627,73.6182369402985,2
51.54,80.18,71.45,61.53,62.24,15.6,77.89,24.3,7,5.8,0,75.815,-8.730000000000004,4.118644067796611,0,61.48166666666666,23.76524135511076,119.2892251972578,2
55.96,47.77,74.39,52.33,86.33,31.4,88.08,15.7,3,5.3,0,61.08,26.62,2.9074074074074074,1,63.383333333333326,23.006553559076742,113.26542768644268,1
76.7,67.28,96.01,86.83,86.84,75.4,53.72,14.5,7,5.0,1,81.64500000000001,28.730000000000004,2.843137254901961,0,77.68,15.434098613135788,101.27770534550196,1
87.41,93.8,78.66,76.02,59.58,57.5,94.43,28.8,5,7.9,0,86.22999999999999,-15.14,3.6,0,76.66499999999999,15.954898620799822,87.70735613774167,0
73.19,90.75,65.29,81.24,52.55,17.5,98.89,16.6,8,8.5,0,78.02000000000001,-25.459999999999997,1.9302325581395352,0,67.70333333333333,29.808793109863853,92.50352962608736,1
91.17,57.28,81.84,72.63,80.63,58.4,73.1,6.8,7,6.0,0,69.56,24.56,1.114754098360656,0,70.64666666666666,10.616578858872884,77.48894007531716,1
58.5,64.8,94.96,77.3,86.79,30.8,69.01,22.4,5,6.1,1,79.88,30.16,3.612903225806452,0,70.61,22.45272010247311,120.7008547008547,1
91.93,60.32,57.32,81.96,97.36,62.7,87.54,22.7,5,5.5,1,58.82,-3.0,4.053571428571429,0,74.53333333333333,16.635690146990193,81.07618115232603,1
99.13,89.99,58.14,65.02,68.31,52.1,93.74,14.7,2,8.3,0,74.065,-31.849999999999994,1.7499999999999998,0,71.21666666666667,16.98842036996573,71.84168936413464,1
82.81,48.11,92.72,92.75,96.86,41.2,57.6,29.1,3,8.8,1,70.41499999999999,44.61,3.269662921348315,1,71.54,25.3115112152554,86.3905325443787,1
50.49,80.45,97.92,92.99,87.33,83.5,94.79,20.1,7,6.3,1,89.185,17.47,3.1406250000000004,0,89.49666666666667,6.836255310231375,177.25622235426158,0
57.39,84.63,54.37,95.14,70.53,27.3,88.24,16.2,7,5.1,0,69.5,-30.26,3.115384615384616,0,70.035,25.481815280705572,122.0334553058024,1
78.79,83.18,72.31,69.16,57.64,18.4,89.97,19.0,10,5.5,0,77.745,-10.870000000000005,3.3928571428571432,0,65.11,25.49671351370604,82.63739053179337,1
53.48,43.12,59.11,56.6,58.65,14.7,97.75,29.5,1,4.1,1,51.115,15.990000000000002,7.023809523809525,1,54.98833333333332,26.92790628078364,102.82036898529044,2
90.74,51.64,53.08,99.54,94.11,2.1,92.42,10.0,5,5.0,1,52.36,1.4399999999999975,1.9607843137254903,0,65.48166666666667,37.59748418001751,72.16405848211006,1
93.93,69.28,90.21,91.11,50.61,85.5,83.64,9.2,6,5.5,1,79.745,20.929999999999996,1.6428571428571428,0,78.39166666666667,15.712071049567802,83.45753930231733,0
87.86,56.16,79.16,50.72,78.59,14.7,87.25,19.2,8,6.7,0,67.66,23.0,2.823529411764706,0,61.09666666666666,26.836520390443063,69.53865998937704,1
62.9,75.33,58.21,75.4,61.67,46.1,53.1,17.6,2,8.0,0,66.77,-17.119999999999997,2.17283950617284,0,61.63500000000001,11.85700257231987,97.98887122416536,2
76.18,58.95,68.12,78.13,62.08,25.1,84.39,21.3,9,7.0,0,63.535,9.170000000000002,3.0000000000000004,0,62.795,20.81379422402364,82.42977159359411,1
94.46,83.46,98.79,68.22,83.97,28.3,65.79,15.0,5,6.7,0,91.125,15.330000000000013,2.2058823529411766,0,71.42166666666667,24.30165543058058,75.61048768438141,1
74.33,44.32,65.41,78.51,66.29,37.1,82.04,5.5,3,4.3,1,54.865,21.09,1.2500000000000002,1,62.27833333333334,18.09055821876889,83.78626844253107,2
68.98,93.42,41.12,91.12,70.42,27.8,67.54,29.9,10,6.7,1,67.27,-52.3,4.397058823529411,1,65.23666666666666,26.38005736662957,94.57330627234946,2
67.38,79.83,68.72,83.23,76.1,60.2,81.68,7.3,1,7.5,1,74.275,-11.11,0.9605263157894736,0,74.96,8.8922775485249,111.24962897002078,1
98.82,98.48,80.21,55.58,63.53,63.6,98.67,18.1,5,5.1,1,89.345,-18.27000000000001,3.480769230769232,0,76.67833333333333,18.764220651726163,77.59394184712946,0
89.53,57.45,81.94,90.59,79.31,86.1,75.53,20.8,10,9.0,0,69.695,24.489999999999995,2.285714285714286,0,78.48666666666666,11.56148894678651,87.66521463941324,1
68.2,47.95,52.4,85.35,92.45,66.7,52.71,19.4,10,8.0,0,50.175,4.449999999999996,2.3950617283950617,1,66.25999999999999,18.769635052392463,97.15542521994134,2
54.45,72.76,71.08,67.78,55.33,78.1,59.71,29.6,9,8.7,1,71.92,-1.6800000000000068,3.363636363636364,0,67.46,8.505360662546884,123.8934802571166,2
91.02,56.5,42.61,74.7,68.47,65.7,67.92,15.4,7,4.8,0,49.555,-13.89,3.1428571428571432,1,62.650000000000006,11.450540598591845,68.83102614809933,2
94.94,82.05,61.85,57.8,60.03,40.2,69.54,18.4,7,6.6,1,71.95,-20.2,2.746268656716418,0,61.91166666666667,13.82454833499694,65.21136156168808,2
78.88,92.64,77.45,63.66,58.21,91.1,73.6,22.0,2,6.1,1,85.045,-15.189999999999998,3.548387096774194,0,76.11,14.010347604538582,96.48833671399596,1
82.07,98.57,95.11,77.84,91.22,71.7,78.79,29.8,1,6.2,0,96.84,-3.4599999999999937,4.73015873015873,0,85.53833333333334,10.863022446200992,104.22606717842493,0
82.44,45.17,98.86,58.09,73.44,12.6,58.14,9.5,4,6.5,1,72.015,53.69,1.4393939393939394,1,57.71666666666667,28.75151520644897,70.01051269610221,2
81.64,69.73,97.7,72.25,84.32,89.1,83.38,13.8,2,5.3,1,83.715,27.97,2.555555555555556,0,82.74666666666667,10.454253998572382,101.35554466764658,0
64.23,46.73,79.86,96.69,58.41,76.10000000000001,96.03,13.1,1,4.7,1,63.295,33.13,2.7291666666666665,1,75.63666666666667,20.04762097274055,117.75909491930042,1
59.07,55.56,40.07,74.63,93.99,74.3,71.96,13.6,4,7.2,1,47.815,-15.490000000000002,1.8630136986301369,1,68.41833333333334,18.48565434780891,115.82585632864964,2
85.21,79.62,42.12,96.81,70.38,87.89999999999999,70.89,28.8,3,5.3,1,60.870000000000005,-37.50000000000001,5.333333333333334,1,74.61999999999999,18.87800307235911,87.57188123459687,2
70.54,62.02,87.87,59.47,63.82,41.6,96.18,10.9,3,5.2,0,74.94500000000001,25.85,2.056603773584906,0,68.49333333333334,20.052045947151296,97.09857291371328,1
72.94,63.67,50.96,78.1,51.55,84.80000000000001,56.2,25.3,7,6.8,1,57.315,-12.71,3.666666666666667,0,64.21333333333332,14.263028663880148,88.03582853486884,2
73.42,56.4,59.92,63.08,56.78,20.4,61.76,7.8,7,7.9,0,58.16,3.520000000000003,0.975,0,53.056666666666665,16.21616189690602,72.26459638608917,2
90.06,81.36,55.61,68.33,97.53,35.6,63.2,5.7,3,5.5,1,68.485,-25.75,1.017857142857143,0,66.93833333333335,21.308067408065583,74.3263750092531,2
78.92,70.59,54.21,59.54,58.51,62.9,57.48,12.1,8,7.4,0,62.400000000000006,-16.380000000000003,1.6133333333333333,0,60.53833333333333,5.676715306113799,76.70848116235851,2
66.17,67.84,53.39,51.61,74.16,37.6,67.35,26.4,3,5.8,0,60.615,-14.450000000000005,4.474576271186441,0,58.65833333333334,13.572306239790889,88.64792705657146,2
80.51,91.65,86.89,61.69,69.67,20.1,84.99,14.8,3,6.6,0,89.27000000000001,-4.760000000000005,2.208955223880597,0,69.165,26.584530652242105,85.90858278474724,1
81.29,56.32,86.44,86.04,88.61,91.1,67.08,12.4,1,4.1,1,71.38,30.12,2.952380952380953,0,79.265,14.140189178366745,97.50891868618524,1
97.73,86.75,64.63,97.98,82.91,89.7,99.58,26.5,10,6.7,1,75.69,-22.120000000000005,3.897058823529412,0,86.925,12.675019132135464,88.94402946894505,0
82.84,99.0,72.39,60.71,69.57,59.400000000000006,81.46,8.6,10,4.9,1,85.695,-26.61,1.72,0,73.75499999999998,14.78034201228104,89.033075808788,1
85.33,84.55,62.8,63.01,81.09,23.5,62.75,26.6,4,4.1,1,73.675,-21.75,6.333333333333335,0,62.95,21.68865233249867,73.77241298488222,2
54.78,56.68,57.49,56.47,58.25,70.19999999999999,67.52,24.1,8,4.0,1,57.085,0.8100000000000023,5.878048780487806,0,61.10166666666666,6.101709323350844,111.54009979311182,2
73.63,96.83,40.88,81.06,90.38,54.400000000000006,71.09,11.7,4,4.2,0,68.855,-55.95,2.7209302325581395,1,72.44,21.514264105471977,98.38381094662502,2
62.31,46.73,52.76,94.7,92.8,83.10000000000001,94.92,20.8,10,8.3,0,49.745,6.030000000000001,2.4761904761904763,1,77.50166666666668,22.016388819846608,124.38078425078908,1
88.09,91.93,44.87,64.77,93.08,56.0,87.05,27.7,10,7.2,1,68.4,-47.06000000000001,3.7945205479452055,1,72.95,20.5278766559038,82.81303212623453,1
76.16,83.33,82.83,52.12,61.26,38.5,57.69,19.9,6,7.6,0,83.08,-0.5,2.5844155844155843,0,62.62166666666667,17.638180650698263,82.22382703081233,2
77.18,87.57,98.32,67.3,58.83,7.5,57.48,14.3,3,8.6,0,92.945,10.75,1.6436781609195406,0,62.833333333333336,31.615249274150383,81.41141919322796,1
85.58,69.57,76.04,66.23,52.82,96.0,73.75,26.5,10,8.1,1,72.805,6.470000000000013,3.231707317073171,0,72.40166666666667,14.152641331803284,84.6011529173483,1
77.06,85.05,83.04,73.23,75.15,92.8,78.07,26.6,8,6.0,0,84.045,-2.009999999999991,4.360655737704919,0,81.22333333333334,7.248243005492203,105.40271649796696,0
90.26,43.39,51.84,87.55,65.43,26.6,73.99,12.0,9,6.3,1,47.615,8.450000000000003,1.875,1,58.13333333333333,22.00608340133852,64.40652928576704,2
79.82,77.87,48.28,61.58,93.85,76.8,71.38,10.2,2,8.5,1,63.075,-29.590000000000003,1.1860465116279069,1,71.62666666666668,15.52856936960603,89.7352376179738,2
80.4,96.43,78.88,90.94,84.22,83.80000000000001,74.98,14.2,6,5.3,1,87.655,-17.55000000000001,2.6296296296296298,0,84.87500000000001,7.819692449195173,105.56592039800996,0
78.03,57.29,41.91,52.51,66.71,73.1,93.36,22.0,5,5.7,0,49.6,-15.380000000000004,3.793103448275862,1,64.14666666666666,17.983586590740643,82.2076978939724,2
63.38,61.89,96.61,60.28,53.75,79.4,70.18,20.0,8,7.1,0,79.25,34.72,2.777777777777778,0,70.35166666666666,15.620854543419403,110.99978962869464,1
82.13,92.16,60.7,60.47,97.25,8.299999999999999,55.41,11.8,5,5.2,0,76.43,-31.459999999999997,2.226415094339623,0,62.38166666666668,31.88248134425341,75.95478712610092,2
59.04,57.74,56.83,85.24,83.43,92.9,73.65,7.6,7,4.6,1,57.285,-0.9100000000000036,1.6170212765957448,0,74.96499999999999,15.00802551970112,126.9732384823848,1
96.24,56.3,48.54,79.53,56.82,85.5,55.24,23.4,2,5.4,0,52.42,-7.759999999999998,4.254545454545454,1,63.655,15.028694886782418,66.14193682460515,2
50.47,64.04,55.58,53.6,77.3,16.599999999999998,68.78,13.2,8,4.2,0,59.81,-8.460000000000008,3.069767441860465,0,55.98333333333333,21.165796622538604,110.9239812429826,2
94.36,99.0,67.98,85.66,75.13,29.700000000000003,90.57,16.3,4,6.6,1,83.49000000000001,-31.02,2.432835820895523,0,74.67333333333333,24.62846943410545,79.1366398191324,0
94.44,60.31,54.17,84.38,54.56,27.3,51.64,19.4,7,8.8,1,57.24,-6.140000000000001,2.179775280898876,0,55.39333333333334,18.27519812934094,58.65452491881971,2
77.41,98.46,52.16,75.7,80.41,6.6000000000000005,74.78,14.0,10,7.7,0,75.31,-46.3,1.794871794871795,0,64.685,32.06870234356232,83.56155535460535,2
75.58,94.58,57.95,57.58,93.46,85.39999999999999,77.47,14.2,3,4.2,0,76.265,-36.63,3.302325581395349,0,77.74,16.65846451507461,102.85789891505688,1
93.27,53.04,71.62,70.13,50.09,7.800000000000001,92.03,14.3,8,6.2,0,62.33,18.580000000000005,2.26984126984127,0,57.45166666666668,28.62197716208065,61.597155212465616,2
84.87,54.56,76.98,52.34,57.9,7.199999999999999,59.98,29.8,10,7.0,1,65.77000000000001,22.42,4.19718309859155,0,51.49333333333334,23.38657620659054,60.67318644200935,2
68.19,99.83,74.59,82.38,61.68,81.7,63.68,8.9,4,4.4,0,87.21000000000001,-25.239999999999995,1.9777777777777776,0,77.31,14.068401472804222,113.3743950725913,1
90.11,65.01,65.15,79.49,90.02,66.10000000000001,70.27,11.1,5,8.2,0,65.08000000000001,0.1400000000000005,1.3373493975903616,0,72.67333333333333,10.116182415648035,80.64957644360597,1
69.07,66.7,62.37,85.13,76.85,28.5,58.1,28.1,5,4.4,0,64.535,-4.330000000000005,6.2444444444444445,0,62.94166666666666,19.54423640531056,91.12735871820858,2
74.93,61.76,96.77,53.53,91.24,80.3,95.47,26.3,10,4.3,0,79.265,35.01,5.977272727272728,0,79.84500000000001,18.331370652518046,106.55945549179236,0
57.05,94.47,99.69,81.44,55.3,79.5,83.46,14.2,8,7.6,1,97.08,5.219999999999999,1.8441558441558443,0,82.31,15.42365456044708,144.27695004382122,0
73.17,86.98,55.9,54.7,97.73,64.7,92.47,5.9,7,7.8,1,71.44,-31.080000000000005,0.7468354430379748,0,75.41333333333334,19.22154589690087,103.06591954808438,1
52.84,57.67,89.51,63.16,58.94,4.1,75.13,13.0,5,6.4,0,73.59,31.840000000000003,2.0,0,58.085,29.048586024107955,109.92619227857683,2
89.49,79.12,68.54,91.91,91.45,93.2,62.06,25.1,4,8.4,1,73.83000000000001,-10.579999999999998,2.9529411764705884,0,81.04666666666667,13.375852371593618,90.56505382351848,1
66.6,45.82,79.41,81.29,69.96,95.8,77.58,28.8,3,6.9,0,62.615,33.59,4.114285714285715,1,74.97666666666666,16.58420533720765,112.5775775775776,1
78.45,64.47,62.05,80.83,79.15,88.80000000000001,79.65,24.4,4,8.7,0,63.26,-2.4200000000000017,2.772727272727273,0,75.825,10.370858691545273,96.65391969407268,1
66.06,98.62,40.55,67.51,78.41,24.8,97.68,18.1,4,7.4,0,69.58500000000001,-58.07000000000001,2.4133333333333336,1,67.92833333333334,30.15561865833077,102.82823695630236,1
56.38,82.08,48.48,55.32,52.05,32.599999999999994,97.4,20.5,3,8.3,1,65.28,-33.6,2.4404761904761902,1,61.32166666666666,23.851125270449334,108.7649284616294,2
99.09,64.7,63.23,54.74,75.35,80.5,69.0,25.5,2,4.6,1,63.965,-1.470000000000006,5.425531914893618,0,67.92,9.172835984579685,68.5437481077808,2
69.71,80.87,69.29,78.76,92.42,75.19999999999999,61.87,16.2,1,4.6,1,75.08000000000001,-11.579999999999998,3.446808510638298,0,76.40166666666667,10.443216777730257,109.59929230622105,1
63.78,88.74,89.85,67.43,66.17,8.0,53.47,17.9,9,6.3,0,89.29499999999999,1.1099999999999994,2.796875,0,62.27666666666666,30.08596195348699,97.64293927040868,2
63.03,50.88,73.02,57.58,98.11,85.19999999999999,57.89,5.6,2,5.8,1,61.95,22.139999999999997,0.9491525423728814,0,70.44666666666667,18.41531065897794,111.7668834946322,2
63.88,95.6,69.81,95.42,79.02,94.2,52.37,17.9,7,4.2,1,82.705,-25.789999999999992,4.162790697674418,0,81.07,17.573391249272294,126.90983093299936,1
56.01,40.0,49.33,55.6,66.0,55.7,74.95,9.6,1,7.7,0,44.665,9.329999999999998,1.2307692307692308,2,56.93,12.285373417198194,101.64256382788788,2
90.62,83.09,58.2,52.83,92.01,19.6,89.53,20.9,6,5.0,1,70.64500000000001,-24.89,4.098039215686274,0,65.87666666666667,27.962141310469534,72.6955050393585,1
55.56,66.46,99.0,56.84,93.09,51.2,82.26,28.0,6,5.8,1,82.72999999999999,32.540000000000006,4.745762711864408,0,74.80833333333332,19.62086890702516,134.64422846172306,1
56.77,52.25,40.21,70.91,97.16,48.7,91.2,20.5,9,8.1,1,46.23,-12.04,2.5,1,66.73833333333333,23.58092230313875,117.5591568316599,2
91.62,49.3,66.55,66.88,98.06,76.2,69.08,10.0,8,4.8,0,57.925,17.25,2.0408163265306123,1,71.01166666666666,15.941368092691,77.50673069926506,2
90.86,48.81,89.24,97.46,65.79,46.2,96.0,14.3,4,7.1,1,69.025,40.42999999999999,1.9861111111111116,1,73.91666666666667,23.415241759731344,81.3522635556534,0
85.33,98.33,71.71,55.14,57.18,35.4,65.49,13.9,2,5.3,1,85.02,-26.620000000000005,2.5740740740740744,0,63.875,20.895412654456,74.85643970467596,2
68.64,48.33,91.08,99.79,84.26,16.1,94.62,13.4,6,7.6,1,69.705,42.75,1.7402597402597404,1,72.36333333333333,33.11371115816931,105.42443667443666,0
83.9,76.03,65.43,81.13,63.19,13.4,75.22,11.3,3,4.1,1,70.73,-10.599999999999994,2.690476190476191,0,62.4,24.946932476759542,74.37425506555422,2
96.72,95.79,83.71,67.17,74.21,33.6,79.13,12.6,3,5.8,0,89.75,-12.080000000000013,2.135593220338983,0,72.26833333333333,21.24272149859021,74.71912048524952,1
76.72,95.0,97.54,92.73,74.22,14.9,54.35,20.2,5,7.4,1,96.27,2.5400000000000063,2.6933333333333334,0,71.45666666666666,32.20594396484392,93.13955509210984,1
93.52,95.91,77.39,78.38,69.91,69.9,87.82,28.5,6,6.6,0,86.65,-18.52,4.253731343283582,0,79.885,10.270888471792494,85.42023096663816,0
66.51,40.2,74.32,91.14,68.36,66.10000000000001,86.37,8.5,5,6.9,0,57.26,34.11999999999999,1.2142857142857142,1,71.08166666666666,18.06908123471325,106.87365308474917,1
98.39,64.5,87.25,74.8,69.22,97.8,99.16,13.6,4,8.9,0,75.875,22.75,1.511111111111111,0,82.12166666666667,14.785111993714038,83.46546058203748,0
54.41,73.69,45.44,76.03,54.68,89.3,72.56,26.6,6,8.9,1,59.565,-28.25,2.955555555555556,1,68.61666666666666,15.845724554802366,126.11039637321572,2
54.37,54.76,52.81,88.57,95.47,40.2,55.71,9.7,9,6.9,0,53.785,-1.949999999999996,1.3857142857142857,0,64.58666666666666,22.080482482651203,118.79099993869168,2
72.54,82.23,51.52,74.73,80.54,86.4,77.69,23.1,2,7.1,0,66.875,-30.71,3.208333333333334,0,75.51833333333335,12.409124734108634,104.10578071868396,1
98.32,79.17,75.12,59.29,81.86,88.4,68.13,12.7,6,8.2,0,77.14500000000001,-4.049999999999997,1.530120481927711,0,75.32833333333333,10.367035095275153,76.61547328451316,1
64.07,63.52,41.73,91.07,80.96,77.5,78.0,29.4,6,6.2,1,52.625,-21.790000000000006,4.666666666666667,1,72.13,17.31056555979613,112.57999063524272,2
69.07,95.8,72.61,74.09,92.52,67.9,99.7,17.3,8,8.0,0,84.205,-23.19,2.135802469135802,0,83.77,13.748841405733064,121.28275662371507,0
53.0,60.64,67.9,65.22,58.68,98.3,72.78,11.0,5,6.3,0,64.27000000000001,7.260000000000005,1.7187500000000002,0,70.58666666666666,14.488365907398483,133.1823899371069,2
61.92,69.36,70.17,66.61,86.21,65.1,69.91,15.7,7,5.8,0,69.765,0.8100000000000023,2.6610169491525424,0,71.22666666666665,7.611629698472375,115.03014642549525,1
88.58,79.75,59.49,73.11,62.59,10.3,82.4,23.5,2,7.4,0,69.62,-20.26,3.1333333333333333,0,61.27333333333335,26.574516113499914,69.17287574320765,2
64.56,81.6,53.57,58.09,70.72,89.0,68.63,22.6,5,7.4,1,67.585,-28.029999999999998,3.0133333333333336,0,70.26833333333333,13.48566856580224,108.8419041718298,2
69.11,93.68,75.71,79.59,89.16,19.1,56.4,25.3,10,8.1,0,84.695,-17.970000000000013,3.085365853658537,0,68.94,27.645790276278955,99.75401533786716,1
86.65,57.46,97.44,99.62,67.66,7.800000000000001,66.88,14.9,8,8.7,1,77.45,39.98,1.6931818181818183,0,66.14333333333333,33.41363893182942,76.33391036737834,1
75.82,43.32,91.22,70.73,58.43,92.4,57.47,5.3,3,6.1,1,67.27,47.9,0.8548387096774194,1,68.92833333333334,19.74020609483768,90.91048975644073,2
55.55,70.8,80.73,84.33,95.11,12.2,68.07,14.6,1,6.7,1,75.765,9.930000000000009,2.147058823529412,0,68.54,29.26912776288354,123.3843384338434,1
87.93,91.6,94.73,80.74,87.97,78.4,72.61,6.7,9,8.8,0,93.165,3.1300000000000097,0.7528089887640449,0,84.34166666666665,8.481427749304162,95.91910231623638,0
89.5,51.88,81.42,97.45,66.03,76.10000000000001,67.98,14.7,9,7.7,1,66.65,29.54,1.8846153846153848,0,73.47666666666667,15.471143030386171,82.09683426443203,1
57.37,53.95,73.92,60.91,92.35,4.1,55.02,20.5,4,8.2,0,63.935,19.97,2.4698795180722897,0,56.708333333333336,29.537499837776835,98.8466678287142,2
54.41,80.19,52.79,51.08,51.11,2.6,66.99,8.3,2,4.2,1,66.49,-27.4,1.9302325581395352,0,50.79333333333333,26.28026839030885,93.35293757275012,2
87.65,52.5,52.59,56.66,88.38,78.1,64.34,13.3,5,8.3,0,52.545,0.0900000000000034,1.5833333333333333,0,65.42833333333334,14.814741869727822,74.64727134436205,2
50.66,66.82,89.24,77.65,70.94,71.39999999999999,99.19,15.8,10,7.8,1,78.03,22.42,2.0000000000000004,0,79.20666666666666,12.531048905285887,156.34951967364128,0
50.49,74.97,99.96,95.64,82.17,57.8,96.86,20.8,9,6.3,0,87.465,24.989999999999995,3.2500000000000004,0,84.56666666666668,16.27878332881996,167.49191258995182,0
90.28,76.24,68.48,94.19,75.43,42.5,89.73,17.7,2,7.8,1,72.36,-7.759999999999991,2.240506329113924,0,74.42833333333334,18.350755206984445,82.44166297444987,1
77.6,74.83,97.46,93.59,82.06,42.7,59.39,18.5,9,8.1,0,86.145,22.629999999999995,2.25609756097561,0,75.005,20.913508314006044,96.65592783505156,1
73.16,63.36,51.58,76.11,60.94,32.8,71.43,27.1,4,7.0,1,57.47,-11.78,3.816901408450705,0,59.370000000000005,15.560881723090118,81.15090213231275,2
64.01,87.96,98.47,96.98,55.63,58.8,78.6,13.8,4,4.3,0,93.215,10.510000000000003,3.1363636363636367,0,79.40666666666668,18.63334394752232,124.05353330208824,0
88.44,51.65,77.67,54.08,73.25,51.3,55.1,16.0,1,5.3,0,64.66,26.020000000000003,2.9629629629629632,0,60.50833333333333,11.753381499239556,68.41738278305442,2
67.57,44.79,48.33,70.54,59.77,76.39999999999999,64.2,12.1,4,4.2,1,46.56,3.539999999999999,2.813953488372093,2,60.671666666666674,12.349661398867042,89.7908341966356,2
92.51,49.67,73.63,83.18,56.59,70.7,71.15,12.8,3,6.9,0,61.65,23.959999999999997,1.8285714285714287,1,67.48666666666668,12.197850083792089,72.95067199942349,2
98.36,82.15,91.72,68.34,69.2,88.9,61.67,23.4,2,8.7,1,86.935,9.569999999999991,2.659090909090909,0,76.99666666666668,12.293537597724532,78.2804663142199,1
71.59,83.06,54.67,86.23,73.0,96.9,78.73,21.2,10,4.5,0,68.86500000000001,-28.39,4.608695652173913,0,78.765,14.26083412707686,110.02234949015228,1
99.57,78.14,97.83,60.69,72.54,34.7,87.57,24.4,3,6.8,1,87.985,19.69,3.536231884057971,0,71.91166666666666,22.211547822397847,72.22222222222223,0
82.04,84.34,78.51,60.09,57.0,80.60000000000001,91.51,25.5,6,5.3,0,81.42500000000001,-5.829999999999998,4.722222222222222,0,75.34166666666668,13.777543201408106,91.83528360149522,1
99.12,52.86,91.3,67.47,59.17,50.6,51.15,28.7,5,4.4,0,72.08,38.44,6.377777777777777,0,62.09166666666667,15.669023475209508,62.64292440139897,2
92.57,43.51,89.54,76.29,55.27,35.0,86.82,21.3,3,5.6,1,66.525,46.03000000000001,3.7368421052631584,1,64.405,23.06580564385298,69.57437614778006,1
85.04,57.64,75.73,83.9,59.34,91.1,67.15,18.6,2,7.8,1,66.685,18.090000000000003,2.354430379746836,0,72.47666666666667,13.483154922593846,85.22656005017247,1
63.95,92.93,90.41,59.97,85.43,56.3,79.71,19.9,5,4.9,1,91.67,-2.5200000000000102,3.98,0,77.45833333333333,15.67962042482747,121.12327339066978,0
84.74,98.0,98.55,84.04,53.94,38.5,62.48,28.6,9,5.9,1,98.275,0.5499999999999972,4.766666666666667,0,72.58500000000001,24.75017070648201,85.65612461647393,1
83.54,48.62,58.67,52.66,54.15,12.1,66.0,25.4,3,4.1,0,53.645,10.050000000000004,6.047619047619048,1,48.7,18.887251785265107,58.29542734019631,2
74.04,51.92,78.74,90.72,97.03,52.2,91.01,20.1,5,8.2,0,65.33,26.819999999999997,2.421686746987952,0,76.93666666666665,20.16318096597525,103.91229965784258,0
68.62,73.88,73.32,83.92,51.35,17.8,90.69,25.5,1,8.4,0,73.6,-0.5600000000000023,3.0,0,65.16000000000001,26.758281708659847,94.95773826872632,1
62.21,97.81,75.23,96.45,76.42,59.5,72.93,25.3,9,7.5,0,86.52000000000001,-22.58,3.328947368421053,0,79.72333333333334,14.786098426111828,128.151958420404,0
54.48,85.22,90.09,98.32,59.93,81.19999999999999,66.2,20.6,2,7.8,0,87.655,4.8700000000000045,2.6075949367088613,0,80.16,14.5547943990975,147.136563876652,1
86.02,91.38,92.13,89.47,74.05,72.0,89.28,21.6,5,5.3,0,91.755,0.75,4.000000000000001,0,84.71833333333335,9.14622417539974,98.48678601875535,0
72.88,69.06,78.2,86.91,95.21,72.30000000000001,92.51,24.5,2,5.7,1,73.63,9.14,4.224137931034483,0,82.365,10.809685934383102,113.01454445664103,0
51.86,63.38,86.31,86.8,96.45,18.2,68.31,26.3,7,8.1,0,74.845,22.93,3.207317073170732,0,69.90833333333333,28.20542034196028,134.8020311093971,1
62.89,52.08,55.39,84.4,82.99,27.9,84.62,21.7,4,8.4,0,53.735,3.3100000000000023,2.552941176470588,0,64.56333333333333,23.321616296188967,102.6607303757884,2
71.92,80.14,46.53,90.1,79.07,30.0,90.47,17.6,1,5.4,1,63.335,-33.61,3.2,1,69.38499999999999,25.12642811861646,96.47525027808676,1
55.32,81.08,89.36,59.11,83.34,15.9,71.22,18.9,7,6.0,1,85.22,8.280000000000001,3.098360655737705,0,66.66833333333334,27.04005208328317,120.51397927211376,1
72.69,78.51,67.17,66.47,97.89,97.5,50.61,13.3,8,5.6,0,72.84,-11.340000000000003,2.333333333333334,0,76.35833333333333,18.76376126118286,105.04654468748568,2
83.47,96.83,77.05,93.61,57.08,85.3,94.48,26.5,4,4.1,1,86.94,-19.78,6.30952380952381,0,84.05833333333334,15.109267906376758,100.70484405574858,0
61.97,85.07,77.84,65.61,80.83,63.3,82.69,14.1,7,8.8,1,81.455,-7.22999999999999,1.5842696629213482,0,75.89,9.196792919273545,122.46248184605454,1
53.55,68.39,80.16,84.6,92.86,2.9,93.28,25.2,3,8.3,1,74.275,11.769999999999996,3.0,0,70.365,34.30780188237072,131.40056022408965,0
53.28,90.92,86.84,79.0,57.96,62.1,83.39,22.4,5,6.2,0,88.88,-4.079999999999998,3.555555555555556,0,76.70166666666667,13.560395889009534,143.95958458458458,0
63.63,66.48,62.81,77.94,51.34,92.7,79.46,13.3,5,8.7,0,64.64500000000001,-3.6700000000000017,1.511363636363637,0,71.78833333333334,14.566526582087668,112.82152024726284,1
64.72,81.88,48.86,82.49,54.72,60.8,58.22,8.1,1,7.0,1,65.37,-33.02,1.1408450704225352,1,64.495,14.276489414418377,99.65234857849195,2
84.1,62.07,80.32,50.52,62.76,3.3000000000000003,89.36,18.6,7,5.4,1,71.195,18.249999999999996,3.3818181818181823,0,58.055,30.22871730656132,69.03091557669441,1
52.39,94.58,82.64,58.59,80.91,27.6,89.59,29.2,5,5.7,1,88.61,-11.939999999999998,5.0344827586206895,0,72.31833333333334,25.149323185061395,138.03842972577465,1
93.82,46.89,51.54,82.25,50.97,76.8,70.97,15.6,9,5.9,0,49.215,4.649999999999999,2.6,1,63.23666666666666,15.230048807100609,67.40211753002202,2
97.06,79.22,43.57,96.47,97.45,72.0,89.85,11.9,5,4.3,0,61.395,-35.65,2.704545454545455,1,79.75999999999999,20.31843301044645,82.17597362456212,1
58.63,90.29,84.39,98.01,74.64,80.19999999999999,54.65,8.4,6,5.8,0,87.34,-5.900000000000006,1.4237288135593222,0,80.36333333333333,14.96740681169142,137.06862243447608,1
60.22,93.75,84.81,92.69,53.94,16.5,74.81,7.2,9,4.5,1,89.28,-8.939999999999998,1.565217391304348,0,69.41666666666667,29.797660087105275,115.27178124654048,1
78.31,91.57,85.39,82.09,60.41,37.1,50.93,21.0,3,5.1,1,88.47999999999999,-6.179999999999993,4.038461538461539,0,67.91499999999999,21.72668750638256,86.72583322691864,1
92.65,45.86,89.58,65.86,85.98,80.19999999999999,68.15,9.5,2,4.2,0,67.72,43.72,2.2093023255813957,1,72.605,16.15773715592626,78.36481381543443,1
66.42,54.38,98.24,71.44,74.09,60.5,55.79,26.1,1,7.0,0,76.31,43.85999999999999,3.6760563380281694,0,69.07333333333334,16.415270532850396,103.99478068854764,1
78.8,87.11,44.23,95.83,78.58,25.7,68.15,24.9,10,4.9,0,65.67,-42.88,4.98,1,66.60000000000001,26.81120213642052,84.51776649746195,2
52.96,78.38,55.22,60.21,76.98,82.2,69.37,24.4,1,8.0,0,66.8,-23.16,3.0123456790123457,0,70.39333333333333,10.78467369310109,132.91792547834845,2
98.83,99.04,55.96,59.7,51.76,27.7,52.42,21.3,7,7.4,1,77.5,-43.080000000000005,2.8400000000000003,0,57.76333333333333,23.14805016986672,58.44716516577287,2
60.08,98.24,43.22,52.51,95.97,54.5,88.74,25.6,5,7.0,1,70.72999999999999,-55.02,3.605633802816902,1,72.19666666666666,24.72849584319003,120.1675543719485,1
74.01,68.04,51.69,61.83,82.18,8.6,80.45,13.6,4,4.6,1,59.865,-16.35000000000001,2.893617021276596,0,58.79833333333334,27.131153618426676,79.44647119758591,2
59.58,64.13,92.97,67.17,95.23,55.4,71.26,13.2,2,7.5,1,78.55,28.840000000000003,1.736842105263158,0,74.36,16.16990785378816,124.80698220879488,1
60.76,42.94,89.76,93.87,86.85,49.0,81.44,20.9,6,8.9,1,66.35,46.82000000000001,2.322222222222222,1,73.97666666666666,22.15125699969793,121.75224928681148,1
98.79,68.91,97.71,57.94,61.97,70.8,78.98,9.2,5,8.0,0,83.31,28.8,1.1358024691358024,0,72.71833333333333,14.254129810923802,73.60900226068765,1
80.83,61.24,50.23,67.2,87.75,84.5,94.95,7.1,7,5.8,1,55.735,-11.010000000000003,1.2033898305084747,0,74.31166666666667,17.38794227810372,91.93574992783208,1
56.35,56.15,73.41,69.62,86.42,14.3,85.15,28.5,10,5.8,1,64.78,17.259999999999998,4.830508474576272,0,64.17500000000001,26.838927512104505,113.88642413487136,1
88.99,50.63,48.27,95.52,92.54,32.3,50.04,11.1,2,5.7,0,49.45,-2.3599999999999994,1.913793103448276,1,61.55000000000001,26.069094345603958,69.1650747274975,2
78.1,67.36,68.78,60.39,76.27,35.3,84.66,6.5,7,7.8,1,68.07,1.4200000000000017,0.8227848101265823,0,65.46,16.943783520807862,83.8156209987196,1
73.67,81.0,61.13,72.73,74.26,32.1,75.42,14.4,9,4.2,1,71.065,-19.87,3.3488372093023258,0,66.10666666666667,17.889189659307284,89.73349622189042,2
73.78,54.44,69.53,93.93,53.93,62.8,93.02,28.0,2,5.2,1,61.985,15.090000000000003,5.283018867924529,0,71.27499999999999,18.13963037109632,96.60477094063432,1
64.86,74.76,83.48,54.28,78.63,26.0,66.82,21.6,7,7.3,1,79.12,8.719999999999999,2.9189189189189197,0,63.995,21.24012970770188,98.6663583102066,2
91.85,44.35,46.4,88.38,79.84,62.2,52.45,8.1,2,8.0,1,45.375,2.049999999999997,1.0,2,62.27,18.22008561999641,67.79531845400109,2
59.93,49.49,58.24,51.14,82.82,53.1,70.26,12.6,4,8.6,1,53.865,8.75,1.4482758620689655,1,60.84166666666667,13.125828608764728,101.521219200178,2
64.55,50.72,66.97,74.77,79.96,6.0,86.56,10.9,4,5.0,0,58.845,16.25,2.1372549019607847,0,60.82999999999999,29.55859942554789,94.23702556158015,2
71.77,95.09,71.47,64.04,75.54,95.6,97.15,23.6,5,8.7,0,83.28,-23.620000000000005,2.681818181818182,0,83.14833333333333,14.512702596920624,115.8538850959082,0
55.6,50.7,65.02,67.1,53.36,89.7,82.5,13.8,4,6.4,1,57.86,14.319999999999991,2.123076923076923,0,68.06333333333333,15.520476367259697,122.41606714628296,2
81.37,48.61,43.33,57.8,50.7,61.5,69.54,7.5,2,8.7,1,45.97,-5.280000000000001,0.8522727272727274,2,55.24666666666667,9.556647250300008,67.89562082667649,2
57.59,85.2,72.94,53.17,52.1,58.8,56.22,9.2,5,6.2,0,79.07,-12.260000000000003,1.4603174603174602,0,63.07166666666668,13.195909088299551,109.51843491346878,2
57.77,85.75,98.36,68.93,92.4,44.900000000000006,65.94,10.7,6,6.0,1,92.055,12.61,1.7540983606557377,0,76.04666666666667,19.91169271223988,131.63695112803646,1
57.6,58.18,76.87,56.72,77.62,62.6,98.48,16.8,9,5.9,0,67.525,18.690000000000005,2.8000000000000003,0,71.745,15.930677010095964,124.55729166666666,1
54.66,52.36,46.1,75.06,51.58,36.4,84.45,29.4,6,7.4,1,49.23,-6.259999999999998,3.92,1,57.65833333333333,18.281912828439665,105.4854250518356,2
94.75,79.36,54.42,74.4,69.49,20.4,98.01,16.9,8,4.0,1,66.89,-24.94,4.121951219512195,0,66.01333333333334,26.45496223143527,69.67106420404573,1
70.08,62.5,91.33,90.87,94.68,0.4,70.7,29.5,8,5.4,0,76.91499999999999,28.83,5.363636363636363,0,68.41333333333333,35.7363208328259,97.62176560121765,1
74.77,60.64,66.86,92.78,55.36,44.400000000000006,75.61,21.3,9,6.7,0,63.75,6.219999999999999,3.1323529411764706,0,65.94166666666666,16.844814533460042,88.19267977352771,1
60.25,43.73,47.64,62.97,95.97,44.8,68.4,6.7,1,4.2,1,45.685,3.910000000000004,1.558139534883721,2,60.585,20.09821360220853,100.55601659751036,2
78.69,44.89,68.7,93.07,67.94,80.19999999999999,88.85,5.2,5,7.2,1,56.795,23.81,0.7123287671232877,1,73.94166666666666,17.52034636263412,93.96577286398104,1
91.85,88.5,64.97,89.87,50.15,20.0,73.88,17.7,3,7.2,0,76.735,-23.53,2.4246575342465757,0,64.56166666666667,26.434794810375717,70.29032843404102,1
90.46,44.3,96.08,75.2,83.46,60.8,97.03,28.6,3,7.9,1,70.19,51.78,3.575,1,76.145,20.676376616805957,84.17532611098828,0
78.7,41.14,52.51,56.89,93.11,35.2,97.42,27.2,3,7.7,1,46.825,11.369999999999996,3.4871794871794872,1,62.71166666666667,26.415607066025693,79.68445573909361,2
87.88,67.99,50.92,64.25,68.2,61.0,60.13,18.2,5,5.7,0,59.455,-17.069999999999993,3.1379310344827585,0,62.08166666666667,6.428154997094162,70.64368077681688,2
76.87,80.96,67.13,91.95,71.0,61.8,55.05,15.4,6,5.3,1,74.04499999999999,-13.829999999999998,2.851851851851852,0,71.315,13.353113120167896,92.77351372446988,2
71.94,82.57,58.83,77.86,72.95,42.7,96.58,28.5,6,7.7,0,70.69999999999999,-23.739999999999995,3.6538461538461537,0,71.91499999999999,18.884061798246687,99.96524881845984,1
71.27,98.25,88.72,83.87,84.02,57.0,93.8,23.9,3,6.9,0,93.485,-9.53,3.414285714285714,0,84.27666666666667,14.490955340027332,118.2498479958842,0
62.64,86.63,65.77,84.76,74.66,32.7,96.89,26.7,1,7.3,1,76.19999999999999,-20.86,3.608108108108108,0,73.56833333333331,22.680331052845474,117.44625372498932,0
75.84,41.63,79.57,69.04,69.76,94.4,56.32,9.9,10,8.5,0,60.6,37.93999999999999,1.1511627906976745,1,68.45333333333333,18.251412730708456,90.26019690576652,2
81.64,47.73,53.72,76.28,94.96,41.3,55.7,29.9,3,8.6,1,50.725,5.990000000000002,3.4367816091954024,1,61.615,20.148260222659424,75.47158255756982,2
58.93,96.38,72.48,63.51,95.09,59.0,78.57,10.5,3,6.9,1,84.43,-23.89999999999999,1.5,0,77.50500000000001,15.6855203930249,131.52044798913963,1
72.45,91.61,54.79,78.51,58.0,48.2,94.37,13.1,4,5.3,0,73.2,-36.82,2.425925925925926,0,70.91333333333334,19.894160617293373,97.8789970094318,1
79.45,69.33,58.33,70.82,90.18,98.7,61.89,20.8,2,7.8,0,63.83,-11.0,2.632911392405064,0,74.87499999999999,16.071160194584586,94.24166142227814,2
93.22,44.17,60.93,85.04,53.55,53.3,53.1,19.6,6,4.5,1,52.55,16.759999999999998,4.260869565217392,1,58.348333333333336,14.115168318750817,62.59207609239791,2
51.28,83.04,76.46,51.61,77.61,50.8,52.56,5.8,9,8.8,1,79.75,-6.5800000000000125,0.6516853932584269,0,65.34666666666668,15.17069499616503,127.43109724388977,2
77.12,68.94,50.67,81.99,86.03,95.6,85.74,18.0,3,6.1,1,59.805,-18.27,2.903225806451613,0,78.16166666666668,15.993275357682885,101.35070885200554,1
96.72,59.52,95.61,74.29,88.73,51.6,51.26,10.3,7,8.9,0,77.565,36.09,1.1444444444444446,0,70.16833333333334,19.10234060702161,72.54790460435622,1
50.5,63.04,67.57,75.25,70.66,64.6,51.92,22.6,9,8.0,1,65.30499999999999,4.529999999999994,2.790123456790124,0,65.50666666666667,7.965560034716118,129.7161716171617,2
60.16,53.82,42.62,65.16,73.03,30.9,81.91,8.2,6,8.3,1,48.22,-11.200000000000005,0.976190476190476,1,57.90666666666666,19.168876510287888,96.25443262411348,2
75.87,67.19,70.51,64.2,91.53,8.5,98.79,9.8,9,7.7,0,68.85,3.3200000000000074,1.2564102564102566,0,66.78666666666666,31.79464776761439,88.02776679407758,1
97.49,42.28,45.08,85.8,68.65,2.6,90.24,21.0,5,4.9,0,43.68,2.799999999999997,4.2,2,55.775,32.799942530437455,57.2109959995897,2
77.21,92.8,50.41,56.96,65.18,36.8,98.76,6.9,5,7.2,0,71.60499999999999,-42.39,0.9452054794520548,0,66.81833333333334,24.35373352623098,86.54103527176966,1
56.19,73.45,43.11,86.82,78.87,78.1,88.18,16.6,4,5.2,1,58.28,-30.340000000000003,3.1320754716981134,1,74.75500000000001,16.474381020238667,133.0396867770066,1
89.79,83.84,66.59,50.6,54.1,70.6,87.91,18.3,5,7.4,1,75.215,-17.25,2.44,0,68.94,15.144175117846464,76.77915135315736,1
84.1,98.37,49.24,62.38,77.52,13.9,60.58,25.4,8,4.3,1,73.805,-49.13,5.772727272727273,1,60.331666666666656,28.3744098910738,71.73801030519222,2
88.42,93.55,49.65,95.44,93.04,2.7,61.13,15.6,2,6.2,0,71.6,-43.9,2.4761904761904763,1,65.91833333333334,36.48223426089288,74.55138354821685,2
67.3,65.13,78.17,75.78,82.79,1.3,81.29,6.1,4,6.5,0,71.65,13.040000000000006,0.9242424242424242,0,64.07666666666667,31.38183274868864,95.21050024764736,1
80.53,70.59,88.38,53.57,57.7,61.0,97.06,13.6,9,5.8,0,79.485,17.789999999999992,2.305084745762712,0,71.38333333333334,17.670140538961952,88.64191398650607,1
66.28,56.54,76.04,56.74,97.26,78.60000000000001,79.19,11.5,10,6.8,0,66.29,19.500000000000007,1.6666666666666667,0,74.06166666666668,15.466232141884678,111.74059545363107,1
70.03,96.89,95.66,90.22,78.02,24.4,78.0,5.8,10,7.1,0,96.275,-1.230000000000004,0.8055555555555556,0,77.19833333333332,27.155627348059312,110.236089295064,0
98.19,41.64,70.53,53.81,50.54,3.7,85.35,13.4,1,4.3,0,56.085,28.89,3.045454545454546,1,50.928333333333335,27.908134596684647,51.86712835658757,2
76.42,98.33,87.92,95.32,71.66,84.39999999999999,59.58,7.5,5,6.2,0,93.125,-10.409999999999997,1.1904761904761905,0,82.86833333333333,14.764455176763777,108.43801797086276,0
65.03,56.16,84.98,85.2,72.25,77.6,57.7,28.0,6,5.4,1,70.57,28.820000000000007,5.090909090909091,0,72.31499999999998,12.875893367063895,111.20252191296322,1
71.37,67.2,85.39,80.81,76.86,96.9,91.16,7.4,2,5.2,0,76.295,18.19,1.3962264150943398,0,83.05333333333333,10.560552384542518,116.37009014058194,0
53.96,59.3,43.92,75.06,83.0,82.89999999999999,82.45,27.9,6,8.1,1,51.61,-15.379999999999995,3.402439024390244,1,71.10499999999999,16.14525534019205,131.77353595255744,2
70.09,90.52,43.01,78.64,59.6,7.5,56.15,24.0,7,6.2,0,66.765,-47.51,3.8095238095238098,1,55.903333333333336,29.11397098759746,79.7593570171684,2
52.7,75.17,47.13,84.25,83.14,7.0,85.97,7.4,7,4.1,0,61.150000000000006,-28.04,1.7619047619047623,1,63.77666666666666,31.35968601033286,121.01834282099937,1
53.38,64.87,94.29,71.77,79.51,90.7,88.68,11.5,5,4.9,0,79.58000000000001,29.42,2.3,0,81.63666666666667,11.617696271923569,152.93493193455726,0
57.79,76.33,45.71,97.16,66.71,87.6,80.25,5.3,6,7.8,0,61.02,-30.62,0.6708860759493671,1,75.62666666666667,17.907701881220454,130.86462479090963,1
72.58,56.93,81.76,73.55,81.93,2.9,74.0,28.4,8,7.4,0,69.345,24.830000000000005,3.786666666666666,0,61.845,30.276841810202068,85.20942408376963,1
70.43,74.33,43.72,52.86,67.4,13.3,95.73,12.0,4,6.2,1,59.025,-30.61,1.9047619047619049,1,57.89000000000001,28.3087873283191,82.19508732074401,2
96.78,75.35,53.86,83.24,83.46,35.3,81.55,23.4,8,7.8,0,64.60499999999999,-21.489999999999995,2.9620253164556964,0,68.79333333333334,19.87132372708639,71.08217951367362,1
86.72,63.93,91.07,81.0,66.88,61.4,77.57,26.6,3,5.8,1,77.5,27.139999999999997,4.508474576271187,0,73.64166666666667,11.517106262714895,84.91889606396064,1
82.14,67.22,64.64,85.39,53.03,80.0,77.45,15.1,8,7.0,0,65.93,-2.5799999999999983,2.126760563380282,0,71.28833333333333,11.889782868777152,86.78881584286988,1
75.79,40.84,58.66,75.79,91.57,61.4,57.07,24.7,2,5.6,0,49.75,17.819999999999993,4.333333333333334,1,64.22166666666666,17.426992186452217,84.73633284954039,2
73.23,79.58,43.6,72.68,91.39,64.2,88.66,21.4,4,4.2,0,61.59,-35.98,4.976744186046512,1,73.35166666666667,17.708102571045455,100.16614320178434,1
68.56,86.52,93.02,60.85,93.76,8.5,82.61,24.7,3,5.1,0,89.77,6.5,4.750000000000001,0,70.87666666666667,32.826031540024246,103.37903539478802,1
52.28,82.12,99.62,55.18,50.23,5.8,83.34,13.8,1,8.4,1,90.87,17.5,1.623529411764706,0,62.71500000000001,33.51385489614706,119.95983167559297,1
99.64,40.24,43.79,81.36,86.72,53.1,62.64,27.7,8,7.5,0,42.015,3.549999999999997,3.6447368421052633,2,61.30833333333333,19.32738411339379,61.52984076006958,2
68.19,84.4,70.08,89.49,99.91,29.8,51.28,17.4,3,7.2,1,77.24000000000001,-14.320000000000007,2.383561643835616,0,70.82666666666667,26.24581007830901,103.8666471134575,1
88.05,77.09,74.49,75.79,69.83,33.2,67.38,16.2,1,6.4,1,75.78999999999999,-2.6000000000000085,2.4923076923076923,0,66.29666666666667,16.63007837223465,75.29434033692978,1
53.83,97.04,87.01,98.49,70.53,91.8,67.95,15.7,7,7.0,1,92.025,-10.03,2.211267605633803,0,85.47000000000001,13.236161074873634,158.77763328998702,0
57.46,72.74,71.84,97.12,64.42,97.4,74.65,20.9,1,9.0,0,72.28999999999999,-0.8999999999999915,2.2967032967032965,0,79.695,14.042423936058904,138.69648451096413,1
59.03,96.35,41.93,51.51,77.02,88.69999999999999,86.75,28.5,7,5.1,1,69.14,-54.42,5.480769230769232,1,73.71,22.00488945666394,124.8687108250042,1
76.09,99.92,55.07,76.14,50.06,22.1,67.46,9.8,6,5.4,0,77.495,-44.85,1.781818181818182,0,61.79166666666666,26.267910778489156,81.20865641564814,2
50.67,84.06,47.5,63.74,66.65,87.89999999999999,97.75,7.1,7,7.1,0,65.78,-36.56,0.9861111111111112,1,74.60000000000001,18.535674792140693,147.22715610815078,1
66.12,94.05,74.7,92.09,73.89,9.2,63.76,16.6,1,6.4,0,84.375,-19.349999999999994,2.553846153846154,0,67.94833333333334,31.02874242805639,102.7651744303287,1
52.01,81.27,42.16,72.36,76.84,42.5,55.74,9.8,10,5.7,0,61.715,-39.11,1.6896551724137934,1,61.81166666666667,17.388148166687177,118.84573479459078,2
52.52,96.67,45.17,64.36,60.61,23.8,63.75,14.4,8,7.7,1,70.92,-51.5,1.8461538461538465,1,59.06,24.096474430920388,112.45239908606246,2
66.03,83.85,88.99,58.35,50.53,51.6,73.97,10.0,5,8.0,1,86.41999999999999,5.140000000000001,1.234567901234568,0,67.88166666666666,16.70115495008254,102.80428088242716,1
71.16,90.81,90.0,77.36,79.27,30.4,93.0,29.2,4,6.5,0,90.405,-0.8100000000000023,4.424242424242425,0,76.80666666666666,23.631903576873924,107.93516957091998,0
51.31,83.57,84.81,70.3,57.94,5.5,54.62,21.7,1,6.8,1,84.19,1.240000000000009,3.1449275362318843,0,59.45666666666667,29.25350486124127,115.87734684596896,2
96.65,95.23,65.02,79.43,74.84,11.1,78.01,23.0,1,8.0,1,80.125,-30.210000000000008,2.8395061728395063,0,67.27166666666666,29.197298105589613,69.603379893085,1
79.01,82.75,72.32,72.47,85.89,77.9,80.38,10.2,2,8.6,1,77.535,-10.430000000000009,1.1724137931034484,0,78.61833333333334,5.496149258041186,99.50428215837658,1
60.55,76.15,84.19,62.3,77.13,61.4,52.75,9.9,10,6.3,1,80.17,8.039999999999992,1.5468750000000002,0,68.98666666666666,11.955475175277089,113.93338838425544,2
52.81,85.45,76.57,92.55,94.09,8.100000000000001,81.61,9.8,6,8.1,0,81.00999999999999,-8.88000000000001,1.1951219512195124,0,73.06166666666667,32.49879161856125,138.34816638262956,0
80.72,48.24,61.2,56.26,99.44,34.6,58.76,25.0,1,6.9,0,54.72,12.96,3.571428571428572,1,59.75,21.705121054718862,74.0213082259663,2
94.46,86.52,43.71,70.3,66.36,65.19999999999999,82.27,26.8,7,5.9,1,65.115,-42.81,4.466666666666667,1,69.05999999999999,15.13740664711099,73.11031124285411,2
51.22,59.19,61.23,77.51,96.19,92.0,70.46,15.6,10,7.3,0,60.21,2.039999999999999,2.1081081081081083,0,76.09666666666666,15.474370638790669,148.5682676038006,1
65.08,46.69,44.22,95.9,94.78,21.4,71.45,20.1,5,6.6,1,45.455,-2.469999999999999,3.0000000000000004,2,62.406666666666666,30.0364216688118,95.8922351977054,2
73.64,87.05,45.21,68.35,60.01,59.5,70.66,16.3,1,6.0,0,66.13,-41.84,2.672131147540984,1,65.13,13.972497271425746,88.4437805540467,2
98.27,96.79,70.48,87.12,58.46,68.89999999999999,98.43,20.9,5,6.4,0,83.635,-26.31,3.215384615384615,0,80.03,16.43210272606644,81.43889284623997,0
53.83,98.17,96.11,77.82,81.76,5.300000000000001,80.97,18.7,2,4.2,1,97.14,-2.0600000000000023,4.348837209302325,0,73.355,34.39077129114728,136.27159576444362,0
83.35,60.79,43.3,53.67,53.76,18.0,59.89,7.5,2,5.5,0,52.045,-17.490000000000002,1.3392857142857144,1,48.23499999999999,16.075082270396006,57.87042591481704,2
77.65,58.04,52.57,83.93,83.33,74.7,96.4,20.5,5,4.8,1,55.305,-5.469999999999999,4.183673469387756,0,74.82833333333333,16.71976963557413,96.36617299849752,1
59.89,75.64,81.18,51.41,88.34,94.7,67.4,27.5,7,4.3,1,78.41,5.540000000000006,6.250000000000001,0,76.445,15.532981362249814,127.64234429787945,1
75.04,80.55,73.31,99.07,80.62,3.9,95.94,6.0,10,7.7,0,76.93,-7.239999999999995,0.7692307692307693,0,72.23166666666667,34.90650221186114,96.2575515280739,0
63.94,67.29,62.38,72.97,61.57,35.2,88.14,28.9,3,5.7,1,64.83500000000001,-4.910000000000004,4.982758620689655,0,64.59166666666667,17.37753425163267,101.01918465227818,1
50.8,75.21,51.43,54.22,69.17,53.8,89.8,13.6,7,5.4,1,63.31999999999999,-23.779999999999998,2.4727272727272727,0,65.605,15.233319730117922,129.14370078740157,2
95.12,68.56,72.55,80.93,66.77,78.4,92.14,26.0,8,7.0,0,70.555,3.989999999999995,3.661971830985916,0,76.55833333333334,9.39300892508182,80.48605270535464,1
66.24,98.1,76.3,97.55,54.29,41.900000000000006,95.41,29.6,5,4.8,0,87.19999999999999,-21.8,6.040816326530614,0,77.25833333333333,24.30754731902556,116.6339573268921,0
53.22,43.62,85.18,66.44,89.07,3.5,63.25,19.3,6,8.2,1,64.4,41.56000000000001,2.3253012048192776,1,58.51,31.55429352718897,109.93987222848553,2
99.79,70.98,79.01,79.53,81.56,6.0,94.61,19.6,7,8.4,1,74.995,8.030000000000001,2.3058823529411767,0,68.61500000000001,31.61245877814632,68.75939472893076,1
70.35,55.86,61.14,67.38,78.04,87.69999999999999,77.0,25.1,6,4.3,1,58.5,5.280000000000001,5.704545454545456,0,71.18666666666667,11.864115081482757,101.18929163705285,2
63.44,50.81,79.49,50.36,61.76,18.2,58.86,6.2,6,6.8,0,65.15,28.679999999999996,0.8985507246376813,0,53.24666666666667,20.175420359106937,83.93232450609501,2
54.8,46.32,79.83,95.03,84.87,81.0,71.79,9.6,5,4.8,1,63.075,33.51,1.959183673469388,1,76.47333333333334,16.599812850350652,139.54987834549885,1
84.11,81.73,59.89,67.26,98.63,61.8,81.05,24.4,5,5.6,1,70.81,-21.840000000000003,4.280701754385965,0,75.06,14.850659244626144,89.2402805849483,1
75.13,85.25,85.36,97.59,93.3,95.8,76.86,7.6,6,8.6,0,85.305,0.1099999999999994,0.8735632183908046,0,89.02666666666669,7.914613488141203,118.49682772083946,0
88.71,62.46,45.59,69.89,74.32,50.8,82.24,17.2,4,8.4,1,54.025000000000006,-16.869999999999997,2.023529411764706,1,64.21666666666667,14.0652062433036,72.38943373539249,2
51.2,92.93,94.87,80.37,97.42,76.5,69.87,24.2,3,5.8,1,93.9,1.9399999999999975,4.101694915254238,0,85.32666666666667,11.28292278918307,166.65364583333334,0
89.45,71.38,65.43,98.7,67.72,28.9,94.46,7.1,10,8.4,1,68.405,-5.949999999999989,0.8352941176470587,0,71.09833333333333,25.02774973238039,79.48388298863424,1
86.15,53.92,50.07,54.75,69.09,50.6,81.89,12.1,2,5.6,0,51.995000000000005,-3.8500000000000014,2.12280701754386,0,60.053333333333335,12.753642094188884,69.70787386341652,2
66.33,55.3,41.65,81.46,60.51,54.7,83.36,17.5,1,6.2,0,48.475,-13.65,2.7777777777777777,1,62.82999999999999,16.403233827510963,94.72335293230816,2
59.16,60.63,40.09,84.15,55.72,65.5,93.96,6.9,2,6.0,1,50.36,-20.54,1.1311475409836067,1,66.675,19.568054323309717,112.70283975659228,2
86.65,89.62,44.21,93.49,84.52,72.0,95.16,25.2,10,5.7,1,66.915,-45.41,4.344827586206897,1,79.83333333333333,19.33669016834749,92.13310251971532,1
68.58,54.51,41.78,80.09,83.98,26.4,94.55,6.3,9,6.7,0,48.145,-12.729999999999997,0.9264705882352942,1,63.55166666666667,26.787062113390984,92.6679303975892,2
88.93,73.73,90.57,56.18,96.57,24.4,80.09,18.2,5,7.9,1,82.15,16.83999999999999,2.275,0,70.25666666666666,26.513271896668407,79.00221147719178,1
54.97,47.49,87.21,77.06,84.92,27.4,71.68,20.6,4,8.4,1,67.35,39.71999999999999,2.423529411764706,1,65.96,23.643125850868365,119.99272330362017,1
80.31,99.77,86.46,98.63,72.9,5.2,62.96,11.3,8,6.3,0,93.115,-13.310000000000002,1.7656250000000002,0,70.98666666666666,35.29314928802283,88.39081891005685,1
94.47,65.84,51.6,70.62,74.64,26.1,54.14,25.4,10,6.5,1,58.72,-14.240000000000002,3.8484848484848486,0,57.156666666666666,17.702101193549503,60.502452277619,2
67.73,98.46,59.35,67.71,97.74,61.8,81.41,6.0,9,5.2,0,78.905,-39.10999999999999,1.1320754716981132,0,77.745,17.52520327984814,114.78665288646096,1
55.39,65.9,54.11,91.24,84.97,93.4,99.8,11.3,8,4.8,1,60.005,-11.790000000000006,2.3061224489795924,0,81.57000000000001,17.75922971302528,147.2648492507673,0
88.93,43.96,72.66,78.76,77.56,37.9,53.39,10.0,1,4.1,0,58.31,28.7,2.3809523809523814,1,60.70499999999999,17.92745575925374,68.26155403126053,2
54.02,84.54,87.47,72.78,90.2,98.8,81.82,11.2,1,7.8,1,86.005,2.9299999999999926,1.4177215189873418,0,85.935,8.694687458442655,159.07997038134025,0
55.15,71.64,56.84,84.94,90.69,92.5,70.13,12.5,9,6.3,0,64.24000000000001,-14.799999999999995,1.953125,0,77.79,13.923485195883966,141.0516772438803,1
82.66,76.55,84.21,85.85,71.66,45.7,84.99,21.4,10,5.9,1,80.38,7.659999999999997,3.5666666666666664,0,74.82666666666667,15.324585040602782,90.52342930881522,0
72.69,71.72,66.06,74.89,66.39,71.6,73.14,18.7,1,8.9,0,68.89,-5.659999999999997,2.077777777777777,0,70.63333333333333,3.61771014132789,97.1706332828908,1
90.13,52.52,63.79,92.33,96.43,20.5,83.08,24.8,1,4.9,1,58.155,11.269999999999996,4.96,0,68.10833333333333,28.77900027218921,75.56677391915382,1
74.3,56.42,97.81,99.02,53.72,61.4,96.56,14.2,5,8.5,1,77.11500000000001,41.39,1.6511627906976745,0,77.48833333333333,22.396223267923247,104.29116195603407,0
71.19,59.34,45.85,88.5,52.28,2.8000000000000003,69.94,23.2,2,8.6,0,52.595,-13.490000000000002,2.666666666666667,1,53.11833333333334,28.840964211805865,74.61488036709277,2
85.94,70.26,96.93,59.76,95.65,3.8,56.8,10.1,1,7.9,0,83.595,26.67,1.2625,0,63.866666666666674,34.11464768492659,74.31541385462727,1
85.76,56.62,61.51,81.76,69.32,37.3,69.24,24.2,3,7.6,1,59.065,4.890000000000001,3.1428571428571432,0,62.625,15.055818476589046,73.02355410447761,2
88.07,56.5,59.68,65.69,86.99,33.7,86.51,12.2,4,8.3,0,58.09,3.18,1.4523809523809523,0,64.845,20.133626349964874,73.62893153173613,2
52.23,78.47,64.5,92.15,72.77,64.7,95.11,13.3,5,8.8,0,71.485,-13.97,1.4943820224719102,0,77.95,13.264037092831128,149.2437296572851,0
68.45,55.74,45.01,89.74,58.61,49.400000000000006,50.85,16.2,6,8.3,1,50.375,-10.730000000000004,1.9285714285714284,1,58.225,16.16431965781424,85.06208911614317,2
51.66,56.95,80.66,58.43,54.4,30.1,93.8,11.3,1,5.7,0,68.805,23.709999999999997,1.9482758620689655,0,62.39000000000001,22.23573880040868,120.7704219899342,1
65.97,87.83,82.18,92.69,80.38,55.2,72.14,12.1,3,5.7,0,85.005,-5.649999999999992,2.086206896551724,0,78.40333333333332,13.33240663446276,118.8469506341266,0
56.82,86.13,40.81,75.12,94.66,13.8,56.4,7.2,3,7.3,0,63.47,-45.31999999999999,0.972972972972973,1,61.153333333333336,30.39862474959462,107.6264226211428,2
51.13,48.34,98.88,89.29,52.85,0.5,91.5,17.7,2,5.3,0,73.61,50.53999999999999,3.277777777777778,1,63.56,37.45155537491066,124.31058087228634,1
90.03,85.98,47.91,77.14,70.63,25.4,72.31,6.1,9,4.9,0,66.945,-38.07000000000001,1.22,1,63.228333333333325,22.423506787892627,70.23029360583509,2
93.78,44.36,66.36,78.64,80.12,55.8,59.89,16.9,9,8.6,0,55.36,22.0,1.942528735632184,1,64.19500000000001,13.77960195361245,68.45276178289615,2
97.5,94.55,98.43,61.06,73.84,83.69999999999999,86.39,6.7,1,7.3,1,96.49,3.8800000000000097,0.9054054054054056,0,82.99499999999999,13.774894191971132,85.12307692307691,0
60.76,82.85,72.17,83.8,89.68,68.8,82.76,14.1,8,7.6,0,77.50999999999999,-10.679999999999993,1.8311688311688312,0,80.01,7.882014970805373,131.6820276497696,0
70.47,46.61,49.98,70.93,90.85,38.4,79.16,29.9,7,8.3,1,48.295,3.369999999999997,3.5595238095238093,2,62.655,20.69904031591803,88.91017454235845,2
67.7,58.24,88.21,56.54,63.19,5.8,50.49,26.6,7,6.0,0,73.225,29.96999999999999,4.360655737704919,0,53.745,26.886350998229567,79.38700147710486,2
98.35,45.14,86.63,91.62,95.86,85.0,91.45,8.4,9,4.5,1,65.88499999999999,41.49,1.8260869565217392,1,82.61666666666666,18.765720520850422,84.00271140484664,0
76.2,95.52,69.11,70.51,69.16,75.7,91.86,14.6,7,6.9,0,82.315,-26.41,2.085714285714286,0,78.64333333333333,11.95938571443645,103.20647419072615,0
77.3,87.34,76.83,90.94,58.77,84.80000000000001,82.47,27.5,5,5.6,0,82.08500000000001,-10.510000000000003,4.824561403508772,0,80.19166666666666,11.517304227407848,103.74083656748596,0
77.15,97.18,87.85,88.66,82.09,12.7,81.97,6.8,1,6.7,0,92.515,-9.330000000000013,1.0,0,75.07499999999999,31.060507883806405,97.31043421905376,0
80.6,73.57,72.5,65.18,67.81,23.8,79.81,16.3,5,4.2,0,73.035,-1.0699999999999932,3.790697674418605,0,63.778333333333336,20.22594711420621,79.12944582299421,1
88.92,43.67,81.69,85.72,74.92,10.6,86.46,27.9,6,6.2,1,62.68,38.02,4.428571428571429,1,63.84333333333333,30.57160163724934,71.79862048283101,1
85.02,54.06,81.69,71.69,86.69,38.5,83.26,21.2,4,6.5,0,67.875,27.629999999999995,3.2121212121212124,0,69.315,19.169841679054105,81.52787579393085,1
61.31,91.79,85.05,99.36,78.01,61.2,96.65,18.3,3,7.5,1,88.42,-6.740000000000009,2.4078947368421053,0,85.34333333333332,14.160731148731928,139.19969553634533,0
59.01,91.02,69.51,54.32,82.66,79.6,58.21,18.5,4,6.7,0,80.265,-21.50999999999999,2.7205882352941178,0,72.55333333333333,14.424046126751904,122.9509122747557,2
80.6,89.6,64.65,68.1,78.88,24.6,64.38,18.9,1,8.3,0,77.125,-24.94999999999999,2.25,0,65.03500000000001,22.09110205489984,80.68858560794047,2
84.43,74.81,87.64,99.46,97.97,37.3,74.5,27.5,5,4.7,1,81.225,12.829999999999998,5.729166666666667,0,78.61333333333333,22.92998531762868,93.1106636661534,0
68.9,97.89,93.9,91.11,81.2,49.3,94.99,20.4,3,6.7,0,95.895,-3.989999999999995,3.0,0,84.73166666666667,18.28109560903467,122.97774552491532,0
77.57,88.79,86.72,80.61,55.85,79.5,68.79,21.0,3,7.0,0,87.755,-2.0700000000000074,2.9577464788732395,0,76.71000000000001,12.385367172595249,98.89132396545058,1
84.11,87.46,90.03,78.2,79.28,71.3,50.27,27.1,7,7.8,0,88.745,2.5700000000000074,3.430379746835444,0,76.09,14.33767903114029,90.46486743550112,1
94.72,67.73,58.42,69.65,61.52,96.4,88.55,18.3,3,4.4,0,63.075,-9.310000000000002,4.066666666666666,0,73.71166666666667,15.295004958046489,77.82059403153154,1
81.92,98.18,88.51,97.57,76.07,31.1,52.22,25.1,5,7.8,0,93.345,-9.670000000000002,3.177215189873418,0,73.94166666666666,27.09169719059082,90.26082356770831,1
99.35,53.46,87.38,80.31,72.23,84.5,78.42,18.6,6,4.4,0,70.42,33.919999999999995,4.133333333333334,0,76.05,12.234675312406129,76.54755913437343,1
95.22,59.54,70.43,69.0,87.35,79.6,97.72,7.1,3,8.6,1,64.985,10.890000000000008,0.8160919540229885,0,77.27333333333333,13.818604367542571,81.15241895960233,1
71.64,97.01,54.41,97.06,83.56,35.3,53.61,12.8,9,8.8,0,75.71000000000001,-42.60000000000001,1.4382022471910112,0,70.15833333333335,25.927888781516067,97.9317885724921,2
63.7,46.57,48.54,55.55,73.73,15.1,79.52,19.0,3,7.7,0,47.555,1.9699999999999989,2.435897435897436,2,53.16833333333333,22.965288081508287,83.46677132391417,2
76.73,52.11,97.58,73.24,91.04,50.2,91.26,7.4,7,8.3,0,74.845,45.47,0.8809523809523809,0,75.905,20.826431043268077,98.92480125114037,0
62.17,62.54,55.82,68.06,58.19,11.1,50.51,15.6,1,7.3,1,59.18,-6.719999999999999,2.1081081081081083,0,51.03666666666667,20.45182502043929,82.09211302343037,2
72.86,93.92,42.45,69.44,73.88,87.5,64.67,17.7,9,5.6,1,68.185,-51.47,3.105263157894737,1,71.97666666666667,18.20852840475217,98.78762924329766,2
54.94,91.13,79.09,62.89,94.22,24.1,53.51,9.4,3,6.1,1,85.11,-12.039999999999992,1.5161290322580647,0,67.49000000000001,26.48469369277281,122.84310156534404,2
99.99,59.31,55.23,71.22,97.59,87.6,90.73,17.1,6,5.5,0,57.27,-4.080000000000005,3.053571428571429,0,76.94666666666667,17.57885851432529,76.95436210287697,1
96.69,64.05,65.12,69.67,50.86,43.6,87.75,25.8,10,4.7,1,64.58500000000001,1.0700000000000074,5.375,0,63.50833333333335,15.39374862295298,65.68242148446929,2
92.4,94.3,59.75,80.31,79.15,41.2,76.19,8.2,7,6.7,1,77.025,-34.55,1.2058823529411764,0,71.81666666666666,18.620018976001788,77.72366522366522,1
75.73,63.46,95.19,95.16,85.39,22.1,60.29,8.9,2,5.1,1,79.325,31.73,1.711538461538462,0,70.265,28.055153359053307,92.78357322065231,1
95.11,88.15,80.16,58.77,98.66,7.0,90.11,29.8,4,6.2,0,84.155,-7.990000000000009,4.73015873015873,0,70.47500000000001,33.91818081796251,74.09841236463045,1
59.76,40.61,91.17,54.79,53.28,32.2,70.6,16.8,8,8.0,0,65.89,50.56,2.0740740740740744,1,57.10833333333333,21.23616294594357,95.56280678268628,2
90.38,45.65,44.44,68.1,66.27,4.2,55.48,25.5,8,4.9,0,45.045,-1.2100000000000009,5.1,2,47.35666666666666,23.35768025011616,52.39728553514789,2
82.18,76.58,73.73,72.01,80.97,20.5,69.46,21.1,6,8.7,0,75.155,-2.8499999999999943,2.3977272727272734,0,65.54166666666666,22.418168896381047,79.75379248803438,1
67.75,70.96,60.21,79.1,54.78,82.8,75.76,15.0,1,5.5,1,65.585,-10.749999999999991,2.678571428571429,0,70.60166666666666,11.00972009937885,104.2091020910209,2
67.98,85.05,63.55,70.17,94.28,0.4,65.65,12.7,8,5.4,1,74.3,-21.5,2.309090909090909,0,63.18333333333332,32.99070515564448,92.94400313817786,2
99.71,79.41,61.99,66.36,50.72,83.80000000000001,50.31,26.3,9,5.3,1,70.7,-17.419999999999995,4.870370370370371,0,65.43166666666667,14.075470033596275,65.6219703807709,2
63.59,82.02,92.73,53.72,84.13,13.5,56.03,18.1,2,4.9,0,87.375,10.710000000000008,3.62,0,63.68833333333333,29.237704025225145,100.15463647324002,2
57.04,50.38,47.74,76.12,98.2,26.7,94.23,24.8,4,5.5,0,49.06,-2.640000000000001,4.428571428571429,1,65.56166666666667,28.484860832847097,114.93980832164564,1
99.03,94.34,69.92,62.9,75.26,8.7,90.17,12.3,8,8.8,1,82.13,-24.42,1.3820224719101124,0,66.88166666666667,30.908557013659934,67.53677336833957,1
68.51,98.54,74.16,53.16,69.91,67.9,84.86,6.0,10,6.2,1,86.35,-24.38000000000001,0.9523809523809524,0,74.755,15.524176950808055,109.11545759743102,1
67.99,91.53,55.98,88.97,73.41,55.9,87.39,28.9,3,6.9,1,73.755,-35.550000000000004,4.128571428571428,0,75.52999999999999,16.427580467007306,111.08986615678776,1
82.34,70.06,71.25,89.34,62.66,99.1,96.97,22.8,9,7.8,1,70.655,1.1899999999999975,2.886075949367089,0,81.56333333333333,15.500994376705858,99.05675653793216,0
89.35,70.84,95.09,84.57,88.45,47.6,93.98,22.4,3,4.1,1,82.965,24.25,5.333333333333334,0,80.08833333333334,18.160697582049725,89.63439656780453,0
67.32,71.49,88.9,91.84,73.75,23.4,77.7,5.3,4,4.6,0,80.195,17.41000000000001,1.1276595744680853,0,71.17999999999999,24.791021761920184,105.73380867498516,1
84.54,66.19,66.24,54.83,70.63,72.2,93.24,6.6,8,8.9,1,66.215,0.0499999999999971,0.7333333333333333,0,70.55499999999999,12.667035564803628,83.45753489472438,1
60.74,79.97,60.39,93.11,74.97,28.1,98.04,15.6,4,4.1,0,70.18,-19.58,3.714285714285715,0,72.43000000000002,25.52233609997329,119.24596641422458,1
90.66,65.74,68.34,56.29,95.74,44.0,69.71,20.7,10,4.5,1,67.03999999999999,2.6000000000000085,4.5,0,66.63666666666666,17.20248199146468,73.5017280682403,2
67.6,63.9,49.45,81.12,50.13,84.80000000000001,87.52,21.6,1,7.8,1,56.675,-14.449999999999996,2.7341772151898738,1,69.48666666666666,17.33431933093038,102.79092702169626,2
68.14,95.82,56.38,69.11,74.48,64.0,56.8,28.9,7,6.9,1,76.1,-39.43999999999999,4.128571428571428,0,69.43166666666667,14.706061902041164,101.89560708345564,2
78.53,82.89,53.98,97.02,62.94,0.8,72.49,27.2,7,8.8,0,68.435,-28.910000000000004,3.056179775280899,0,61.68666666666667,33.41522866398892,78.5517212105777,2
92.93,66.64,71.91,96.75,75.3,28.9,94.15,5.7,1,4.1,0,69.275,5.269999999999996,1.3571428571428574,0,72.27499999999999,24.4947706664096,77.77359302700957,1
89.47,82.45,76.12,99.29,89.44,79.3,98.54,25.3,4,7.7,0,79.285,-6.329999999999998,3.243589743589744,0,87.52333333333333,9.868058910782135,97.82422413471927,0
97.71,57.27,74.0,74.23,98.23,88.0,98.23,27.1,4,4.3,0,65.635,16.729999999999997,6.15909090909091,0,81.66000000000001,16.112591349624676,83.57384095793677,0
64.27,84.67,65.24,55.47,89.84,38.2,51.69,21.0,1,8.3,1,74.955,-19.430000000000007,2.5,0,64.185,19.93099972404796,99.86774544888752,2
76.37,40.91,49.53,55.46,85.54,54.1,91.12,21.5,10,5.3,1,45.22,8.620000000000005,3.981481481481482,2,62.77666666666667,20.5132022528582,82.20068962507092,2
50.58,89.85,63.17,68.0,86.77,78.3,50.7,13.4,2,7.6,1,76.50999999999999,-26.679999999999996,1.7402597402597404,0,72.79833333333333,14.968635765047749,143.9271121655463,2
88.22,41.4,71.29,77.68,87.31,94.7,65.99,17.1,4,6.9,0,56.345,29.890000000000008,2.442857142857143,1,73.06166666666667,18.69850198990996,82.81757726894884,2
91.5,91.47,77.79,97.36,54.42,63.7,52.54,7.3,3,8.2,0,84.63,-13.679999999999993,0.8795180722891567,0,72.88000000000001,19.0143430073195,79.65027322404373,1
68.87,54.12,62.71,71.44,63.23,31.6,95.7,19.4,1,5.6,0,58.415,8.590000000000003,3.403508771929825,0,63.133333333333326,21.00175389501236,91.67029669425486,1
62.32,85.59,90.41,84.91,84.79,46.1,89.34,10.1,9,5.4,1,88.0,4.819999999999993,1.836363636363636,0,80.19,16.86948369097288,128.67458279845957,0
78.42,69.4,43.5,91.36,51.74,60.4,88.32,6.4,9,6.4,0,56.45,-25.90000000000001,0.9846153846153848,1,67.45333333333333,19.396682877921847,86.0154722434753,2
84.6,65.61,56.72,52.15,95.92,90.1,91.86,28.7,2,7.0,1,61.165,-8.89,4.042253521126761,0,75.39333333333333,19.45991127078093,89.11741528762805,1
94.13,49.67,92.45,76.3,79.63,22.9,77.75,14.4,5,4.8,1,71.06,42.78,2.9387755102040822,1,66.45,25.505277101023623,70.59385955593329,1
91.74,60.93,66.78,65.56,82.16,49.7,93.58,8.5,6,6.1,1,63.855,5.850000000000001,1.370967741935484,0,69.785,15.671895545848942,76.06823632003488,1
64.88,65.14,83.95,65.09,87.4,13.4,52.11,10.3,3,7.6,0,74.545,18.81,1.3376623376623378,0,61.18166666666667,26.84073129902885,94.2997328401151,2
78.7,51.25,51.97,68.7,55.15,23.1,61.07,17.6,6,7.2,1,51.61,0.7199999999999989,2.4109589041095894,0,51.873333333333335,15.535472527949278,65.9127488352393,2
89.26,63.61,55.21,96.31,72.22,50.6,80.97,26.2,9,4.6,1,59.41,-8.399999999999999,5.574468085106384,0,69.82000000000001,17.04832660409813,78.22092762715663,1
86.22,79.13,82.11,52.53,83.14,44.7,60.57,17.2,3,6.5,0,80.62,2.980000000000004,2.606060606060606,0,67.03,16.637061038536824,77.74298306657388,2
65.11,73.75,85.74,52.58,61.25,52.5,73.93,13.1,5,6.2,0,79.745,11.989999999999997,2.0793650793650795,0,66.625,13.38043459682831,102.32683151589616,1
85.46,48.65,79.89,77.87,98.98,90.4,66.29,15.5,6,8.5,1,64.27,31.24,1.802325581395349,1,77.01333333333334,17.83375974568085,90.11623371557845,1
68.73,57.42,63.53,88.8,62.83,29.5,97.16,28.7,1,5.2,0,60.475,6.109999999999999,5.415094339622642,0,66.54,24.129037278764358,96.81361850720212,1
86.13,69.02,81.57,91.47,87.64,96.2,89.46,6.9,9,6.7,1,75.29499999999999,12.549999999999995,1.0147058823529411,0,85.89333333333333,9.55509427827202,99.72522156430205,0
93.25,94.37,48.65,62.7,76.16,80.5,71.53,29.9,8,6.2,0,71.51,-45.720000000000006,4.746031746031746,1,72.31833333333333,15.628805989795469,77.55317247542447,2
64.52,75.82,42.79,93.2,89.49,54.6,97.55,10.0,6,5.7,1,59.30499999999999,-33.029999999999994,1.7241379310344829,1,75.575,22.369780285018447,117.1342219466832,1
87.66,90.82,45.24,61.17,72.72,47.8,98.47,19.3,6,4.9,1,68.03,-45.57999999999999,3.86,1,69.37,22.058543922933804,79.13529545973078,1
86.69,86.87,58.48,59.33,86.41,91.8,73.69,16.2,3,7.5,0,72.675,-28.390000000000008,2.131578947368421,0,76.09666666666668,14.60331697480633,87.78021301957166,1
92.69,71.22,88.81,52.63,68.31,38.0,64.25,24.3,1,6.8,0,80.015,17.590000000000003,3.521739130434783,0,63.870000000000005,17.271239677568023,68.90710972057397,2
67.31,82.01,83.57,83.31,55.4,22.0,84.86,14.8,2,5.1,0,82.78999999999999,1.559999999999988,2.8461538461538467,0,68.52499999999999,25.418367178086005,101.80508096865248,1
96.81,53.81,73.15,51.59,55.37,11.3,88.49,9.8,5,4.6,0,63.48,19.340000000000003,2.085106382978724,0,55.61833333333334,25.967593971461174,57.45102090004476,2
57.88,71.88,90.31,55.39,63.49,1.7999999999999998,82.1,15.2,8,4.2,0,81.095,18.430000000000007,3.5348837209302326,0,60.82833333333334,31.511254761857177,105.09387237963604,1
92.96,72.84,76.76,92.19,90.23,50.9,61.57,5.4,4,6.4,0,74.80000000000001,3.9200000000000017,0.8307692307692308,0,74.08166666666666,16.070638340360556,79.69198221457258,1
97.86,53.28,68.83,60.67,58.74,5.300000000000001,52.46,11.6,9,6.7,1,61.055,15.549999999999995,1.7058823529411764,0,49.88,22.62573313729303,50.97077457592479,2
56.45,41.83,50.36,84.42,74.2,86.19999999999999,82.61,27.0,6,7.3,1,46.095,8.530000000000001,3.648648648648649,1,69.93666666666667,19.111687174780425,123.891349276646,2
71.16,92.49,51.24,83.42,80.43,0.8,92.51,7.1,5,4.8,0,71.865,-41.24999999999999,1.4489795918367347,0,66.815,35.72420397993495,93.89404159640247,1
85.38,79.8,72.18,59.74,93.98,90.7,56.82,22.3,4,8.8,1,75.99000000000001,-7.61999999999999,2.50561797752809,0,75.53666666666668,15.487896779959074,88.47114859061452,2
96.92,69.62,49.22,76.17,67.02,96.4,79.11,16.8,10,7.2,0,59.42,-20.40000000000001,2.301369863013699,1,72.92333333333333,15.540778187293798,75.24074838354656,2
84.84,98.2,75.49,55.09,76.63,18.2,53.55,21.9,7,6.5,0,86.845,-22.710000000000008,3.3181818181818183,0,62.85999999999999,27.34816264395106,74.09240924092408,2
99.84,73.13,60.87,84.01,71.23,11.2,85.07,29.1,2,7.8,0,67.0,-12.259999999999998,3.683544303797469,0,64.25166666666667,27.48538405528776,64.35463408119658,1
59.35,72.36,67.88,59.62,90.74,78.60000000000001,75.77,9.8,8,6.6,0,70.12,-4.480000000000004,1.462686567164179,0,74.16166666666668,10.500400786001777,124.95647290087057,1
79.06,45.73,89.99,80.19,63.1,99.7,52.95,26.6,9,4.4,1,67.86,44.26,5.911111111111111,1,71.94333333333333,21.40192670454384,90.99839784130197,2
53.9,59.71,78.93,73.21,54.2,87.69999999999999,90.92,23.0,6,6.3,1,69.32000000000001,19.22000000000001,3.5937500000000004,0,74.11166666666666,14.799153241542797,137.49845392702534,1
88.93,84.19,42.02,68.64,70.95,81.89999999999999,54.75,23.6,2,6.3,0,63.105,-42.17,3.6875,1,67.075,16.185347385830184,75.42449117283256,2
92.41,99.15,80.18,70.79,67.79,73.2,67.97,13.2,8,4.3,0,89.665,-18.97,3.0,0,76.51333333333334,11.989019420564247,82.79767701908163,1
84.01,88.85,63.19,89.55,57.45,98.4,54.29,12.8,3,5.4,0,76.02,-25.66,2.327272727272728,0,75.28833333333333,19.115276002890116,89.61829940880052,2
64.81,47.59,58.68,76.21,70.29,87.69999999999999,81.92,26.7,6,4.8,0,53.135000000000005,11.089999999999996,5.448979591836735,1,70.39833333333334,14.989483535688164,108.62264053901148,2
95.04,80.6,78.72,97.67,97.66,82.0,51.46,14.1,5,5.5,1,79.66,-1.8799999999999957,2.517857142857143,0,81.35166666666666,16.933236449854075,85.5972923681257,1
86.72,67.64,56.3,58.14,62.89,86.89999999999999,74.2,11.9,8,5.0,0,61.97,-11.340000000000003,2.333333333333333,0,67.67833333333333,11.448846957954611,78.04235854858548,2
65.18,92.15,47.7,61.88,99.8,43.3,91.43,12.8,8,5.3,1,69.92500000000001,-44.45,2.3703703703703707,1,72.71000000000001,24.778850659382893,111.55262350414236,1
50.87,57.71,63.42,53.32,91.8,85.5,99.82,22.5,2,4.7,0,60.565,5.710000000000001,4.6875,0,75.26166666666667,19.55082854169272,147.94902037874323,1
72.65,82.82,54.61,88.12,81.21,51.4,86.18,27.6,7,7.0,1,68.715,-28.209999999999997,3.887323943661973,0,74.05666666666666,16.517966783677302,101.93622390456524,1
99.25,62.1,61.39,68.48,64.14,38.3,53.88,9.9,4,5.9,0,61.745000000000005,-0.7100000000000009,1.65,0,58.04833333333334,10.778520151981288,58.48698572628044,2
68.79,47.09,78.12,83.43,87.79,23.9,55.93,17.0,7,8.8,0,62.605,31.03,1.9101123595505616,1,62.71,24.86749605408635,91.1615060328536,2
72.62,99.42,95.73,97.89,90.48,99.2,85.93,11.8,4,8.1,1,97.575,-3.6899999999999977,1.4390243902439026,0,94.77500000000002,5.448907229894815,130.50812448361336,0
73.75,91.97,52.34,86.43,90.79,98.3,69.76,12.1,2,4.2,0,72.155,-39.63,2.813953488372093,0,81.59833333333334,17.26583379587174,110.64180790960452,1
70.68,53.02,45.65,65.2,96.57,27.6,63.48,6.4,10,5.6,1,49.335,-7.370000000000003,1.1228070175438598,1,58.58666666666667,23.103822771711755,82.89002075080174,2
99.83,86.5,93.32,96.8,91.53,77.8,51.96,20.0,10,6.5,1,89.91,6.819999999999993,3.0303030303030303,0,82.985,16.567881880312882,83.12631473504959,1
78.39,92.99,76.92,82.04,57.43,59.7,64.76,20.4,8,4.4,0,84.955,-16.069999999999993,4.533333333333333,0,72.30666666666666,14.007257642617509,92.23965641876087,1
74.73,81.32,91.08,76.86,88.05,62.8,87.6,29.6,7,5.3,1,86.19999999999999,9.760000000000003,5.481481481481482,0,81.28500000000001,10.419822935155857,108.77157767964673,0
66.08,40.21,80.2,97.66,87.9,68.5,56.34,21.3,10,6.4,0,60.205,39.99,3.276923076923077,1,71.80166666666668,21.19593962688766,108.65869652945926,2
73.26,76.4,52.07,75.85,75.28,41.900000000000006,62.62,22.3,7,7.5,0,64.235,-24.330000000000005,2.93421052631579,0,64.02,14.519351225175315,87.38738738738738,2
64.44,82.36,44.65,77.31,54.61,62.6,62.94,19.9,3,5.2,0,63.505,-37.71,3.7547169811320753,1,64.07833333333333,13.999193429146793,99.43875439685496,2
58.83,90.82,57.87,73.14,82.91,23.8,59.44,12.4,8,4.8,0,74.345,-32.95,2.5306122448979598,0,64.66333333333334,23.80004425766193,109.91557595331184,2
52.73,89.07,86.16,93.85,87.71,4.6000000000000005,92.81,27.0,9,8.3,0,87.615,-2.9099999999999966,3.214285714285714,0,75.7,34.9565249989183,143.56153992034896,0
94.74,53.4,62.16,83.29,79.03,40.8,62.5,22.7,8,7.7,0,57.78,8.759999999999998,2.91025641025641,0,63.53,15.82981490731967,67.05720920413765,2
50.48,92.1,94.87,53.24,99.25,91.9,93.46,28.1,5,6.9,1,93.485,2.7700000000000102,4.014285714285714,0,87.47000000000001,16.983304743188235,173.2765451664026,0
74.45,73.6,49.81,83.71,60.32,28.700000000000003,74.63,21.5,8,6.2,1,61.705,-23.789999999999992,3.412698412698413,1,61.795,20.12688425961653,83.00201477501678,2
86.6,86.41,54.09,99.26,77.74,92.8,81.99,16.4,9,7.0,1,70.25,-32.31999999999999,2.309859154929577,0,82.04833333333333,15.691382879359828,94.7440338722094,1
70.83,99.93,57.6,64.37,78.89,36.7,60.82,26.5,10,4.7,1,78.765,-42.330000000000005,5.520833333333334,0,66.385,21.330949111560884,93.72441056049698,2
56.86,53.03,87.89,78.92,98.83,97.2,61.48,18.8,1,4.5,1,70.46000000000001,34.86,4.086956521739131,0,79.55833333333334,18.884005313139127,139.91968577793412,1
53.67,76.49,98.58,59.59,63.21,17.8,76.95,10.2,10,6.7,1,87.535,22.090000000000003,1.5,0,65.43666666666667,27.061438000717303,121.92410409291348,1
95.87,89.63,47.34,91.25,65.96,0.3,69.29,27.2,4,4.7,0,68.485,-42.28999999999999,5.666666666666667,1,60.62833333333334,33.758915513781936,63.240151594172666,2
61.5,89.27,45.65,52.29,68.33,69.1,58.15,5.9,3,5.8,0,67.46,-43.62,1.0000000000000002,1,63.798333333333325,15.4347457597029,103.7371273712737,2
65.94,93.99,51.07,54.35,68.11,37.9,95.05,8.8,10,8.4,0,72.53,-42.92,1.035294117647059,0,66.74499999999999,23.565661246822675,101.2208067940552,1
67.74,96.83,97.93,60.67,76.81,95.1,76.52,5.5,6,5.5,0,97.38,1.1000000000000083,0.9821428571428572,0,83.97666666666667,15.05852538154605,123.9690975297707,0
65.4,96.31,72.59,64.0,76.92,29.6,84.2,28.5,1,7.1,0,84.45,-23.72,3.958333333333334,0,70.60333333333334,22.866685519914483,107.95616717635066,1
86.33,43.78,70.4,57.68,90.82,64.4,50.45,22.0,5,5.4,1,57.09,26.620000000000005,4.0,1,62.921666666666674,16.648416641430696,72.88505347696824,2
86.59,77.95,95.93,52.68,70.11,69.5,76.29,9.5,7,6.1,1,86.94,17.980000000000004,1.5322580645161292,0,73.74333333333334,14.08048815441662,85.16379874504369,1
99.76,52.79,78.03,78.72,61.39,89.0,72.09,23.3,9,7.0,1,65.41,25.24,3.2816901408450705,0,72.00333333333333,13.054681408087546,72.17655707030205,1
60.86,91.24,57.83,75.19,82.63,57.3,50.96,6.3,1,8.6,1,74.535,-33.41,0.7241379310344828,0,69.19166666666666,16.15915024581016,113.68988936356664,2
63.83,80.45,51.35,90.01,77.52,23.9,74.63,28.9,7,8.6,1,65.9,-29.1,3.32183908045977,0,66.30999999999999,24.40871074022551,103.88532038226538,2
78.51,92.25,53.27,64.37,74.33,5.300000000000001,77.11,9.7,3,8.4,0,72.76,-38.98,1.1411764705882352,0,61.10500000000001,30.289658796361504,77.83084957330277,2
90.89,73.75,45.99,89.62,73.8,70.7,91.81,14.5,7,4.5,0,59.870000000000005,-27.76,3.1521739130434785,1,74.27833333333334,16.4697801037739,81.72332856566545,1
66.42,63.61,96.24,94.75,87.2,93.2,73.46,23.2,7,5.3,0,79.925,32.629999999999995,4.296296296296297,0,84.74333333333333,13.295025636179371,127.58707216701796,0
68.41,57.04,99.5,89.89,65.62,23.8,70.17,13.7,1,7.3,1,78.27,42.46,1.8513513513513515,0,67.67,26.66422172125037,98.91828680017542,1
65.95,82.18,69.14,95.95,50.33,68.7,53.94,10.1,2,8.5,1,75.66,-13.040000000000006,1.1744186046511629,0,70.03999999999999,17.14063826116169,106.20166793025018,2
90.45,90.77,49.41,93.4,93.41,97.1,50.13,16.0,7,6.6,1,70.09,-41.36,2.388059701492537,1,79.03666666666668,22.76043907016441,87.38161046618758,2
56.07,56.72,78.91,71.64,89.23,94.7,60.89,28.2,5,5.1,0,67.815,22.19,5.423076923076923,0,75.34833333333333,15.163661057497515,134.38261696688662,1
96.23,48.44,98.27,55.66,69.52,20.5,99.89,14.3,9,8.2,1,73.35499999999999,49.83,1.7228915662650606,1,65.38,30.61205056836278,67.94139041878832,1
66.7,83.13,90.04,74.29,90.48,73.3,86.61,23.2,3,6.8,1,86.58500000000001,6.910000000000011,3.3623188405797104,0,82.97500000000001,7.59620102419624,124.40029985007496,0
62.12,81.14,85.32,82.19,69.11,41.5,66.8,5.1,3,6.6,1,83.22999999999999,4.179999999999993,0.7611940298507462,0,71.01,16.276115015568056,114.31101094655509,1
58.52,44.13,98.34,66.19,86.57,83.10000000000001,91.19,27.5,6,8.1,0,71.235,54.21,3.353658536585366,1,78.25333333333334,19.86662796416812,133.72066529961268,0
82.35,65.86,46.74,64.38,96.42,20.0,63.85,23.7,4,4.3,1,56.3,-19.12,5.386363636363637,1,59.54166666666666,25.17669590448013,72.30317749443434,2
50.53,85.63,84.09,55.33,55.34,76.0,51.76,22.4,1,5.1,1,84.86,-1.539999999999992,4.307692307692308,0,68.02499999999999,15.6092495014975,134.6229962398575,2
75.29,61.89,62.52,93.61,53.42,73.1,79.19,13.2,7,8.4,1,62.205,0.6300000000000026,1.552941176470588,0,70.62166666666666,14.462353081938868,93.799530703502,1
94.45,45.89,62.24,51.23,93.21,19.5,85.82,15.4,7,7.6,1,54.065,16.35,2.0000000000000004,1,59.64833333333333,27.16654959074977,63.15334392094583,2
53.15,84.87,58.63,83.32,90.65,12.6,81.11,8.4,10,8.0,1,71.75,-26.24,1.0370370370370372,0,68.53000000000002,29.527835680929957,128.93697083725309,1
52.44,99.14,46.96,76.63,55.07,40.7,89.63,15.9,8,6.8,1,73.05,-52.18,2.3043478260869565,1,68.02166666666666,23.94655333584912,129.71332316297992,1
93.08,96.15,99.11,59.88,57.39,52.1,86.47,24.9,5,5.5,0,97.63,2.9599999999999937,4.446428571428571,0,75.18333333333334,21.08606332786342,80.77281191806333,0
89.11,81.94,56.71,97.63,60.57,55.1,80.04,18.6,8,8.1,1,69.325,-25.23,2.268292682926829,0,71.99833333333335,17.148650578592665,80.79714210900387,1
50.44,69.68,81.05,87.45,71.88,68.1,96.47,25.1,2,6.1,0,75.36500000000001,11.36999999999999,4.048387096774194,0,79.105,11.288104801072675,156.82989690721652,0
74.48,73.21,55.31,84.55,89.75,99.7,50.99,16.1,6,4.0,0,64.25999999999999,-17.89999999999999,3.926829268292684,0,75.585,19.41227420989102,101.48361976369496,2
95.88,99.12,85.55,78.58,71.22,14.1,93.29,14.3,10,8.8,1,92.335,-13.570000000000007,1.6067415730337078,0,73.64333333333335,30.830090928614965,76.80781532471146,0
69.56,96.28,70.76,92.36,67.17,42.8,54.17,23.6,8,7.8,1,83.52000000000001,-25.52,2.987341772151899,0,70.59000000000002,20.91666703851261,101.48073605520416,1
78.35,97.4,54.91,76.38,72.76,98.5,82.53,20.1,1,8.7,1,76.155,-42.49000000000001,2.2840909090909096,0,80.41333333333334,16.403755261118313,102.63348223782177,1
77.31,63.43,82.59,87.2,86.41,45.5,74.79,25.0,8,4.8,0,73.01,19.160000000000004,5.102040816326531,0,73.32000000000001,16.27182104129713,94.83896003104384,1
84.24,72.69,47.55,93.22,95.39,16.599999999999998,95.24,21.3,6,5.1,1,60.12,-25.14,4.096153846153847,1,70.115,32.1981283617542,83.23243114909782,1
67.2,68.05,57.22,69.39,61.1,10.5,56.57,15.5,1,4.6,0,62.635,-10.829999999999998,3.297872340425533,0,53.805,21.87994401272545,80.06696428571428,2
70.57,77.43,62.57,55.07,87.96,19.1,77.99,29.6,7,4.9,0,70.0,-14.860000000000008,5.92,0,63.35333333333333,24.679778497115137,89.77374710689152,2
76.75,74.05,62.23,76.67,75.56,24.6,70.01,14.1,1,5.9,0,68.14,-11.82,2.35,0,63.85333333333333,19.93313288639462,83.19652551574376,2
57.39,66.0,86.38,79.69,78.96,40.9,59.67,10.5,2,5.8,1,76.19,20.379999999999995,1.779661016949153,0,68.6,16.734640719178884,119.53301968984144,1
84.51,99.67,84.55,61.64,67.59,18.0,70.44,16.8,2,7.5,0,92.11,-15.120000000000005,2.210526315789474,0,66.98166666666667,27.63056526143949,79.25886482861988,1
90.29,77.21,63.42,85.89,91.07,53.7,58.39,12.8,7,7.6,0,70.315,-13.789999999999992,1.662337662337663,0,71.61333333333333,15.340029552340066,79.31480045778417,2
81.09,98.85,76.24,53.31,88.48,27.0,56.21,10.9,10,7.6,1,87.54499999999999,-22.61,1.4155844155844155,0,66.68166666666666,26.3227000261498,82.23167673778104,2
93.81,62.27,95.98,69.94,74.13,58.5,73.96,13.8,4,8.6,1,79.125,33.71,1.5862068965517244,0,72.46333333333332,13.139994926432305,77.24478555946415,1
53.65,99.61,56.61,78.06,50.15,18.2,52.36,7.7,4,4.6,1,78.11,-43.0,1.6382978723404258,0,59.165,27.586433441095643,110.27958993476236,2
64.28,95.06,66.09,55.3,70.38,41.3,67.51,16.6,9,6.3,0,80.575,-28.97,2.5937500000000004,0,65.94,17.835440000179418,102.58245177349096,2
82.84,79.77,58.18,81.04,58.22,5.699999999999999,55.52,9.2,8,7.3,1,68.975,-21.59,1.2432432432432432,0,56.405,27.31677707929689,68.08908739739256,2
58.01,57.57,76.39,99.68,75.78,56.4,97.51,18.7,5,5.3,1,66.98,18.82,3.4629629629629632,0,77.22166666666666,18.64667843522451,133.11785324369362,0
91.61,91.95,57.58,72.31,84.68,77.6,58.68,19.5,1,6.9,0,74.765,-34.370000000000005,2.7857142857142856,0,73.8,13.82866443298123,80.55889095076957,2
87.57,83.1,99.89,85.61,69.21,41.7,69.7,14.2,9,8.3,1,91.495,16.790000000000006,1.6904761904761902,0,74.86833333333333,19.83983005639581,85.49541319325492,0
76.92,77.75,66.15,63.19,69.48,93.4,57.78,21.6,10,4.9,1,71.95,-11.599999999999994,4.32,0,71.29166666666667,12.715419641784012,92.68287398162592,2
69.0,49.39,43.78,55.5,67.95,68.89999999999999,54.59,29.4,4,5.6,1,46.585,-5.609999999999999,5.157894736842105,2,56.685,10.01654381510908,82.15217391304348,2
92.52,72.26,67.47,69.19,53.44,94.9,77.34,5.6,1,4.8,1,69.86500000000001,-4.790000000000006,1.142857142857143,0,72.43333333333334,13.599684800268966,78.28937887303647,1
77.34,57.63,48.48,94.42,59.62,31.0,54.75,10.0,5,7.4,0,53.055,-9.150000000000006,1.3333333333333333,1,57.65,20.77804418129868,74.54098784587535,2
92.81,49.24,77.98,60.06,86.67,15.6,90.45,27.7,7,4.4,0,63.61,28.74,6.155555555555555,1,63.333333333333336,28.2214327536124,68.23977301296556,1
81.58,97.27,73.62,65.01,62.77,75.9,91.81,20.8,9,7.0,1,85.445,-23.64999999999999,2.9295774647887325,0,77.72999999999999,14.04207249660818,95.28070605540572,0
98.03,65.98,79.02,98.25,60.54,94.7,97.09,28.9,8,5.9,0,72.5,13.039999999999992,4.816666666666666,0,82.59666666666668,16.595041026362868,84.25652011289061,0
77.67,93.14,76.99,97.53,81.96,12.2,59.52,15.8,6,5.1,1,85.065,-16.150000000000006,3.038461538461539,0,70.22333333333331,31.418572002347062,90.41242865113082,1
79.4,97.29,69.24,85.17,77.45,79.4,58.66,9.8,8,7.7,1,83.265,-28.05000000000001,1.2564102564102566,0,77.86833333333333,13.239672830801627,98.07094878253568,1
73.66,66.4,49.59,63.9,77.9,52.0,76.53,17.3,2,6.1,1,57.995000000000005,-16.810000000000002,2.790322580645162,1,64.38666666666667,11.888918650014672,87.41062539596345,2
82.44,82.47,96.26,81.41,68.89,47.0,61.37,28.0,8,5.0,1,89.36500000000001,13.790000000000006,5.490196078431373,0,72.89999999999999,17.490143509988705,88.42794759825327,1
66.23,90.76,87.51,66.73,50.13,1.7000000000000002,61.02,14.3,1,6.8,0,89.135,-3.25,2.0724637681159424,0,59.64166666666666,32.38779857703618,90.05234284563892,2
66.2,41.75,48.79,75.6,96.12,88.69999999999999,68.64,19.1,10,8.4,1,45.27,7.039999999999999,2.247058823529412,2,69.93333333333332,21.508388751058657,105.63947633434036,2
98.32,77.58,61.25,86.23,91.25,76.8,96.66,8.7,4,6.0,1,69.41499999999999,-16.33,1.4262295081967211,0,81.62833333333333,12.606990785539056,83.0231217792243,0
99.25,48.34,68.13,67.18,71.72,63.0,77.52,27.6,1,6.3,1,58.235,19.789999999999992,4.312500000000001,1,65.98166666666667,9.922012732639816,66.48026868178002,2
83.34,50.94,89.26,90.12,76.57,42.5,58.07,5.3,6,7.5,0,70.1,38.32000000000001,0.6973684210526316,0,67.91,20.271047333574064,81.48548116150707,1
52.85,46.8,67.29,67.61,96.45,57.2,94.73,10.9,2,5.9,0,57.045,20.49000000000001,1.8166666666666669,1,71.67999999999999,20.04683117103549,135.62913907284766,1
51.54,64.04,50.02,87.28,96.99,39.900000000000006,82.58,5.1,6,4.1,0,57.03,-14.020000000000003,1.2142857142857144,0,70.135,22.476376709781317,136.07877376794724,1
66.11,64.36,94.12,94.37,91.3,77.2,52.66,26.4,7,7.0,0,79.24000000000001,29.760000000000005,3.7183098591549295,0,79.00166666666667,17.47859538597615,119.5003277366006,1
53.15,74.23,54.93,97.96,53.98,36.0,56.18,23.8,1,6.4,1,64.58,-19.300000000000004,3.661538461538462,0,62.21333333333334,21.29130871192907,117.05236751332708,2
63.45,44.57,77.89,99.89,74.46,18.1,89.99,27.8,5,8.1,0,61.23,33.32,3.3902439024390247,1,67.48333333333333,30.585778176575246,106.35671132125032,1
72.41,67.11,91.03,79.14,57.66,97.1,55.07,15.7,6,8.0,1,79.07,23.92,1.938271604938272,0,74.51833333333333,17.44276975330084,102.91166045205544,1
99.48,82.86,53.49,96.61,69.37,1.9,75.73,10.2,1,8.7,1,68.175,-29.37,1.1590909090909092,0,63.32666666666666,33.31573602168601,63.65768663717999,1
91.58,41.72,45.99,96.67,98.06,27.7,57.38,14.2,5,6.5,1,43.855,4.270000000000003,2.1515151515151514,2,61.25333333333333,29.54461146582684,66.88505496105408,2
54.11,59.1,78.62,84.32,67.23,88.4,51.72,22.9,1,5.2,0,68.86,19.520000000000003,4.320754716981132,0,71.565,14.58679368469987,132.25836259471447,2
68.42,60.87,52.49,61.47,52.31,21.0,80.54,29.0,2,7.4,0,56.68,-8.379999999999995,3.8666666666666663,0,54.78,19.48258299096914,80.06430868167202,2
77.11,65.12,69.88,73.86,99.78,31.200000000000003,99.34,10.3,1,7.4,0,67.5,4.759999999999991,1.3733333333333335,0,73.19666666666666,25.418655878442248,94.92499891929278,1
52.39,44.08,41.26,80.3,53.49,39.1,73.59,25.9,6,4.3,1,42.67,-2.8200000000000003,5.886363636363637,2,55.30333333333334,17.59687548022849,105.5608576700388,2
67.25,72.57,88.07,54.32,72.0,5.4,98.1,22.7,5,8.1,0,80.32,15.5,2.768292682926829,0,65.07666666666665,32.86434826170552,96.76827757125152,1
88.54,43.79,46.77,95.88,58.43,97.2,95.06,21.3,4,7.5,1,45.28,2.980000000000004,2.8026315789473686,2,72.855,25.88116593200546,82.28484300880957,1
88.8,62.89,62.96,82.11,83.66,14.6,55.51,16.1,1,6.0,0,62.925,0.0700000000000002,2.6393442622950825,0,60.28833333333333,25.08618218594983,67.89226726726727,2
72.26,94.87,98.15,66.96,89.45,75.3,81.47,11.6,10,7.1,0,96.51,3.280000000000001,1.6111111111111112,0,84.36666666666667,11.997730896576517,116.7543131285174,0
96.11,63.52,66.98,97.4,69.57,12.2,59.04,9.5,1,5.9,0,65.25,3.460000000000001,1.5833333333333333,0,61.45166666666668,27.65709053148337,63.93888946693026,2
74.55,72.63,89.89,93.23,60.14,89.1,75.75,6.6,6,6.3,0,81.25999999999999,17.260000000000005,1.03125,0,80.12333333333333,12.824685051363511,107.47596691258664,0
50.02,68.87,52.19,52.1,97.51,79.2,71.57,10.5,7,8.6,0,60.53,-16.680000000000007,1.206896551724138,0,70.24,17.21884084368051,140.42383046781288,2
50.68,78.74,55.42,77.36,93.95,5.6000000000000005,52.03,23.8,3,8.9,1,67.08,-23.319999999999997,2.6444444444444444,0,60.51666666666667,31.136523034318824,119.40936595632728,2
86.97,86.48,41.14,76.05,77.18,9.3,65.75,13.1,4,6.6,0,63.81,-45.34,1.955223880597015,1,59.31666666666667,29.018600012176098,68.20359510942471,2
59.4,43.23,94.22,54.27,88.26,11.5,86.49,24.4,4,8.0,1,68.725,50.99,3.0123456790123457,1,62.995000000000005,32.508004398916896,106.05218855218855,1
79.73,42.6,81.39,80.64,96.38,56.7,67.78,10.3,10,5.7,1,61.995000000000005,38.79,1.7758620689655171,1,70.915,19.32046143341302,88.94393578326854,1
67.3,99.44,83.55,84.66,52.18,6.1,54.54,16.5,8,8.0,0,91.495,-15.89,2.037037037037037,0,63.41166666666667,33.59931214573695,94.22238732045568,1
67.66,62.29,92.24,83.25,65.97,28.5,59.5,24.1,4,8.0,1,77.265,29.95,2.975308641975309,0,65.29166666666667,22.114948262807825,96.49965513843728,1
86.08,99.6,63.74,56.19,99.87,98.7,53.31,11.4,2,5.1,0,81.67,-35.85999999999999,2.1923076923076925,0,78.56833333333333,23.06524954702781,91.27362143742256,1
94.46,52.94,84.46,74.53,86.35,3.4000000000000004,98.47,22.5,4,6.8,1,68.69999999999999,31.52,3.260869565217392,0,66.69166666666666,34.54970067405312,70.60307714023573,1
59.33,52.18,99.01,60.71,74.98,71.2,87.27,26.1,2,8.8,0,75.595,46.830000000000005,2.932584269662921,0,74.225,17.104538286665328,125.10534299679756,1
97.45,54.43,44.41,64.3,62.8,23.2,68.19,29.3,4,7.7,0,49.42,-10.020000000000003,3.756410256410256,1,52.88833333333333,16.84199681352145,54.272276381050105,2
92.14,89.35,60.9,53.4,63.09,82.30000000000001,88.05,22.9,8,6.5,0,75.125,-28.45,3.4696969696969697,0,72.84833333333334,15.54963075660212,79.06265827364157,1
75.3,47.34,90.86,76.93,64.6,99.0,94.24,22.2,5,5.7,1,69.1,43.52,3.827586206896552,1,78.82833333333333,19.933594173321243,104.68570163789288,0
76.6,69.57,43.99,95.19,70.92,51.2,77.44,14.6,1,5.3,1,56.78,-25.57999999999999,2.703703703703704,1,68.05166666666666,18.428809420759297,88.84029590948651,2
97.17,41.77,46.07,80.15,89.72,12.9,75.28,20.0,7,5.6,0,43.92,4.299999999999997,3.5087719298245617,2,57.64833333333333,29.10115146633663,59.327295804603615,2
91.13,44.13,43.81,51.5,57.47,54.1,69.45,14.7,8,5.3,0,43.97,-0.3200000000000003,2.7222222222222223,2,53.41,9.551626039580905,58.60858114781082,2
91.91,68.83,43.68,65.16,88.69,86.7,51.91,28.1,2,8.1,1,56.255,-25.15,3.4268292682926838,1,67.495,18.085026679549028,73.43596997062345,2
88.79,85.95,75.76,99.14,95.42,10.8,76.85,27.2,3,5.8,0,80.855,-10.189999999999998,4.610169491525424,0,73.98666666666668,32.37004026359354,83.32770206855128,1
52.91,60.73,78.0,78.48,59.45,23.8,80.33,13.1,7,7.6,0,69.365,17.270000000000003,1.7012987012987013,0,63.465,21.53163881361565,119.94896994896992,1
64.58,43.37,58.62,99.69,83.65,12.3,62.82,19.7,9,4.3,1,50.995,15.25,4.477272727272728,1,60.07500000000001,30.647311627612627,93.0241560854754,2
99.0,89.51,57.78,58.48,81.9,40.6,75.79,29.3,7,5.1,0,73.64500000000001,-31.730000000000004,5.634615384615386,0,67.34333333333335,18.21991072060088,68.02356902356904,2
94.25,40.78,79.57,68.87,72.52,16.7,54.3,8.1,5,6.2,1,60.175,38.78999999999999,1.2857142857142856,1,55.45666666666667,23.542936661909167,58.839964633068085,2
88.02,90.95,64.34,74.79,73.0,16.1,95.17,29.2,10,4.7,0,77.64500000000001,-26.61,6.083333333333333,0,69.05833333333335,28.412323675945032,78.4575475270772,1
75.29,87.12,47.85,58.4,67.33,21.3,63.94,16.6,9,5.6,0,67.485,-39.27,2.9122807017543866,1,57.656666666666666,21.99850964648893,76.57944835524859,2
65.26,48.98,64.34,67.73,66.33,48.4,93.01,28.0,9,4.3,1,56.66,15.360000000000008,6.363636363636364,1,64.79833333333333,16.286030107631102,99.29257329655736,1
80.43,84.58,81.42,94.21,94.38,38.9,60.66,28.5,5,6.5,0,83.0,-3.1599999999999966,4.318181818181818,0,75.69166666666666,21.83381085991785,94.1087488084877,1
68.44,86.13,87.33,68.87,94.64,94.6,57.62,21.4,3,7.7,1,86.72999999999999,1.2000000000000028,2.743589743589744,0,81.53166666666665,15.029708469117644,119.12867718683027,1
52.05,53.32,42.34,56.22,61.58,91.4,95.18,8.8,1,5.3,0,47.83,-10.979999999999997,1.62962962962963,1,66.67333333333333,21.58552725014302,128.09478065962216,2
80.6,98.97,41.83,81.22,67.14,47.1,96.66,10.9,4,8.5,1,70.4,-57.14,1.2674418604651163,1,72.15333333333335,24.389433504422907,89.52026468155503,1
90.72,70.35,71.1,94.17,53.76,55.1,83.66,9.0,5,7.6,1,70.725,0.75,1.168831168831169,0,71.35666666666667,15.791271850825272,78.65593768371546,1
54.2,74.35,68.32,78.79,73.3,97.0,60.65,22.5,4,5.5,1,71.335,-6.030000000000001,4.017857142857143,0,75.40166666666666,12.257679089724396,139.11746617466173,1
97.64,80.56,62.08,77.4,82.77,56.6,89.46,12.5,5,4.8,0,71.32,-18.480000000000004,2.5510204081632657,0,74.81166666666667,12.739008464816507,76.61989621739724,1
54.66,69.78,97.5,69.69,92.78,10.4,89.83,19.7,10,8.8,0,83.64,27.72,2.213483146067416,0,71.66333333333333,32.26177841760536,131.10745212830832,0
52.6,62.31,94.1,75.67,65.83,59.7,96.16,12.7,5,6.6,1,78.205,31.789999999999992,1.8955223880597016,0,75.62833333333333,16.06144877234512,143.78010139416983,0
64.12,61.59,57.89,64.65,80.35,58.2,55.18,9.3,7,4.0,0,59.74,-3.700000000000003,2.268292682926829,0,62.97666666666667,9.12177979709369,98.21688500727802,2
61.38,63.71,46.33,86.6,66.91,10.9,67.97,12.9,7,4.1,1,55.02,-17.380000000000003,3.071428571428572,1,57.06999999999999,25.99524033356876,92.97816878462038,2
69.54,43.18,78.96,76.03,83.57,53.9,83.21,17.6,6,5.3,0,61.06999999999999,35.779999999999994,3.25925925925926,1,69.80833333333332,17.050474968946368,100.38586904419518,1
53.87,75.22,64.39,51.28,55.17,50.1,72.99,20.9,3,6.7,0,69.805,-10.829999999999998,3.0735294117647056,0,61.525000000000006,10.982569371508651,114.2101355114164,2
59.02,70.08,44.1,66.43,66.15,15.1,67.2,6.9,7,7.4,0,57.09,-25.98,0.92,1,54.84333333333333,21.64202639926924,92.9233028351971,2
87.88,72.27,41.42,59.45,94.58,83.2,65.8,23.1,4,4.4,0,56.845,-30.849999999999994,5.133333333333334,1,69.45333333333333,18.587819309070834,79.03201335153999,2
54.18,77.14,78.25,74.63,53.95,76.10000000000001,84.54,7.1,2,4.1,0,77.695,1.1099999999999994,1.690476190476191,0,74.10166666666667,10.44759382186476,136.76941060661994,1
57.32,81.14,59.78,83.07,98.38,17.6,61.97,28.7,3,6.4,0,70.46000000000001,-21.36,4.415384615384616,0,66.99000000000001,28.14490220270804,116.8702023726448,2
92.77,69.31,86.85,65.73,84.52,76.8,75.93,29.5,3,6.3,0,78.08,17.539999999999992,4.609375,0,76.52333333333333,8.240673920661258,82.48715461176386,1
84.85,69.2,98.34,75.7,54.49,68.0,55.86,16.4,3,5.6,1,83.77000000000001,29.14,2.8771929824561404,0,70.265,16.002274525829133,82.81084266352387,1
79.66,40.91,64.54,98.1,68.88,73.0,73.88,18.3,10,4.7,1,52.725,23.63000000000001,3.8125,1,69.885,18.38955763470128,87.72909866934472,2
64.73,97.04,48.05,67.01,90.82,49.2,96.42,18.9,3,4.5,0,72.545,-48.99000000000001,4.108695652173913,1,74.75666666666667,23.02293523134413,115.48998403625318,1
90.76,88.95,53.0,64.31,91.02,0.5,61.16,12.2,1,5.7,0,70.975,-35.95,2.103448275862069,0,59.82333333333332,32.89172337635513,65.91376524166297,2
83.95,83.26,74.4,74.24,69.33,49.2,61.34,27.2,4,6.7,0,78.83000000000001,-8.86,4.0,0,68.62833333333333,11.91604702351693,81.74905697836013,1
63.27,70.45,60.76,52.83,68.14,9.4,95.73,16.6,2,5.1,1,65.605,-9.690000000000005,3.192307692307693,0,59.55166666666667,28.50696575692802,94.12307043885993,2
85.24,90.36,88.14,56.12,72.64,35.4,70.67,16.9,2,8.7,1,89.25,-2.219999999999999,1.9204545454545456,0,68.88833333333334,20.656269185568497,80.81690911934929,1
94.44,73.96,41.86,55.97,92.71,80.7,56.99,10.3,6,6.3,1,57.91,-32.099999999999994,1.6093750000000002,1,67.03166666666667,18.71368634627252,70.97804602569532,2
55.43,62.8,98.32,56.7,76.28,4.9,66.49,21.9,7,6.9,1,80.56,35.52,3.128571428571429,0,60.915,31.065406966592278,109.89536352155872,1
58.66,67.43,83.97,72.4,89.71,33.4,53.57,16.7,10,4.3,1,75.7,16.539999999999992,3.795454545454546,0,66.74666666666666,20.69787299861188,113.7856574610751,2
72.64,43.87,65.14,84.03,89.58,39.4,88.67,15.2,1,7.5,1,54.505,21.270000000000003,2.0,1,68.44833333333334,22.614582389835693,94.22953377386196,1
88.95,53.12,83.18,54.95,67.38,60.2,71.77,23.1,3,6.3,1,68.15,30.06000000000001,3.609375,0,65.1,11.376524952726118,73.18718381112984,2
68.47,57.07,60.64,53.66,85.3,26.5,74.31,26.8,10,8.7,1,58.855,3.5700000000000003,3.045454545454546,0,59.580000000000005,20.076094241659657,87.01621147948008,2
69.53,43.45,96.58,68.83,72.98,47.8,96.79,15.8,8,6.5,1,70.015,53.13,2.393939393939394,1,71.07166666666667,22.91419421814057,102.21726832542308,1
91.42,99.82,59.8,55.04,50.93,86.89999999999999,60.28,25.2,10,8.9,0,79.81,-40.02,2.8,0,68.795,19.75912523367368,75.25158608619559,2
76.16,76.92,99.35,98.39,93.17,47.0,78.65,7.7,6,6.8,0,88.13499999999999,22.429999999999996,1.115942028985507,0,82.24666666666667,19.779218049929742,107.9919467787115,0
98.87,63.05,58.02,69.52,50.71,32.2,66.91,21.3,4,4.9,0,60.535,-5.029999999999994,4.26,0,56.73499999999999,13.760698746793343,57.38343279053301,2
66.49,52.09,94.99,68.9,51.44,3.6,61.23,24.0,2,4.7,1,73.53999999999999,42.89999999999999,5.0,0,55.375,29.978261957625225,83.28320048127539,2
83.54,96.35,69.97,68.89,96.36,70.5,97.96,11.2,2,7.7,1,83.16,-26.379999999999995,1.435897435897436,0,83.33833333333332,14.865731622314003,99.75859867528528,0
60.06,58.78,57.86,70.34,79.02,54.1,74.02,13.4,1,7.5,0,58.32,-0.9200000000000016,1.7631578947368425,0,65.68666666666667,10.120131751448032,109.36840936840936,2
72.89,40.86,70.04,52.59,71.87,55.6,95.2,10.4,5,6.8,0,55.45,29.180000000000007,1.5072463768115945,1,64.36,19.01204144746166,88.29743449032789,1
59.71,82.3,82.86,85.28,69.22,22.200000000000003,90.87,6.3,3,7.6,0,82.58,0.5600000000000023,0.8181818181818182,0,72.12166666666666,25.47211998767803,120.78657957907664,0
93.44,93.68,81.6,52.03,57.88,46.5,82.2,23.7,2,8.5,1,87.64,-12.080000000000013,2.755813953488372,0,68.98166666666667,19.28722729338426,73.82455764840182,1
68.43,96.87,56.21,80.52,61.08,65.3,51.95,12.9,7,8.5,0,76.54,-40.66,1.5,0,68.655,16.967239905181984,100.3288031565103,2
68.12,53.87,95.05,95.75,94.6,56.4,50.4,28.1,9,7.5,1,74.46,41.18,3.697368421052632,0,74.34499999999998,22.854967731327037,109.13828537874336,1
98.79,82.18,98.42,82.93,89.92,60.1,77.14,26.3,5,7.8,1,90.3,16.239999999999995,3.3291139240506333,0,81.78166666666668,12.932004356118457,82.78334514289571,0
63.29,65.47,47.68,53.0,52.82,10.9,93.31,28.8,7,8.7,1,56.575,-17.79,3.2727272727272734,1,53.86333333333334,26.74572763389822,85.10559856744088,2
53.1,69.33,97.23,95.85,79.07,76.3,84.08,8.7,5,4.1,0,83.28,27.90000000000001,2.071428571428572,0,83.64333333333333,11.077024269480802,157.52040175768988,0
77.9,55.03,71.22,87.55,74.57,45.4,86.88,22.9,5,5.8,1,63.125,16.189999999999998,3.88135593220339,0,70.10833333333333,16.997062589361335,89.99786050492084,1
91.64,82.75,69.33,64.77,83.8,96.6,73.08,21.7,8,4.8,0,76.03999999999999,-13.420000000000002,4.428571428571429,0,78.38833333333334,11.624679637162766,85.53942965226248,1
81.8,51.0,53.34,87.65,61.71,79.9,57.11,12.6,7,5.7,0,52.17,2.3400000000000034,2.1724137931034484,0,65.11833333333334,15.099538293162038,79.60676446617768,2
77.19,46.15,46.92,59.05,73.43,21.200000000000003,64.73,25.7,6,5.0,0,46.535,0.7700000000000031,5.03921568627451,2,51.91333333333333,18.328252144344443,67.25396208489873,2
81.4,73.7,83.92,91.08,73.12,99.8,51.14,23.6,5,6.5,0,78.81,10.22,3.575757575757576,0,78.79333333333334,16.97857787527173,96.7977067977068,1
95.42,77.05,88.51,57.61,78.59,81.1,57.87,6.2,10,7.7,0,82.78,11.460000000000008,0.7948717948717949,0,73.455,12.793338500954317,76.98071683085307,1
71.12,99.48,43.02,71.46,72.38,9.8,98.73,15.1,8,4.8,0,71.25,-56.46,3.0816326530612246,1,65.81166666666667,34.49343961779786,92.53608923884514,1
82.17,86.0,79.43,88.96,78.47,37.9,76.63,24.4,8,7.5,0,82.715,-6.569999999999993,3.210526315789473,0,74.565,18.57675402216437,90.7447973713034,1
53.53,53.2,77.24,78.92,64.33,33.2,60.18,20.5,7,7.7,1,65.22,24.039999999999992,2.628205128205128,0,61.178333333333335,16.9122114658807,114.28793822778503,2
90.43,91.72,97.72,84.53,51.61,73.7,72.93,5.5,3,7.8,1,94.72,6.0,0.6962025316455697,0,78.70166666666667,16.4768363670538,87.03048398392863,0
65.46,60.81,91.11,80.84,63.12,52.8,65.52,6.7,3,6.0,0,75.96000000000001,30.3,1.098360655737705,0,69.03333333333333,14.179082715982254,105.45880435889602,1
85.41,83.97,99.98,69.69,63.54,85.0,84.98,9.0,1,4.1,0,91.975,16.010000000000005,2.1428571428571432,0,81.19333333333334,12.91081045739061,95.06302930960469,0
87.44,72.97,50.94,96.86,50.16,66.2,50.43,27.9,4,6.3,0,61.955,-22.03,4.359375,0,64.59333333333332,18.489036390971453,73.87160719731624,2
71.36,90.37,77.88,85.29,57.14,55.1,94.42,12.0,1,5.2,0,84.125,-12.490000000000007,2.2641509433962264,0,76.7,16.883135964624582,107.48318385650224,0
74.52,82.33,86.47,78.23,81.53,53.4,53.29,10.5,2,4.8,0,84.4,4.140000000000001,2.1428571428571432,0,72.54166666666667,15.099584652124266,97.34523170513508,1
82.41,99.04,72.51,54.77,89.0,93.1,63.9,19.3,4,6.0,1,85.775,-26.53,3.1639344262295084,0,78.72000000000001,17.6474598738742,95.52238805970153,1
84.96,52.44,91.91,80.09,99.23,17.9,96.38,28.3,1,6.8,0,72.175,39.47,4.101449275362319,0,72.99166666666666,31.94124820145053,85.91297865662273,0
98.46,55.94,45.46,64.72,61.98,9.7,55.03,21.3,2,6.7,1,50.7,-10.479999999999997,3.1323529411764706,1,48.805,20.28258735960479,49.56835263050986,2
74.43,61.01,93.36,82.94,59.72,30.3,75.29,11.8,2,4.8,1,77.185,32.35,2.408163265306123,0,67.10333333333334,22.151125178344024,90.15629898338484,1
61.76,40.65,54.42,53.25,60.84,8.299999999999999,82.23,24.1,8,8.1,1,47.535,13.770000000000003,2.939024390243903,1,49.94833333333333,24.546583808478665,80.87489205526771,2
91.81,81.08,50.56,53.3,91.75,18.4,92.53,12.4,7,5.8,1,65.82,-30.52,2.101694915254237,0,64.60333333333334,29.14806797485327,70.36633627418945,1
91.39,56.63,87.73,91.41,50.94,41.4,51.36,23.0,5,7.9,0,72.18,31.1,2.875,0,63.245000000000005,21.006717735048472,69.20341394025604,2
51.3,82.49,65.61,89.0,85.2,47.400000000000006,65.3,25.7,4,8.6,0,74.05,-16.879999999999995,2.954022988505747,0,72.50000000000001,15.891269301097378,141.3255360623782,1
60.1,78.35,65.49,75.35,93.05,55.4,97.04,20.0,5,7.2,1,71.91999999999999,-12.86,2.73972602739726,0,77.44666666666666,15.884534197346383,128.86300610094287,0
66.62,76.35,58.16,90.48,86.84,33.6,83.38,23.1,10,5.6,1,67.255,-18.19,4.052631578947369,0,71.46833333333335,21.79253304842433,107.27759431602124,1
90.87,49.57,88.1,52.13,50.6,76.5,86.07,15.0,4,5.7,0,68.835,38.53,2.586206896551724,1,67.16166666666666,18.400271103075266,73.90961446755438,1
64.25,78.92,62.12,74.92,92.2,55.6,62.17,24.2,8,4.7,0,70.52,-16.800000000000004,5.041666666666667,0,70.98833333333333,13.57582618725898,110.48767833981842,2
76.27,94.78,97.56,63.15,88.09,7.7,99.17,11.5,10,6.6,1,96.17,2.780000000000001,1.7164179104477617,0,75.075,35.56801301731655,98.43319784974436,0
92.85,79.38,73.5,50.88,98.66,25.4,52.31,17.4,7,8.9,1,76.44,-5.879999999999996,1.933333333333333,0,63.35499999999999,25.78512885366292,68.23371028540656,2
56.59,80.35,59.15,67.33,99.73,90.7,95.99,21.2,4,7.5,1,69.75,-21.2,2.7894736842105265,0,82.20833333333333,16.282238687191228,145.2700712728986,0
56.84,72.12,44.03,68.44,77.92,45.2,52.21,17.0,1,7.6,1,58.075,-28.090000000000003,2.207792207792208,1,59.98666666666666,14.656181858405915,105.53600750645084,2
53.99,65.76,76.62,94.5,58.21,32.5,83.39,23.0,4,8.8,0,71.19,10.86,2.5842696629213484,0,68.49666666666666,21.785491196359715,126.8691733036982,1
79.94,52.66,98.41,64.72,94.01,16.4,52.38,10.3,8,6.0,0,75.535,45.75,1.6885245901639347,0,63.09666666666666,30.363301972392048,78.93003085647568,2
50.48,91.62,55.81,99.9,75.22,0.3,66.65,6.9,1,8.2,0,73.715,-35.81,0.8313253012048194,0,64.91666666666667,35.50861792110003,128.5987849973587,1
89.9,42.71,55.12,82.31,82.39,92.1,51.51,22.4,5,8.8,1,48.915,12.409999999999997,2.5168539325842696,1,67.69,20.344435111351704,75.29477196885428,2
92.44,70.47,80.56,98.45,56.32,15.4,64.84,10.9,7,8.5,0,75.515,10.090000000000003,1.2674418604651163,0,64.33999999999999,28.013751623086836,69.6019039376893,1
96.04,64.62,77.4,55.81,74.18,53.3,54.05,29.8,6,6.9,0,71.01,12.78,4.257142857142857,0,63.22666666666667,10.58826835071093,65.83368041093988,2
70.11,93.3,83.47,86.12,63.69,7.6,62.21,29.7,8,6.3,0,88.38499999999999,-9.829999999999998,4.640625,0,66.065,31.258727261358548,94.23049493652832,1
97.41,98.52,84.81,75.02,52.07,67.6,91.62,8.2,7,5.9,1,91.665,-13.709999999999994,1.3666666666666665,0,78.27333333333333,16.98180163194314,80.354515279061,0
80.89,78.38,94.39,63.76,62.35,33.3,70.57,7.2,5,5.1,0,86.38499999999999,16.010000000000005,1.3846153846153848,0,67.125,20.29865882269072,82.98306341945853,1
61.42,79.29,93.98,61.02,75.21,61.4,86.55,13.9,4,8.9,0,86.635,14.689999999999998,1.5444444444444445,0,76.24166666666666,13.290907292832443,124.1316617822642,0
68.08,82.67,90.26,83.74,70.06,83.9,97.99,27.3,10,5.3,0,86.465,7.590000000000003,5.055555555555556,0,84.77,9.246841622954292,124.51527614571091,0
71.98,96.21,48.87,61.96,88.97,71.2,99.57,13.0,4,8.0,0,72.53999999999999,-47.34,1.6049382716049383,1,77.79666666666667,20.342272898244843,108.0809484115958,1
83.61,57.85,81.01,72.2,70.86,10.0,84.0,26.5,8,7.5,0,69.43,23.160000000000004,3.486842105263158,0,62.653333333333336,27.37364109260342,74.93521508591478,1
98.3,90.59,85.0,57.5,88.24,50.8,52.05,22.8,7,7.3,1,87.795,-5.590000000000003,3.0810810810810816,0,70.69666666666667,19.10929686478984,71.91929467616141,1
77.04,63.06,89.55,79.15,90.12,4.699999999999999,93.85,20.1,8,5.0,1,76.305,26.489999999999995,3.941176470588236,0,70.07166666666666,33.91691225136313,90.95491519556938,0
52.15,75.5,46.83,96.8,86.29,47.7,99.62,7.4,5,7.1,1,61.165,-28.67,1.027777777777778,1,75.45666666666666,23.437944164680204,144.69159475870885,1
90.71,87.07,59.78,54.93,75.22,50.9,59.91,29.2,2,6.9,0,73.425,-27.289999999999992,4.171428571428572,0,64.63499999999999,13.741217922731591,71.25454745893506,2
64.88,66.98,65.28,54.68,81.87,25.5,57.45,27.8,5,6.8,0,66.13,-1.7000000000000028,4.028985507246377,0,58.626666666666665,18.807627885160496,90.36169338265516,2
59.54,94.67,63.07,88.64,99.64,92.8,93.87,14.4,2,6.3,0,78.87,-31.6,2.2500000000000004,0,88.78166666666668,13.082231333632144,149.11264136154966,0
54.97,97.17,60.79,80.1,69.81,36.7,75.31,28.0,10,4.3,0,78.98,-36.38,6.363636363636364,0,69.98,20.30843568569475,127.30580316536296,1
83.58,44.36,45.67,87.19,66.86,65.5,75.48,7.2,2,7.2,1,45.015,1.3100000000000025,0.9863013698630138,2,64.17666666666666,16.742325605084456,76.78471723697854,2
69.76,54.4,69.92,66.89,53.8,43.1,79.22,25.3,4,8.8,1,62.16,15.520000000000003,2.842696629213483,0,61.22166666666667,13.128153589392022,87.76041666666667,2
66.9,78.56,64.73,79.6,82.21,43.9,67.42,17.6,7,8.9,0,71.64500000000001,-13.829999999999998,1.955555555555556,0,69.40333333333334,14.338904653657009,103.7419033383159,1
52.29,61.63,87.64,50.47,71.6,16.7,67.44,18.3,4,8.9,1,74.635,26.01,2.033333333333333,0,59.24666666666667,24.1613159133907,113.30400968955186,2
64.68,47.22,56.54,65.88,69.96,85.0,55.75,7.1,5,4.1,1,51.88,9.32,1.690476190476191,1,63.39166666666666,13.28998181588924,98.00814265099976,2
61.27,81.87,45.16,55.51,78.62,10.6,64.81,23.4,9,8.8,1,63.515,-36.71000000000001,2.629213483146067,1,56.095,26.219797672751028,91.55377835808714,2
61.2,83.63,92.84,86.16,50.7,86.8,77.42,6.7,6,6.4,1,88.235,9.210000000000008,1.0307692307692309,0,79.59166666666667,15.009157760069904,130.05174291939,0
78.77,42.96,82.54,74.38,62.33,40.2,65.3,13.3,5,5.3,1,62.75,39.580000000000005,2.4629629629629632,1,61.285,16.857337571514666,77.80246286657356,2
84.16,86.71,67.14,61.09,50.7,67.4,75.93,7.2,8,5.3,0,76.925,-19.569999999999997,1.3333333333333337,0,68.16166666666666,12.336368050065085,80.99057351077312,1
58.59,42.63,68.82,50.58,99.31,71.8,91.23,13.1,1,4.8,1,55.725,26.18999999999999,2.673469387755102,1,70.72833333333334,22.079365404527973,120.7174148034363,1
53.17,50.8,73.53,62.94,64.83,20.3,73.95,13.5,7,4.5,1,62.165,22.730000000000004,2.9347826086956523,0,57.725,20.195604224682164,108.56686101184876,2
82.28,96.02,68.83,57.25,92.26,74.5,72.3,16.4,3,8.0,0,82.425,-27.19,2.0246913580246915,0,76.86,14.694637116989314,93.4127369956247,1
54.94,81.02,97.74,66.62,56.61,51.6,87.9,27.4,8,7.8,0,89.38,16.72,3.468354430379747,0,73.58166666666666,18.24096753647313,133.9309549811916,0
65.76,56.54,74.25,91.31,72.34,77.30000000000001,64.65,7.8,6,5.6,1,65.395,17.71,1.368421052631579,0,72.73166666666667,11.798019184026897,110.60168288726682,1
92.63,53.22,58.15,50.5,85.33,33.8,64.7,14.5,4,6.9,0,55.685,4.93,2.071428571428572,0,57.61666666666667,17.062814148512157,62.20087084817735,2
60.01,40.04,90.66,95.31,93.88,99.9,78.67,5.1,9,6.0,1,65.35,50.62,0.8360655737704918,1,83.07666666666667,22.264192477309088,138.43803810476032,0
67.7,97.61,44.23,65.12,86.38,85.7,99.13,22.0,9,7.3,0,70.92,-53.38,2.972972972972973,1,79.69500000000001,21.211376900144884,117.7178729689808,1
87.39,46.35,46.1,94.96,87.86,72.30000000000001,97.16,15.8,3,5.4,0,46.225,-0.25,2.872727272727273,2,74.12166666666667,23.296096167956264,84.81710340618683,1
89.35,81.37,61.66,62.46,97.19,45.8,64.65,16.3,1,4.3,1,71.515,-19.710000000000008,3.704545454545455,0,68.855,17.896237314027772,77.06211527700057,2
57.28,49.78,47.54,71.14,77.84,76.2,71.45,25.3,7,7.2,1,48.66,-2.240000000000002,3.4657534246575343,2,65.65833333333333,13.44252419252674,114.62697858472998,2
54.01,67.72,93.38,59.97,94.16,99.2,85.59,13.4,1,5.3,1,80.55,25.66,2.481481481481482,0,83.33666666666666,15.903567733897532,154.29858668147872,0
53.29,72.29,73.97,60.93,60.69,59.8,90.85,7.4,10,8.3,1,73.13,1.6799999999999926,0.8809523809523809,0,69.755,12.069369080444924,130.89697879527114,1
52.85,58.75,97.49,77.14,77.33,92.8,91.47,8.0,9,4.1,0,78.12,38.74,1.904761904761905,0,82.49666666666667,14.3580774014722,156.09586881110062,0
61.15,45.24,74.91,71.33,76.48,91.5,81.23,16.4,10,6.8,1,60.075,29.669999999999995,2.3768115942028984,1,73.44833333333334,15.478642597678476,120.11174707004636,1
57.37,67.32,73.38,89.0,79.21,77.1,58.94,9.9,4,8.5,0,70.35,6.060000000000002,1.1511627906976745,0,74.15833333333333,10.328737418807137,129.26326186741036,1
86.55,81.62,63.06,59.41,50.15,4.5,93.79,29.3,3,7.1,0,72.34,-18.56,4.069444444444445,0,58.755,30.941469098929357,67.88561525129984,1
53.06,44.49,79.63,62.39,92.67,70.3,91.69,29.5,4,6.3,1,62.06,35.13999999999999,4.609375,1,73.52833333333334,18.49967179889056,138.57582610880763,1
54.23,52.61,43.81,60.48,79.78,24.1,67.5,22.2,6,4.4,1,48.21,-8.799999999999997,4.933333333333334,1,54.71333333333334,19.41944352103496,100.89126559714796,2
95.31,76.65,61.59,99.67,91.32,55.2,55.72,10.7,1,8.0,1,69.12,-15.060000000000002,1.3209876543209875,0,73.35833333333333,19.000473064286236,76.96813905501347,1
86.78,70.04,58.61,63.8,57.89,4.3,83.01,15.2,3,6.3,1,64.325,-11.430000000000009,2.375,0,56.275,27.09362341954284,64.84789121917493,2
78.45,81.75,58.45,67.45,84.03,74.0,66.51,11.6,1,8.8,1,70.1,-23.3,1.3033707865168538,0,72.03166666666665,9.779800441045136,91.8185680900786,2
66.21,89.41,42.36,50.38,83.56,58.1,61.0,13.1,10,7.4,1,65.88499999999999,-47.05,1.7466666666666666,1,64.135,18.57824722625899,96.86603232140162,2
82.27,67.96,88.59,71.75,67.95,46.0,82.63,5.5,2,7.7,0,78.275,20.63000000000001,0.7051282051282052,0,70.81333333333333,14.755084095547089,86.07430817227826,1
60.18,55.31,88.61,94.86,90.23,78.60000000000001,87.36,6.1,4,4.4,0,71.96000000000001,33.3,1.3555555555555554,0,82.49500000000002,14.338620226507151,137.0804253904952,0
94.88,60.55,91.77,70.86,67.13,42.400000000000006,86.79,12.0,6,4.9,1,76.16,31.22,2.4,0,69.91666666666667,17.9768425110381,73.68957279370433,1
56.27,68.07,42.62,67.12,61.1,86.7,62.5,27.3,4,7.5,1,55.345,-25.45,3.592105263157895,1,64.685,14.188293413938126,114.9546827794562,2
96.89,67.32,45.44,96.47,67.21,99.0,54.33,18.0,6,5.4,0,56.38,-21.879999999999995,3.272727272727273,1,71.62833333333333,21.86074602264677,73.92747789589569,2
92.23,72.39,80.51,92.19,61.64,90.8,91.07,9.5,3,8.4,0,76.45,8.120000000000005,1.1176470588235294,0,81.43333333333334,12.415443071701734,88.29375835772888,0
85.84,76.99,90.92,78.14,75.25,70.1,95.65,11.3,7,8.5,1,83.955,13.930000000000009,1.3139534883720931,0,81.175,9.889159216030452,94.56547064305684,0
78.41,75.69,51.82,95.72,80.34,7.7,91.05,21.1,3,4.4,1,63.755,-23.87,4.688888888888889,0,67.05333333333333,32.87436062749611,85.51630319261999,1
50.38,95.24,90.74,83.48,62.77,22.0,57.17,16.3,10,8.0,1,92.99,-4.5,2.0123456790123457,0,68.56666666666666,27.41339356348766,136.098981077147,1
75.34,89.95,50.14,82.46,70.74,15.7,77.24,26.6,3,6.3,1,70.045,-39.81,4.156250000000001,0,64.37166666666667,27.419190663961373,85.4415538447925,2
66.61,82.78,99.29,79.65,60.66,75.9,51.0,15.3,6,5.1,0,91.035,16.510000000000005,2.942307692307693,0,74.88,17.055874061448744,112.4155532202372,1
63.94,45.71,98.44,64.48,92.74,52.9,76.16,20.2,4,8.5,1,72.075,52.73,2.3488372093023258,1,71.73833333333333,21.25389603500183,112.19632989260764,1
99.74,66.09,84.4,62.26,58.67,63.5,81.54,28.5,7,4.3,1,75.245,18.31,6.477272727272728,0,69.41000000000001,10.8097881570362,69.59093643473031,1
62.77,68.35,72.57,68.64,74.66,11.8,58.16,10.2,3,5.3,1,70.46,4.219999999999999,1.8888888888888888,0,59.03000000000001,23.825502303204438,94.0417396845627,2
77.24,82.96,43.95,61.65,92.61,66.7,82.66,22.4,5,7.0,1,63.455,-39.00999999999999,3.1549295774647885,1,71.755,17.77742472913329,92.89875712066286,1
67.85,83.11,49.95,86.05,63.09,49.2,62.83,6.0,1,6.8,0,66.53,-33.16,0.8695652173913044,1,65.705,15.82777274287194,96.83861459100956,2
91.33,94.28,78.29,74.97,78.66,78.7,62.32,11.9,4,6.9,1,86.285,-15.989999999999997,1.7,0,77.86999999999999,10.207742159753057,85.26223584802364,1
75.06,93.83,62.35,93.02,64.74,74.4,59.53,15.1,5,5.6,1,78.09,-31.48,2.649122807017544,0,74.645,15.385084660150556,99.44710897948308,1
83.68,54.06,71.57,69.93,78.83,96.7,64.24,19.8,8,7.1,1,62.815,17.50999999999999,2.7500000000000004,0,72.55499999999999,14.432059797547955,86.70530592734224,2
59.79,75.77,59.53,52.95,76.29,20.9,99.13,17.8,7,8.7,0,67.65,-16.239999999999995,2.022727272727273,0,64.095,26.54555763211615,107.2002007024586,1
95.21,98.17,85.98,50.38,98.72,30.5,81.6,8.1,5,8.1,0,92.075,-12.189999999999998,0.9878048780487804,0,74.22500000000001,27.73589136840567,77.95924797815357,1
69.84,78.66,71.25,89.62,89.68,67.8,88.92,21.2,6,6.6,1,74.955,-7.409999999999997,3.164179104477612,0,80.98833333333334,9.87066850150823,115.9626765941199,0
68.56,41.96,78.31,50.99,84.33,28.5,95.3,6.7,9,6.6,0,60.135000000000005,36.35,1.0000000000000002,1,63.23166666666668,26.493413080738893,92.22821859198756,1
75.11,85.27,99.85,86.75,65.99,63.2,59.45,14.5,3,6.7,0,92.56,14.579999999999998,2.1323529411764706,0,76.75166666666667,16.1546927134708,102.18568322016598,1
87.46,43.88,71.13,55.89,71.68,85.7,98.21,11.5,8,8.3,1,57.505,27.249999999999996,1.369047619047619,1,71.08166666666666,19.59959123723417,81.27334400487842,1
84.19,49.65,56.36,69.98,82.97,50.7,92.26,11.0,10,7.6,1,53.005,6.710000000000001,1.4285714285714286,1,66.98666666666666,17.78712980406526,79.56606089400958,1
79.62,81.59,49.71,74.1,98.16,85.39999999999999,53.78,16.7,5,4.4,0,65.65,-31.880000000000003,3.711111111111111,1,73.79,18.814205271549472,92.67771916603868,2
83.84,66.22,47.53,56.71,97.03,75.1,89.14,5.4,1,7.0,0,56.875,-18.69,0.7605633802816902,1,71.955,18.95179015291168,85.8241889312977,1
67.07,91.07,47.56,74.13,54.55,47.8,87.42,23.2,1,6.1,1,69.315,-43.50999999999999,3.741935483870968,1,67.08833333333334,19.74177035290064,100.02733462551564,1
67.66,64.8,99.58,63.96,95.34,61.5,65.42,19.9,3,5.1,0,82.19,34.78,3.826923076923077,0,75.10000000000001,17.422858548470167,110.99615725687262,1
55.0,71.85,57.44,88.38,67.85,15.5,75.45,7.3,5,8.4,1,64.645,-14.409999999999997,0.8588235294117647,0,62.745,25.24981326663625,114.08181818181816,2
66.15,57.81,96.62,87.78,80.24,81.89999999999999,98.22,9.7,4,5.3,1,77.215,38.81,1.7962962962962965,0,83.76166666666666,14.696149722518028,126.62383471907278,0
75.81,73.92,59.66,56.49,56.46,4.1,93.23,21.5,2,4.9,0,66.78999999999999,-14.260000000000003,4.3,0,57.31,29.679487866201463,75.59688695422768,2
83.18,99.48,61.94,81.38,71.66,52.8,82.71,27.9,6,5.8,1,80.71000000000001,-37.540000000000006,4.728813559322034,0,74.995,16.576959612667217,90.15989420533782,1
61.02,88.29,78.67,63.81,51.76,18.700000000000003,54.09,14.4,3,5.5,1,83.48,-9.620000000000005,2.571428571428572,0,59.220000000000006,24.365033962627678,97.05014749262536,2
58.79,80.17,67.92,89.84,60.95,58.7,97.82,29.9,6,5.7,1,74.045,-12.25,5.155172413793103,0,75.89999999999999,15.975392326950844,129.10358904575608,0
85.2,49.11,94.47,73.96,67.11,62.3,77.43,21.1,7,7.9,0,71.78999999999999,45.36,2.6375,1,70.73,15.300354244265066,83.01643192488264,1
57.16,42.8,93.41,89.94,83.86,67.2,96.82,25.7,8,8.0,0,68.10499999999999,50.61,3.1728395061728394,1,79.005,20.582436930548333,138.21728481455563,0
91.65,88.83,54.22,69.92,86.96,43.8,69.92,24.8,10,5.6,0,71.525,-34.61,4.350877192982457,0,68.94166666666668,17.725412736144303,75.22276777595927,2
53.61,49.64,89.46,82.57,85.13,66.9,71.41,25.5,6,6.4,1,69.55,39.81999999999999,3.923076923076923,1,74.18499999999999,14.742155541168325,138.37903376235775,1
56.98,50.52,94.14,63.29,89.92,8.7,60.15,14.6,3,4.2,0,72.33,43.62,3.3953488372093026,0,61.12,30.93744204034975,107.26570726570726,2
53.36,82.01,43.66,50.8,75.8,31.6,88.76,14.1,10,7.9,0,62.835,-38.35000000000001,1.7625,1,62.105,23.207012517771435,116.38868065967016,2
95.95,58.71,51.7,71.27,89.7,20.8,57.44,28.2,4,8.7,1,55.205,-7.009999999999998,3.204545454545455,0,58.27,22.824956516935583,60.72954663887442,2
52.24,66.14,46.52,50.41,93.81,71.8,54.87,12.1,2,7.8,0,56.33,-19.62,1.5316455696202531,1,63.925,17.479229674101774,122.36791730474734,2
95.85,67.58,78.82,91.49,63.32,21.6,67.01,26.9,5,7.0,0,73.19999999999999,11.239999999999997,3.788732394366197,0,64.97,23.62111767042364,67.7829942618675,1
68.45,40.03,84.87,56.09,54.67,72.6,50.21,16.4,9,6.5,1,62.45,44.84,2.484848484848485,1,59.745,16.21868521181665,87.2826880934989,2
82.19,86.16,97.84,54.69,67.08,37.9,81.93,9.3,8,8.2,1,92.0,11.680000000000009,1.1204819277108435,0,70.93333333333332,22.120768220535805,86.30409214421867,1
69.75,43.65,62.86,84.01,82.12,30.9,84.87,8.4,1,4.4,0,53.255,19.21,1.8666666666666667,1,64.735,23.117448604895827,92.8100358422939,1
94.61,63.65,42.46,96.12,87.54,69.80000000000001,82.35,22.2,10,8.3,1,53.055,-21.19,2.642857142857143,1,73.65333333333335,19.2933228518746,77.8494169044851,1
81.39,93.51,52.25,93.06,53.63,78.2,74.55,19.5,8,8.1,0,72.88,-41.260000000000005,2.378048780487805,0,74.2,18.163841003488223,91.16599090797396,1
89.32,99.84,63.74,73.71,70.08,74.2,84.36,21.0,9,7.6,0,81.79,-36.1,2.7272727272727275,0,77.655,12.77215056284571,86.94021495745635,1
69.97,58.36,56.88,63.15,87.49,23.6,52.41,7.1,1,8.4,1,57.620000000000005,-1.4799999999999969,0.8352941176470587,0,56.98166666666666,20.522927097923105,81.43728264494307,2
67.44,44.2,86.48,85.39,84.22,13.8,58.26,20.9,5,6.7,0,65.34,42.28,3.0735294117647056,1,62.05833333333333,29.30576081023433,92.02006722024517,2
98.16,55.54,70.42,79.22,68.86,87.69999999999999,53.27,15.1,8,5.3,0,62.98,14.880000000000004,2.7962962962962967,0,69.16833333333334,13.301194557883385,70.46488725889705,2
84.05,89.78,86.77,71.25,75.09,19.6,63.57,21.5,6,4.8,1,88.275,-3.010000000000005,4.387755102040817,0,67.67666666666666,25.491447716178588,80.51953202458853,1
67.26,71.21,97.85,85.46,75.16,76.10000000000001,93.48,27.2,3,5.5,1,84.53,26.64,4.857142857142858,0,83.21,10.80943661806664,123.71394588165326,0
63.97,81.75,99.41,85.12,80.77,99.6,61.45,13.2,8,4.2,1,90.58,17.659999999999997,3.069767441860465,0,84.68333333333332,14.16530079690038,132.37976134646448,0
51.08,46.25,96.03,87.15,54.08,44.5,75.5,26.6,3,6.9,1,71.14,49.78,3.8,1,67.25166666666667,22.01986504651349,131.65948838423387,1
63.43,70.94,54.37,72.49,93.25,89.39999999999999,100.0,16.3,3,6.1,1,62.655,-16.57,2.6290322580645165,0,80.075,17.083731149839604,126.2415260917547,1
86.87,54.98,65.23,51.77,93.19,68.89999999999999,67.73,14.0,4,4.7,1,60.105,10.250000000000009,2.916666666666667,0,66.96666666666667,14.626130953422596,77.08836959441311,2
95.42,64.86,44.91,55.06,82.91,6.5,90.1,14.6,1,5.4,1,54.885,-19.950000000000003,2.6545454545454543,1,57.38999999999999,30.09314473430784,60.14462376860196,2
62.12,85.57,80.41,53.8,57.11,49.7,50.27,27.8,9,8.8,1,82.99,-5.159999999999997,3.1235955056179776,0,62.81,15.940962329796776,101.11075338055376,2
70.89,40.89,45.39,81.7,96.65,93.5,97.16,11.4,9,5.2,0,43.14,4.5,2.150943396226415,2,75.88166666666666,26.00964545445913,107.04142568298302,1
60.01,85.91,51.83,99.99,99.32,69.80000000000001,66.52,14.2,2,8.3,0,68.87,-34.08,1.6904761904761902,0,78.895,19.38950102503929,131.46975504082653,1
97.52,58.84,68.77,94.83,82.02,33.0,76.83,21.8,1,8.1,0,63.805,9.929999999999993,2.658536585365854,0,69.04833333333333,21.434937290943186,70.80427946404157,1
53.68,99.79,83.14,82.9,80.64,48.9,64.68,21.1,5,7.9,1,91.465,-16.650000000000006,2.6375,0,76.675,17.58352609688967,142.8371833084948,1
88.42,64.04,79.29,80.42,68.98,41.0,65.56,10.3,2,8.5,1,71.665,15.25,1.1976744186046513,0,66.54833333333333,14.287561606749652,75.26389203046068,1
71.61,91.09,47.94,66.31,95.45,99.6,66.34,18.7,1,7.5,1,69.515,-43.150000000000006,2.460526315789474,1,77.78833333333334,20.58328002692153,108.6277521761393,1
60.91,57.56,69.94,58.57,86.34,26.9,94.13,14.5,9,5.3,1,63.75,12.379999999999995,2.6851851851851856,0,65.57333333333332,23.977874523540795,107.6561046352542,1
72.11,41.63,75.41,55.66,82.68,51.7,78.21,19.5,5,4.5,1,58.52,33.779999999999994,4.239130434782609,1,64.21499999999999,16.74538593165293,89.0514491748717,2
71.01,48.28,55.92,71.29,98.67,84.5,97.26,9.5,5,4.8,0,52.1,7.640000000000001,1.9387755102040816,1,75.98666666666666,21.12796409185388,107.00840257240765,1
50.96,97.93,79.65,57.67,68.96,83.4,76.66,17.1,1,6.2,1,88.79,-18.28,2.7142857142857144,0,77.37833333333333,13.591134487844151,151.84131344845628,1
62.63,55.57,81.45,75.98,53.74,96.0,65.98,6.3,8,4.8,1,68.51,25.880000000000003,1.2857142857142858,0,71.45333333333333,16.241691619614834,114.08803023045398,1
75.58,84.51,93.24,51.29,60.96,43.3,65.49,9.2,2,7.2,0,88.875,8.72999999999999,1.2602739726027397,0,66.465,19.18685044503136,87.93993119872982,1
91.03,57.92,49.81,71.53,80.82,92.9,51.12,24.5,3,7.8,0,53.865,-8.11,3.1012658227848102,1,67.35000000000001,17.387956751729053,73.9865978248929,2
80.08,44.68,61.45,82.33,93.28,28.9,67.51,16.7,6,6.9,0,53.065,16.770000000000003,2.3857142857142857,1,63.025,23.71370300058597,78.70254745254745,2
87.21,89.84,68.49,59.46,56.77,11.2,57.37,12.6,3,5.4,1,79.16499999999999,-21.35000000000001,2.290909090909091,0,57.18833333333333,25.745501678286765,65.57543095210794,2
68.77,64.1,73.36,94.92,83.47,29.4,93.85,15.1,9,5.3,0,68.72999999999999,9.260000000000003,2.7962962962962967,0,73.18333333333334,24.515006560608278,106.41752702244196,0
86.78,64.0,88.7,64.44,63.35,6.7,87.94,21.9,7,5.3,0,76.35,24.700000000000003,4.055555555555555,0,62.52166666666667,29.846295861742483,72.04617039256357,1
85.82,65.23,56.81,74.64,52.38,58.8,65.62,14.0,2,8.3,0,61.02,-8.420000000000002,1.6666666666666663,0,62.24666666666667,7.907747256119575,72.53165540278103,2
56.2,79.24,53.05,62.8,61.17,18.6,73.09,15.4,7,6.1,0,66.145,-26.19,2.483870967741936,0,57.991666666666674,21.3953110906728,103.18801897983391,2
58.21,43.97,70.83,61.04,95.23,87.4,92.2,26.9,4,7.0,1,57.4,26.86,3.788732394366197,1,75.11166666666666,20.16883478703385,129.03567542804785,1
99.81,45.54,61.31,52.37,96.38,84.3,69.03,6.4,9,8.5,0,53.425,15.770000000000003,0.744186046511628,1,68.15499999999999,19.315981724986177,68.28474100791503,2
80.57,97.09,67.78,58.45,98.26,28.5,50.81,12.3,10,5.4,1,82.435,-29.31,2.2363636363636363,0,66.815,27.204658975991595,82.92788879235448,2
78.37,43.96,78.51,83.74,65.26,46.1,79.97,29.7,6,7.8,0,61.235,34.550000000000004,3.759493670886076,1,66.25666666666666,17.59711643044583,84.54340521458039,1
94.69,77.8,70.49,95.24,87.6,98.1,84.57,14.7,3,7.6,0,74.145,-7.310000000000002,1.9090909090909087,0,85.63333333333333,10.424835090622135,90.43545604956525,0
64.9,46.79,41.99,64.37,54.47,12.4,97.48,22.3,5,6.3,0,44.39,-4.799999999999997,3.4843750000000004,2,52.91666666666666,27.992894574635663,81.5356959424756,2
51.58,86.14,66.35,53.66,90.77,71.7,57.44,21.8,9,6.8,0,76.245,-19.790000000000006,3.1594202898550727,0,71.01,15.011552884362098,137.6696393951144,2
86.13,92.04,67.57,54.67,71.17,33.8,61.02,28.0,1,8.6,0,79.805,-24.470000000000013,3.218390804597701,0,63.37833333333334,19.26678947481045,73.58450404427417,2
86.61,86.61,95.99,90.0,84.32,82.69999999999999,90.65,28.8,2,7.3,0,91.3,9.379999999999995,3.891891891891892,0,88.37833333333333,4.84908823044773,102.04171958588309,0
85.51,99.62,56.47,90.51,72.81,5.1,50.87,15.1,10,6.5,0,78.045,-43.150000000000006,2.287878787878788,0,62.56333333333334,33.86769650665168,73.16493197676685,2
87.55,42.2,49.02,65.37,73.24,21.7,66.17,28.1,9,4.2,0,45.61,6.82,6.5348837209302335,2,52.95,19.22643388670921,60.47972587093089,2
92.46,68.71,57.12,86.26,94.3,36.2,94.24,7.7,5,5.5,0,62.91499999999999,-11.589999999999996,1.3750000000000002,0,72.80499999999999,23.260462377175564,78.74215877136058,1
75.06,75.52,93.09,88.6,91.92,71.2,51.51,15.4,4,8.2,1,84.305,17.570000000000007,1.855421686746988,0,78.64,16.034259571305437,104.769517719158,1
86.46,75.75,78.07,96.93,70.87,2.2,99.5,12.2,2,7.9,1,76.91,2.319999999999993,1.525,0,70.55333333333333,35.4666664160401,81.60228236564114,0
72.22,55.65,77.03,84.3,96.35,67.9,57.61,12.0,5,7.8,0,66.34,21.380000000000003,1.518987341772152,0,73.14,15.82984775669052,101.27388535031848,1
87.79,99.56,49.38,83.12,59.83,93.6,50.23,20.8,6,5.4,1,74.47,-50.18,3.7818181818181817,1,72.62,22.276300410974887,82.7201275771728,2
80.46,74.4,69.21,52.46,61.5,32.9,52.03,17.5,1,4.5,1,71.805,-5.190000000000012,3.804347826086957,0,57.083333333333336,14.820087269198744,70.9462258679261,2
71.73,90.77,98.74,61.58,77.18,91.6,78.09,15.6,10,7.5,1,94.755,7.969999999999999,2.0526315789473686,0,82.99333333333334,13.408035898917731,115.70240252799852,0
57.45,51.27,77.21,95.82,88.13,33.9,79.13,10.5,3,7.5,1,64.24,25.93999999999999,1.381578947368421,0,70.90999999999998,23.5786539055986,123.42906875543947,1
66.02,97.41,86.45,77.13,58.75,73.0,55.54,15.3,2,7.5,1,91.93,-10.959999999999994,2.0131578947368425,0,74.71333333333334,16.025657760811775,113.16772695142886,1
52.34,47.4,79.93,84.89,67.58,63.6,52.31,24.4,7,4.1,0,63.665000000000006,32.53000000000001,5.80952380952381,1,65.95166666666667,14.781714943357104,126.00624124315372,2
57.03,60.89,45.61,53.25,60.79,2.3000000000000003,99.01,10.6,2,8.3,0,53.25,-15.28,1.261904761904762,1,53.64166666666667,31.185094142340933,94.05868256473202,2
94.53,55.37,86.26,92.27,53.63,53.3,67.39,29.0,3,5.3,1,70.815,30.890000000000008,5.370370370370371,0,68.03666666666666,17.348938488180384,71.97362389364928,1
91.38,51.15,82.04,97.84,86.92,35.7,83.58,29.2,5,5.5,0,66.595,30.890000000000008,5.214285714285714,0,72.87166666666666,23.97108125777114,79.74575034653826,1
88.38,97.46,52.64,71.27,65.97,78.8,74.48,22.7,4,4.3,0,75.05,-44.81999999999999,5.159090909090909,0,73.43666666666668,14.831866594150132,83.09195142189034,1
74.08,94.01,60.1,64.33,78.22,31.200000000000003,54.47,18.9,5,5.0,0,77.055,-33.910000000000004,3.7058823529411766,0,63.72166666666666,21.374393480673707,86.01736861051114,2
84.73,92.79,49.64,79.21,70.47,68.89999999999999,55.76,8.6,9,8.4,0,71.215,-43.150000000000006,1.011764705882353,1,69.46166666666666,15.628227559984744,81.98001494944725,2
87.99,72.62,57.25,70.9,80.42,16.299999999999997,64.81,11.9,10,4.9,0,64.935,-15.370000000000005,2.38,0,60.38333333333333,22.95455394179261,68.62522256317007,2
71.53,84.92,91.19,60.39,81.08,75.0,87.73,5.1,3,7.8,0,88.055,6.269999999999996,0.6455696202531646,0,80.05166666666666,11.134432031615562,111.91341628221258,0
61.82,94.77,70.76,78.95,83.69,44.1,56.73,17.6,2,6.5,1,82.765,-24.00999999999999,2.666666666666667,0,71.50000000000001,18.52053994893237,115.65836298932388,1
79.42,73.49,47.3,97.89,59.74,26.3,65.73,15.0,3,7.2,1,60.395,-26.19,2.054794520547945,1,61.741666666666674,24.20459577573372,77.74070343322421,2
57.21,45.13,42.35,80.31,58.6,2.1,83.59,29.8,1,7.0,1,43.74,-2.780000000000001,4.19718309859155,2,52.01333333333334,29.91077576169944,90.91650643826836,2
50.02,45.8,62.39,76.37,56.47,24.5,53.42,15.6,3,7.9,0,54.095,16.590000000000003,1.95,1,53.15833333333333,17.380942916501013,106.27415700386511,2
55.04,54.91,41.82,69.57,79.78,36.1,90.8,26.7,10,6.0,1,48.365,-13.089999999999996,4.377049180327869,1,62.16333333333333,21.59177497721451,112.9421027131783,2
61.54,54.99,84.71,73.95,83.77,33.6,57.79,15.7,1,4.7,1,69.85,29.71999999999999,3.270833333333333,0,64.80166666666666,19.792966848521385,105.30007583143755,2
72.27,76.55,85.41,95.54,71.27,40.4,80.8,5.9,10,5.1,0,80.97999999999999,8.86,1.1346153846153848,0,74.99499999999999,18.85404439371033,103.7705825377058,0
99.64,77.31,58.45,88.2,98.61,70.7,78.06,17.3,1,7.5,0,67.88,-18.86,2.2763157894736845,0,78.55499999999999,13.877580120467687,78.83881975110397,1
71.57,95.59,40.01,66.31,52.35,15.5,84.56,11.5,9,8.5,1,67.8,-55.580000000000005,1.3372093023255816,1,59.053333333333335,29.47084434940178,82.51129430394487,2
80.65,43.3,41.28,61.46,53.5,14.4,91.0,17.4,1,6.6,1,42.29,-2.019999999999996,2.5970149253731343,2,50.82333333333333,25.33299324333125,63.01715230419507,2
99.67,91.14,71.39,59.2,57.33,69.9,57.98,28.3,3,8.1,0,81.265,-19.75,3.4512195121951224,0,67.82333333333334,12.977393677725384,68.0478913748704,2
67.47,43.76,61.83,87.06,59.65,23.9,90.65,11.4,3,5.7,0,52.795,18.07,1.9655172413793105,1,61.14166666666667,25.4333036915511,90.62052270144756,2
59.79,91.64,78.47,95.58,93.14,0.3,83.48,11.1,8,8.6,1,85.055,-13.170000000000002,1.2758620689655171,0,73.76833333333333,36.56343770307528,123.37904889334894,0
69.61,64.84,51.89,55.99,83.92,93.4,54.29,21.3,10,4.6,1,58.365,-12.950000000000005,4.531914893617022,0,67.38833333333334,17.30943952491434,96.8084087535316,2
61.5,50.83,55.64,74.04,60.13,93.3,94.13,28.4,10,7.6,0,53.235,4.810000000000002,3.6883116883116887,0,71.345,18.98278035483738,116.00813008130082,1
80.85,72.86,53.41,99.41,65.25,4.699999999999999,85.01,28.3,3,5.0,1,63.135,-19.450000000000003,5.549019607843138,0,63.44,32.86976361338791,78.46629560915275,1
95.29,59.96,87.87,55.11,87.84,33.9,51.06,13.5,3,7.6,0,73.915,27.910000000000004,1.7532467532467535,0,62.62333333333333,21.426892137374164,65.7186833175919,2
62.72,62.68,41.02,53.67,95.43,22.6,64.55,6.7,5,5.7,1,51.85,-21.66,1.1551724137931034,1,56.65833333333334,24.557030290054755,90.33535289115648,2
69.6,85.28,96.87,52.06,51.85,54.5,77.36,16.7,4,8.4,1,91.075,11.590000000000003,1.964705882352941,0,69.65333333333334,19.495845369377207,100.07662835249045,1
63.25,54.72,84.37,77.09,62.27,16.599999999999998,73.5,16.1,9,8.1,1,69.545,29.65000000000001,1.9634146341463417,0,61.425,24.38287329253876,97.11462450592887,2
51.05,98.15,93.7,60.66,62.51,60.8,52.86,26.3,3,7.9,1,95.925,-4.450000000000003,3.2875,0,71.44666666666667,19.30445924305228,139.95429317662425,1
72.06,49.78,95.61,54.14,71.7,77.4,77.58,24.5,3,6.8,1,72.695,45.83,3.55072463768116,1,71.035,16.88158256799403,98.57757424368582,1
62.36,56.71,84.81,95.68,82.24,38.3,68.95,5.5,5,4.4,0,70.76,28.1,1.2222222222222223,0,71.115,20.99415799692857,114.0394483643361,1
79.77,90.52,53.33,84.79,58.14,64.0,71.62,26.4,3,4.9,0,71.925,-37.19,5.279999999999999,0,70.39999999999999,14.805589485055972,88.25372947223266,1
83.19,40.23,75.19,62.37,82.2,21.6,57.64,27.2,2,6.8,1,57.71,34.96,3.942028985507247,1,56.53833333333333,22.486781376325663,67.96289618143207,2
62.53,65.59,61.55,54.24,69.78,69.1,91.14,10.1,6,5.4,0,63.57,-4.040000000000006,1.836363636363636,0,68.56666666666666,12.44716460350174,109.6540327309558,1
87.34,51.07,43.65,72.96,51.95,9.5,90.84,22.0,8,4.3,1,47.36,-7.420000000000002,5.000000000000001,1,53.32833333333334,27.619269662079528,61.05831615907183,2
56.76,44.02,69.17,79.82,59.64,3.2,93.6,20.1,4,4.1,0,56.595,25.15,4.785714285714287,1,58.24166666666665,31.840417344417244,102.61040638947614,1
81.85,53.83,64.56,90.14,69.76,4.8,73.97,5.2,5,5.0,1,59.195,10.730000000000004,1.019607843137255,0,59.51000000000001,29.337007345671783,72.70616982284669,2
84.94,76.78,65.03,60.83,69.6,12.3,79.79,13.1,5,4.3,1,70.905,-11.75,2.9772727272727275,0,60.72166666666667,24.752888652976782,71.48771681971589,2
50.94,98.21,80.97,55.06,87.41,41.7,59.65,26.1,4,6.3,1,89.59,-17.239999999999995,4.078125000000001,0,70.49999999999999,21.67472814131702,138.39811542991754,1
75.66,75.16,84.91,71.74,91.27,23.3,57.14,28.9,3,6.0,1,80.035,9.75,4.737704918032787,0,67.25333333333333,24.516846181078567,88.88888888888889,1
82.78,53.85,65.25,64.61,71.29,85.9,62.33,18.3,7,7.1,0,59.55,11.4,2.541666666666667,0,67.205,10.75981366009654,81.18506885721189,2
58.27,78.54,79.24,82.59,99.51,16.4,51.21,21.6,10,5.3,1,78.89,0.6999999999999886,4.000000000000001,0,67.91499999999999,29.622957819907185,116.55225673588468,1
81.07,44.89,75.82,95.56,56.59,93.4,90.25,14.5,3,7.4,1,60.355,30.929999999999996,1.9333333333333331,1,76.085,21.13284339600329,93.8509929690391,1
65.26,84.51,86.83,58.35,50.73,20.2,62.59,6.9,8,5.6,1,85.67,2.319999999999993,1.210526315789474,0,60.535,24.48785474475051,92.75973030953112,2
96.8,99.87,70.11,56.47,94.03,89.80000000000001,51.52,24.3,1,5.2,1,84.99000000000001,-29.760000000000005,4.584905660377359,0,76.96666666666667,20.46985360638094,79.51101928374656,1
73.58,79.47,94.41,91.98,66.33,14.4,63.21,13.2,5,7.5,0,86.94,14.939999999999998,1.736842105263158,0,68.3,29.333402121131467,92.8241369937483,1
80.85,42.52,45.2,94.01,80.71,93.0,97.21,18.9,4,8.0,0,43.86,2.68,2.333333333333333,2,75.44166666666666,25.11210179707518,93.31065759637188,1
79.85,64.62,69.2,62.52,86.26,57.400000000000006,60.58,7.0,4,4.5,1,66.91,4.579999999999998,1.5217391304347827,0,66.76333333333334,10.339852352266288,83.61093717386767,2
91.7,69.97,49.68,96.37,68.05,33.6,79.2,28.2,3,5.7,0,59.825,-20.29,4.862068965517241,1,66.145,22.056820033722,72.1319520174482,2
94.16,79.79,94.92,53.95,91.04,31.3,96.29,26.7,8,8.2,1,87.355,15.129999999999995,3.2168674698795185,0,74.54833333333335,26.388879033916293,79.17197677711698,0
85.97,84.42,90.87,57.05,56.33,5.1,94.01,23.6,7,5.7,0,87.64500000000001,6.450000000000003,4.06896551724138,0,64.63000000000001,33.50681542611891,75.17738746074212,1
73.46,73.54,53.52,73.7,81.19,50.0,52.75,8.2,7,5.9,0,63.53,-20.020000000000003,1.3666666666666665,0,64.11666666666666,13.512282807381832,87.28105998729467,2
75.03,48.12,59.31,68.25,85.85,92.3,72.43,8.2,6,8.2,1,53.715,11.190000000000005,0.9879518072289156,1,71.04333333333334,16.39487196249689,94.68656981651785,2
79.94,87.53,47.32,68.37,76.33,16.7,56.5,20.9,9,6.6,0,67.425,-40.21,3.1194029850746268,1,58.79166666666666,25.03513005092378,73.54474188975064,2
73.05,90.63,83.38,72.31,91.62,15.0,80.82,21.6,9,5.5,1,87.005,-7.25,3.8571428571428577,0,72.29333333333334,28.940967272478414,98.96417978553504,1
88.97,45.19,54.49,57.06,55.77,99.2,63.88,18.8,10,8.7,1,49.84,9.300000000000004,2.1363636363636367,1,62.598333333333336,18.90724243951684,70.35892248323405,2
99.91,44.42,84.43,86.28,78.22,59.5,91.72,14.2,2,5.1,1,64.42500000000001,40.010000000000005,2.730769230769231,1,74.09500000000001,18.3115392580744,74.16174557101392,1
51.9,68.25,50.87,55.48,64.85,49.2,85.27,27.1,6,7.4,1,59.56,-17.380000000000003,3.6133333333333337,0,62.31999999999999,13.552053718901794,120.0770712909441,2
66.13,70.83,55.46,69.16,51.51,79.80000000000001,73.75,25.5,1,8.0,0,63.145,-15.369999999999996,3.1481481481481484,0,66.75166666666667,10.96794131396894,100.940067543727,2
67.81,98.78,75.82,97.26,78.39,46.2,51.14,14.4,3,6.8,1,87.3,-22.960000000000008,2.086956521739131,0,74.59833333333333,22.230304016514637,110.01081453079682,1
66.25,89.83,59.35,91.69,75.71,16.7,66.25,12.5,3,6.0,0,74.59,-30.48,2.0491803278688527,0,66.58833333333332,27.54932769899597,100.51069182389936,1
80.72,61.08,98.03,98.61,87.78,25.0,66.72,9.5,8,5.5,0,79.555,36.95,1.6964285714285716,0,72.87,28.235597390528152,90.27502477700692,1
97.64,75.18,89.66,94.58,77.24,92.0,65.8,16.9,6,6.1,1,82.42,14.47999999999999,2.7258064516129035,0,82.41000000000001,11.380100175306016,84.40188447357642,1
72.08,76.81,64.85,50.44,91.41,44.2,53.58,8.0,1,4.4,1,70.83,-11.960000000000008,1.7777777777777777,0,63.548333333333325,17.88514849439799,88.16361450240473,2
65.29,43.52,78.65,63.41,64.97,53.2,73.26,6.7,1,6.4,1,61.08500000000001,35.13,1.0307692307692309,1,62.835,12.88088622727489,96.2398529637004,2
99.45,72.41,58.53,98.39,79.86,11.2,84.31,23.0,9,5.2,1,65.47,-13.879999999999995,4.339622641509434,0,67.45,30.541060230450416,67.82302664655606,1
67.31,84.77,70.8,87.42,88.85,33.0,64.6,24.0,1,5.6,0,77.785,-13.97,4.210526315789474,0,71.57333333333334,21.26442819985213,106.3338780765612,1
52.93,40.35,44.66,79.93,89.78,22.7,58.68,11.2,4,7.7,0,42.505,4.309999999999995,1.435897435897436,2,56.01666666666667,25.311349759873867,105.8316014862397,2
56.92,59.99,96.17,76.65,80.18,20.4,88.27,19.9,8,7.1,1,78.08,36.18,2.763888888888889,0,70.27666666666666,27.29988107422204,123.46568282970247,0
66.23,50.45,41.87,92.76,73.33,61.0,85.49,10.0,5,6.4,1,46.16,-8.580000000000005,1.5384615384615383,1,67.48333333333333,19.92759058859517,101.89239518848456,2
91.76,91.28,82.53,79.92,76.3,89.39999999999999,65.03,29.7,10,8.0,0,86.905,-8.75,3.6666666666666665,0,80.74333333333334,9.554907988393538,87.9940424295263,1
65.47,42.58,90.51,56.84,63.88,63.1,89.27,17.7,7,4.5,1,66.545,47.93000000000001,3.847826086956522,1,67.69666666666667,18.816308529216528,103.40104882643452,1
60.53,76.41,82.52,94.93,79.28,40.6,57.58,9.5,2,5.5,1,79.465,6.109999999999999,1.6964285714285716,0,71.88666666666667,19.507542814682395,118.76204636819207,1
80.35,67.9,64.99,90.96,85.93,68.60000000000001,97.8,9.7,4,7.3,1,66.445,-2.910000000000011,1.3108108108108107,0,79.36333333333333,13.938181612630345,98.77203899605892,0
67.76,41.23,83.78,80.6,64.76,97.5,94.48,18.0,2,7.4,0,62.505,42.55,2.4,1,77.05833333333334,21.042903237592164,113.7224517906336,1
85.88,95.78,74.7,63.35,59.16,21.0,60.8,26.7,5,4.1,1,85.24000000000001,-21.08,6.357142857142858,0,62.465,24.467975600772533,72.73521192361434,2
63.58,94.75,40.57,82.25,85.03,39.1,50.09,7.6,10,6.3,0,67.66,-54.18,1.1875,1,65.29833333333335,24.792074876191112,102.702631854881,2
84.29,48.77,75.1,83.25,63.26,44.400000000000006,55.33,12.3,6,6.4,0,61.935,26.32999999999999,1.8923076923076925,1,61.685,15.188459763912862,73.18187210819788,2
89.39,47.08,60.97,68.35,65.26,87.10000000000001,83.02,23.8,7,8.6,0,54.025,13.89,2.7356321839080464,1,68.63,14.715477566154624,76.77592571876048,2
90.49,52.22,45.47,67.8,66.27,76.2,64.08,13.4,7,8.8,1,48.845,-6.75,1.5056179775280898,1,62.00666666666666,11.195787898431565,68.52322540243857,2
57.78,74.13,41.4,54.77,76.39,66.10000000000001,50.98,8.9,6,4.9,1,57.765,-32.73,1.78,1,60.62833333333334,13.840545389061324,104.92961809161189,2
78.21,46.77,52.76,76.11,73.6,77.2,79.61,18.6,3,8.5,1,49.765,5.989999999999995,2.162790697674419,1,67.675,14.134362030173133,86.52985551719729,2
70.59,99.8,61.7,83.94,83.72,4.5,92.88,18.9,5,5.6,1,80.75,-38.1,3.3157894736842106,0,71.08999999999999,35.06025613140896,100.70831562544268,1
72.79,89.43,41.8,75.98,51.18,88.2,60.73,28.3,10,7.7,0,65.61500000000001,-47.63000000000001,3.628205128205128,1,67.88666666666667,19.76407616527185,93.26372670238584,2
57.28,60.5,49.2,71.3,85.24,79.2,71.14,7.2,10,5.9,0,54.85,-11.299999999999995,1.2,1,69.42999999999999,12.967866439781062,121.21159217877094,2
96.77,58.11,48.86,86.25,94.3,78.60000000000001,97.06,24.5,10,8.0,1,53.485,-9.25,3.0246913580246915,1,77.19666666666667,19.68896001993672,79.7733457338707,1
74.0,59.18,63.12,51.74,62.5,15.3,57.0,28.5,10,6.3,1,61.15,3.9399999999999977,4.453125,0,51.473333333333336,18.197528037254585,69.55855855855856,2
86.56,78.38,69.01,70.09,83.73,95.5,55.45,5.2,7,7.7,0,73.695,-9.36999999999999,0.6666666666666667,0,75.36,13.778972385486515,87.06099815157116,2
52.85,78.87,53.36,99.87,94.44,44.3,85.35,24.0,4,4.9,1,66.11500000000001,-25.510000000000005,4.8,0,76.03166666666668,22.46296277579311,143.86313465783667,1
77.58,90.26,46.29,95.65,82.96,78.60000000000001,92.51,13.0,9,7.1,1,68.275,-43.970000000000006,1.805555555555556,1,81.045,18.15061293730876,104.4663573085847,1
63.96,60.88,88.45,97.6,83.95,87.89999999999999,84.44,11.7,5,4.4,0,74.665,27.57,2.6,0,83.86999999999999,12.284963166407945,131.1288305190744,0
77.59,42.43,74.28,80.76,88.58,81.0,91.15,29.5,2,4.4,1,58.355,31.85,6.555555555555555,1,76.36666666666667,17.689166929696455,98.42333634059372,1
81.75,52.5,50.77,99.8,97.27,77.9,81.44,11.5,9,6.2,0,51.635000000000005,-1.7299999999999969,1.8253968253968251,0,76.61333333333333,21.15940610382689,93.71661569826706,1
59.86,80.88,56.0,66.68,69.43,35.8,98.9,7.7,9,8.8,0,68.44,-24.879999999999995,0.8651685393258427,0,67.94833333333334,21.47238078711037,113.5120837509745,1
63.36,76.62,59.79,65.01,53.83,45.6,74.69,11.1,1,6.1,1,68.205,-16.830000000000005,1.7903225806451617,0,62.59,12.019525780994856,98.78472222222224,2
82.84,72.13,94.7,57.66,55.04,4.9,87.18,16.3,6,5.1,1,83.41499999999999,22.570000000000007,3.134615384615385,0,61.935,32.04247540375119,74.76460647030419,1
89.94,54.13,48.1,69.79,51.16,97.2,51.88,18.9,4,8.4,0,51.115,-6.030000000000001,2.223529411764705,1,62.04333333333333,18.840274591063334,68.98302572085093,2
59.32,45.25,67.98,80.88,97.89,37.1,92.07,27.9,5,5.6,1,56.615,22.730000000000004,4.894736842105264,1,70.19500000000001,24.8279525938004,118.33277140930548,1
68.59,75.14,76.07,80.47,78.98,39.1,51.84,14.1,9,7.8,1,75.60499999999999,0.9299999999999926,1.7848101265822789,0,66.93333333333334,17.21449815320408,97.5846819264227,2
94.91,87.05,75.61,50.35,86.62,34.5,75.49,19.9,3,4.1,0,81.33,-11.439999999999998,4.738095238095238,0,68.27,21.24596055724476,71.93130334000632,1
94.71,95.31,57.54,70.98,63.19,88.69999999999999,81.72,7.2,10,4.9,0,76.425,-37.77,1.44,0,76.24,14.809503705391345,80.4983634251927,1
89.68,43.89,89.84,59.63,68.13,17.1,58.0,28.5,1,8.3,1,66.86500000000001,45.95,3.392857142857143,1,56.098333333333336,24.369093062046165,62.553895331549214,2
80.9,45.6,45.46,91.37,81.02,85.1,73.63,15.8,5,6.6,0,45.53,-0.1400000000000005,2.3582089552238807,2,70.36333333333333,20.0802576344694,86.97569015245158,2
78.6,99.64,43.28,98.36,60.57,59.1,64.25,9.5,1,7.8,1,71.46000000000001,-56.36,1.2025316455696204,1,70.86666666666667,22.948064551649377,90.16115351993216,2
67.51,52.79,95.33,84.45,81.87,30.3,90.62,13.0,7,4.1,0,74.06,42.54,3.095238095238096,0,72.56,25.492921370451057,107.48037327803289,0
54.77,44.56,63.83,63.47,66.74,2.0,67.74,12.0,10,5.9,1,54.195,19.27,2.0,1,51.39000000000001,25.650130603956,93.82873836041628,2
51.39,60.13,98.58,60.2,91.9,72.5,60.25,14.5,10,8.1,1,79.355,38.45,1.7682926829268295,0,73.92666666666668,17.31290578345145,143.85418693649868,1
99.22,48.15,80.26,97.5,96.37,78.7,98.18,29.1,3,5.0,0,64.205,32.11000000000001,5.7058823529411775,1,83.19333333333333,19.28592820339915,83.84734260565746,0
61.1,73.09,86.89,53.78,76.82,90.5,57.42,10.3,1,8.9,1,79.99000000000001,13.799999999999995,1.1444444444444446,0,73.08333333333334,15.005903727089104,119.61265684669942,1
99.19,94.68,81.6,52.47,82.56,79.3,63.24,14.5,10,4.9,0,88.14,-13.080000000000013,2.9,0,75.64166666666667,15.165316240245922,76.25936754377122,1
74.64,87.9,65.65,77.02,97.68,23.6,84.58,8.7,7,5.9,1,76.775,-22.25,1.45,0,72.73833333333333,26.364145665404497,97.45221507681316,1
98.45,60.18,82.74,84.18,55.26,53.4,71.61,16.9,1,8.4,0,71.46,22.559999999999995,1.9882352941176469,0,67.895,13.628249704198996,68.9639410868461,1
83.63,50.85,81.72,58.58,65.54,44.8,89.61,8.9,5,4.6,0,66.285,30.87,1.893617021276596,0,65.18333333333334,17.520156011481937,77.94252461237994,1
63.18,90.85,41.67,52.07,79.08,72.5,98.09,5.8,3,7.2,1,66.25999999999999,-49.17999999999999,0.7945205479452054,1,72.37666666666667,21.920992374130023,114.5562941859238,1
97.83,42.2,52.0,92.36,67.84,84.5,77.72,21.5,6,6.0,0,47.1,9.799999999999995,3.5245901639344264,1,69.43666666666667,19.336077851174124,70.97686462911854,2
97.53,79.99,42.15,62.03,78.17,32.8,75.91,17.3,10,4.7,0,61.06999999999999,-37.84,3.604166666666667,1,61.84166666666666,20.125158798545336,63.40784032263576,2
82.81,73.41,99.15,85.93,96.28,62.400000000000006,58.13,26.9,8,7.4,0,86.28,25.74000000000001,3.5866666666666664,0,79.21666666666665,17.290049932451517,95.66074950690331,1
54.08,85.82,59.63,67.58,91.46,81.5,71.66,20.5,5,4.4,1,72.725,-26.18999999999999,4.555555555555555,0,76.27499999999999,12.024551135073606,141.041050295858,1
85.49,99.13,93.59,68.81,79.57,33.4,61.25,7.8,3,4.3,1,96.36,-5.539999999999992,1.772727272727273,0,72.62499999999999,23.970084480451877,84.95145631067959,1
94.63,93.92,68.43,50.36,99.3,82.4,73.05,12.7,1,8.6,0,81.17500000000001,-25.489999999999995,1.4597701149425288,0,77.91000000000001,17.924869874004667,82.33118461375886,1
83.49,51.19,57.95,88.69,76.75,85.39999999999999,80.39,5.9,8,4.8,1,54.57,6.760000000000005,1.2040816326530617,0,73.395,15.296098522172246,87.90873158462091,1
73.98,53.26,49.78,87.88,73.41,8.5,50.59,16.6,9,4.2,0,51.52,-3.479999999999997,3.8604651162790704,1,53.90333333333333,26.92500894459771,72.86203478417589,2
93.86,75.85,64.72,61.79,85.21,15.6,77.71,7.6,8,5.3,1,70.285,-11.129999999999995,1.4074074074074074,0,63.48,24.998363146414203,67.6326443639463,2
79.31,99.09,70.8,96.36,51.47,42.7,87.64,18.3,3,9.0,0,84.945,-28.290000000000006,2.010989010989011,0,74.67666666666666,23.7078507390836,94.15794561425628,0
68.36,78.89,61.97,64.28,64.76,13.0,65.79,15.3,9,5.8,1,70.43,-16.92,2.593220338983051,0,58.11500000000001,22.90368420145545,85.01316559391458,2
86.53,79.19,85.29,67.22,95.73,19.7,80.46,26.7,8,5.2,0,82.24000000000001,6.1000000000000085,5.037735849056604,0,71.265,26.899448879112747,82.35871951924189,1
62.85,47.77,99.28,75.66,73.67,27.8,87.58,8.8,3,7.6,0,73.525,51.51,1.142857142857143,1,68.62666666666667,26.365037202072497,109.19119596923892,1
69.15,61.33,65.98,57.58,62.79,64.3,96.03,12.2,4,7.4,1,63.655,4.650000000000006,1.6266666666666665,0,68.00166666666667,14.02612336558704,98.33935888165824,1
79.23,53.43,50.38,73.67,75.03,50.2,99.78,28.4,10,7.3,0,51.905,-3.049999999999997,3.8378378378378377,0,67.08166666666666,19.626856515159695,84.66700323951365,1
92.55,70.93,72.1,76.19,99.55,74.80000000000001,54.05,9.2,3,4.8,0,71.515,1.1699999999999875,1.8775510204081636,0,74.60333333333334,14.608846178486056,80.6086799927967,1
95.06,81.59,51.88,91.05,95.43,56.3,60.84,5.6,6,8.6,0,66.735,-29.71,0.6436781609195402,0,72.84833333333334,18.843393979500263,76.63405568412934,2
72.34,46.88,73.23,86.68,68.86,2.8000000000000003,66.96,11.6,8,4.3,1,60.05500000000001,26.35,2.6363636363636367,1,57.568333333333335,29.739848295959188,79.58022302091973,2
94.11,84.63,93.67,88.99,60.99,14.8,98.15,25.4,7,8.7,0,89.15,9.040000000000006,2.8863636363636367,0,73.53833333333334,31.560892520121588,78.14082810895053,0
69.99,76.42,52.68,99.01,81.69,92.2,94.15,20.0,5,7.3,0,64.55,-23.74,2.702702702702703,0,82.69166666666666,16.905780569576393,118.14783064247274,0
89.48,84.21,51.4,80.51,81.31,44.5,94.05,9.4,1,6.6,0,67.80499999999999,-32.809999999999995,1.402985074626866,0,72.66333333333334,19.86128260376622,81.20622857994339,1
71.16,58.99,42.07,95.1,69.13,94.1,98.56,21.8,6,5.1,1,50.53,-16.92,4.192307692307693,1,76.325,23.18845294537779,107.25829117481732,1
57.5,55.98,63.18,92.44,68.22,92.5,88.21,10.5,7,8.8,0,59.58,7.200000000000003,1.1797752808988764,0,76.755,16.210297653035248,133.48695652173913,1
71.22,41.26,69.79,71.99,99.63,69.5,97.61,14.5,1,5.8,0,55.525000000000006,28.53000000000001,2.457627118644068,1,74.96333333333334,21.55310990707992,105.25601422821306,1
94.06,46.73,83.0,52.96,89.66,45.9,84.7,8.9,6,6.0,0,64.865,36.27,1.459016393442623,1,67.15833333333333,20.66794466478626,71.39946133673541,1
56.16,52.54,74.65,61.33,68.01,76.39999999999999,59.24,19.3,6,8.3,1,63.595,22.110000000000007,2.2976190476190474,0,65.36166666666666,9.308661378880782,116.38473409306742,2
60.95,88.88,42.05,78.98,55.28,45.5,57.82,20.6,10,5.7,1,65.465,-46.83,3.5517241379310347,1,61.418333333333344,18.663912147957262,100.76838939021056,2
94.14,47.87,97.08,61.79,73.88,58.9,72.76,27.4,1,5.7,0,72.475,49.21,4.724137931034483,1,68.71333333333332,16.890330567122323,72.9905814035833,1
79.82,84.97,71.17,60.61,58.69,19.0,73.82,9.0,2,5.6,1,78.07,-13.799999999999995,1.5789473684210529,0,61.376666666666665,22.85160446591588,76.89384448342103,2
64.94,91.8,82.03,64.98,86.65,81.19999999999999,54.23,5.1,6,8.1,1,86.91499999999999,-9.769999999999996,0.6219512195121951,0,76.81500000000001,14.267805367329624,118.2861102556206,1
89.14,76.48,44.18,85.53,60.97,27.3,81.34,24.6,10,7.4,1,60.33,-32.300000000000004,3.28,1,62.633333333333326,23.054993096218155,70.26400418816841,2
97.08,89.07,74.18,70.15,80.9,12.2,89.03,29.5,3,5.2,0,81.625,-14.889999999999986,5.566037735849057,0,69.255,28.981444235924474,71.3380716934487,1
85.78,99.79,62.84,84.47,74.53,59.5,50.09,17.8,5,6.4,1,81.315,-36.95,2.7384615384615385,0,71.87,18.189492571262125,83.78409885754256,2
97.04,94.01,49.88,57.73,57.18,66.10000000000001,63.01,23.2,10,8.1,0,71.94500000000001,-44.13,2.829268292682927,1,64.65166666666667,15.418442744540275,66.62372904644133,2
87.73,49.53,99.33,55.88,61.66,73.8,58.61,18.7,10,8.5,1,74.43,49.8,2.1744186046511627,1,66.46833333333333,17.986305253349467,75.76465671188114,2
91.16,75.13,54.82,65.79,70.84,55.8,56.64,13.2,2,6.8,1,64.975,-20.309999999999995,1.9130434782608696,0,63.17000000000001,8.665047028147049,69.29574374725757,2
60.22,42.41,79.84,77.19,86.28,22.1,75.41,22.8,6,4.8,0,61.125,37.43000000000001,4.653061224489797,1,63.87166666666667,25.585572041028644,106.06387689582644,1
50.88,53.03,46.46,97.56,65.1,15.4,60.55,21.7,9,8.9,0,49.745000000000005,-6.57,2.411111111111111,1,56.35,26.75146201612166,110.750786163522,2
83.79,61.67,74.17,50.76,65.15,80.5,65.19,9.8,2,8.6,0,67.92,12.5,1.1264367816091956,0,66.24,10.286286015856255,79.0547798066595,2
64.04,86.71,65.08,75.21,97.18,41.3,90.7,22.0,4,8.2,0,75.895,-21.629999999999995,2.6506024096385548,0,76.03,20.5102003890747,118.72267332916924,1
72.07,71.23,79.5,55.72,67.53,41.7,78.71,16.3,9,5.3,0,75.36500000000001,8.269999999999996,3.018518518518519,0,65.73166666666667,14.623435186941084,91.20530965265252,1
80.35,50.36,62.29,98.88,69.54,97.3,74.64,8.9,7,5.3,0,56.325,11.93,1.6481481481481484,0,75.50166666666667,19.31139188838201,93.96598216137733,1
81.55,88.87,91.6,94.11,96.51,53.6,71.25,16.3,2,6.9,0,90.235,2.7299999999999898,2.3285714285714287,0,82.65666666666667,16.829048299492953,101.35704067034538,0
97.13,67.03,49.93,94.06,68.32,31.8,69.51,15.3,7,5.6,1,58.48,-17.1,2.68421052631579,1,63.44166666666667,20.95109297069408,65.31624283606165,2
53.99,99.77,79.6,75.38,73.26,38.2,97.41,17.1,9,4.6,0,89.685,-20.17,3.638297872340426,0,77.27,22.19646638544072,143.11909612891273,0
54.04,59.73,56.66,75.29,99.99,29.3,64.97,27.5,8,7.4,0,58.19499999999999,-3.0700000000000003,3.6666666666666665,0,64.32333333333334,23.23469962505792,119.02911423636812,2
78.51,64.26,94.99,69.58,82.48,33.7,55.37,29.2,8,5.2,0,79.625,30.72999999999999,5.509433962264151,0,66.73,21.35857673160831,84.9955419691759,1
63.12,57.17,48.45,71.01,93.47,20.0,73.76,19.6,2,5.6,0,52.81,-8.719999999999999,3.4385964912280707,1,60.64333333333334,25.1782713200622,96.07625686523026,2
64.23,74.58,94.9,61.53,97.0,99.5,53.36,12.3,4,6.5,1,84.74000000000001,20.320000000000007,1.863636363636364,0,80.145,19.85618669332055,124.77814105558149,1
93.78,80.43,66.39,96.07,52.99,19.3,65.29,11.1,9,8.5,0,73.41,-14.040000000000006,1.2906976744186047,0,63.41166666666667,26.16501207082975,67.61747351958485,2
66.23,95.19,75.34,79.86,71.9,41.5,64.55,7.4,10,6.5,0,85.265,-19.849999999999994,1.121212121212121,0,71.39,17.856322129710808,107.7910312547184,1
64.74,54.56,85.74,92.97,61.34,17.7,87.15,14.0,4,6.3,1,70.15,31.179999999999996,2.1875,0,66.57666666666667,28.452960947266394,102.8369889815673,1
78.86,97.76,63.2,84.17,86.28,39.3,84.91,24.4,7,4.4,1,80.48,-34.56,5.422222222222222,0,75.93666666666667,21.147193351995124,96.293008707414,1
86.27,66.94,79.12,58.94,64.69,54.7,62.53,8.3,10,9.0,1,73.03,12.180000000000009,0.9120879120879122,0,64.48666666666666,8.373380838506431,74.749816467679,2
79.9,89.06,96.79,93.83,92.36,53.1,86.49,8.7,4,7.9,1,92.925,7.730000000000004,1.0875,0,85.27166666666668,16.167952766713128,106.7229870671673,0
97.83,55.86,40.28,85.79,64.42,3.0,72.57,26.9,5,4.2,0,48.07,-15.579999999999998,6.255813953488372,1,53.653333333333336,29.17534004371957,54.843435892193945,2
84.01,91.04,94.39,78.98,53.61,6.2,93.25,18.3,4,8.9,0,92.715,3.3499999999999943,2.033333333333333,0,69.57833333333333,34.63166725219372,82.82148950521763,0
55.82,61.92,78.67,67.87,96.65,68.4,53.93,10.3,9,8.8,0,70.295,16.75,1.1573033707865168,0,71.24,14.878131603128132,127.6245073450376,2
98.76,95.84,99.91,81.2,52.59,68.7,90.95,27.2,8,5.7,1,97.875,4.069999999999993,4.689655172413793,0,81.53166666666665,18.075277499022437,82.55535304441743,0
94.53,78.26,63.38,82.35,98.43,86.5,81.38,24.4,3,5.8,0,70.82000000000001,-14.880000000000004,4.135593220338984,0,81.71666666666667,11.40975138496307,86.44522021227829,1
71.27,97.2,61.53,52.28,91.98,38.6,51.85,28.3,3,6.5,0,79.36500000000001,-35.67,4.287878787878788,0,65.57333333333334,23.6918126505058,92.00692203358122,2
86.72,72.93,78.1,56.18,65.64,95.2,60.62,14.1,1,4.3,0,75.515,5.169999999999988,3.204545454545455,0,71.44500000000001,14.104560609958751,82.38583948339485,2
94.78,82.26,79.46,90.84,52.34,94.5,75.02,13.0,3,5.1,0,80.86,-2.800000000000012,2.5000000000000004,0,79.07,14.952199838150907,83.42477315889428,1
58.01,96.26,50.59,86.06,95.82,61.4,67.85,26.6,8,6.1,1,73.42500000000001,-45.67,4.290322580645162,0,76.33,19.12642569849369,131.58076193759698,1
87.67,42.81,71.6,87.11,53.54,58.5,96.19,11.6,5,4.3,1,57.205,28.789999999999992,2.6363636363636367,1,68.29166666666666,20.524110130933,77.89627770807192,1
56.58,65.11,59.35,63.0,99.43,3.5,61.03,14.2,3,4.7,1,62.23,-5.759999999999998,2.958333333333333,0,58.56999999999999,30.89110227881161,103.51714386709084,2
67.95,95.31,99.59,79.93,84.53,43.3,51.11,14.7,5,8.1,0,97.45,4.280000000000001,1.7926829268292683,0,75.62833333333334,23.26174233944368,111.29997547216092,1
93.63,97.21,84.27,76.4,71.56,96.9,94.85,29.2,6,4.2,0,90.74,-12.939999999999998,6.790697674418605,0,86.86500000000001,11.153239439732294,92.77475168215318,0
63.49,47.5,93.97,67.42,73.19,7.5,97.75,19.3,3,5.5,0,70.735,46.47,3.446428571428572,1,64.55499999999999,33.454649153742444,101.67742951645928,1
78.19,64.73,73.78,88.39,94.81,54.900000000000006,73.3,6.6,10,5.5,1,69.255,9.049999999999995,1.1785714285714286,0,74.985,14.734911944087075,95.901010359381,1
69.64,51.41,82.05,69.71,53.94,44.6,81.24,12.2,3,7.8,0,66.72999999999999,30.64,1.5443037974683544,0,63.825,16.071789881652883,91.64991384261916,1
70.58,61.04,83.02,59.44,79.26,29.3,66.25,5.9,9,7.6,1,72.03,21.98,0.7662337662337664,0,63.05166666666667,19.12035398905226,89.33361669972608,2
98.55,96.14,98.82,74.99,74.17,91.7,86.68,22.6,1,6.6,0,97.48,2.6799999999999926,3.3731343283582094,0,87.08333333333333,10.528549124483709,88.36462032809065,0
53.58,70.22,48.74,92.64,87.46,43.5,72.62,14.3,6,8.0,1,59.48,-21.48,1.7654320987654322,1,69.19666666666667,19.873095044976427,129.1464476794824,2
98.73,51.5,64.65,90.74,91.87,84.39999999999999,67.47,13.7,4,7.4,1,58.075,13.150000000000006,1.8266666666666669,0,75.105,16.35060702237076,76.07110300820419,1
77.04,75.9,86.88,74.35,54.19,31.7,72.24,28.1,8,5.1,1,81.39,10.97999999999999,5.403846153846155,0,65.87666666666667,19.79150996429193,85.50969193492557,1
86.35,76.32,71.66,74.69,96.96,67.5,61.24,18.2,7,5.5,0,73.99,-4.659999999999997,3.25,0,74.72833333333334,12.168652212413116,86.5412082609535,1
95.25,65.73,85.45,96.62,80.33,5.2,84.56,29.7,1,6.6,1,75.59,19.72,4.432835820895523,0,69.64833333333333,33.11362343004261,73.12160979877514,1
98.99,40.6,80.62,59.35,97.78,92.3,74.2,11.6,5,4.7,1,60.61,40.02,2.4166666666666665,1,74.14166666666667,21.32747000154183,74.898137859043,1
55.79,72.04,75.39,55.04,85.89,45.2,66.95,11.1,10,8.6,1,73.715,3.3499999999999943,1.2758620689655171,0,66.75166666666667,14.6324289394026,119.64808508095835,2
74.56,73.68,55.12,72.93,70.03,16.7,54.93,25.2,7,8.6,1,64.4,-18.56000000000001,2.896551724137931,0,57.23166666666666,21.602571529025585,76.7592095851216,2
75.35,86.78,82.0,58.59,99.48,30.5,54.54,11.9,1,7.5,0,84.39,-4.780000000000001,1.5657894736842106,0,68.64833333333334,25.350055161018226,91.10595001105952,1
73.81,67.44,95.54,51.69,91.07,80.0,59.67,19.5,4,7.1,1,81.49000000000001,28.10000000000001,2.708333333333333,0,74.235,17.533646226612422,100.57580273675654,1
51.04,80.24,68.41,56.05,94.94,69.9,52.17,17.2,4,4.1,1,74.32499999999999,-11.829999999999998,4.095238095238096,0,70.285,15.757051437372413,137.7057210031348,2
73.44,78.56,98.77,61.03,56.25,68.5,59.88,7.2,6,7.1,0,88.66499999999999,20.209999999999997,1.0000000000000002,0,70.49833333333333,15.960477958590925,95.99446259985476,1
59.17,85.66,58.5,77.94,64.88,74.7,72.97,21.2,2,5.1,1,72.08,-27.16,4.0769230769230775,0,72.44166666666666,9.611285900786983,122.42972226916793,1
68.49,59.75,71.68,83.23,84.68,33.6,77.97,25.5,1,7.5,1,65.715,11.930000000000009,3.355263157894737,0,68.48500000000001,19.35525639199853,99.99269966418458,1
87.5,92.93,67.44,54.77,98.84,39.3,51.37,19.9,6,8.1,1,80.185,-25.49000000000001,2.426829268292683,0,67.44166666666668,23.859310481794456,77.07619047619049,2
57.68,50.63,79.92,93.67,71.33,6.1,52.2,21.0,5,4.6,0,65.275,29.29,4.468085106382979,0,58.975,30.68024559875621,102.24514563106796,2
90.62,74.05,54.1,76.29,61.65,41.0,58.43,20.2,6,7.3,0,64.075,-19.95,2.72972972972973,0,60.92,13.104851010217551,67.22577797395718,2
69.07,90.15,70.19,59.95,66.57,20.7,95.58,29.5,10,8.0,0,80.17,-19.960000000000008,3.641975308641976,0,67.19,26.669367446566856,97.27812364268134,1
77.35,53.46,49.36,50.95,72.25,93.7,58.12,7.2,2,8.3,0,51.41,-4.100000000000001,0.8571428571428571,1,62.97333333333333,17.170476599869517,81.413488472312,2
53.8,83.04,49.54,68.63,84.42,90.1,67.9,13.0,6,4.2,0,66.29,-33.50000000000001,3.0232558139534884,1,73.93833333333333,14.925305245343116,137.43184634448576,2
57.56,71.2,59.07,74.29,93.03,99.0,54.49,29.3,6,6.1,1,65.135,-12.130000000000004,4.725806451612904,0,75.18,17.83398777615371,130.6115357887422,2
87.31,98.89,40.43,86.44,73.83,23.0,53.86,5.7,1,5.3,1,69.66,-58.46,1.0555555555555558,1,62.74166666666667,28.80055097852585,71.86080250448593,2
56.03,43.82,42.98,86.18,83.29,89.0,62.38,18.0,10,6.6,0,43.4,-0.8400000000000034,2.6865671641791047,2,67.94166666666668,21.201572032909887,121.25944434529124,2
80.3,90.71,54.05,87.84,57.18,1.0,80.85,16.5,8,6.8,1,72.38,-36.66,2.391304347826088,0,61.93833333333333,33.6294641150683,77.13366542133666,1
66.3,45.96,84.92,86.78,74.83,26.8,86.92,24.7,7,6.1,0,65.44,38.96,3.983870967741936,1,67.70166666666667,25.401801838977224,102.114127702363,1
88.93,53.99,94.32,84.14,71.03,5.2,66.0,10.8,6,5.5,1,74.155,40.32999999999999,1.9285714285714288,0,62.446666666666665,31.3735746555388,70.22002323925184,1
73.41,48.81,58.53,89.29,88.3,55.9,82.2,25.6,3,7.2,0,53.67,9.72,3.5068493150684934,1,70.505,18.07590080742866,96.04277346410572,1
58.05,95.13,87.4,97.63,68.39,26.1,83.43,13.3,5,5.5,0,91.265,-7.72999999999999,2.3750000000000004,0,76.34666666666666,26.70647761623885,131.51880562733274,0
77.46,40.73,49.51,97.33,83.87,40.8,86.53,27.1,5,8.9,0,45.12,8.780000000000001,3.011111111111111,2,66.46166666666666,25.56028514447104,85.80127377571219,2
71.67,56.88,46.51,64.05,82.57,60.3,96.46,6.8,2,7.4,0,51.695,-10.370000000000005,0.9066666666666666,1,67.795,18.34323499277049,94.59327473140785,2
98.68,58.44,59.12,73.06,58.88,67.1,50.44,29.5,6,7.6,1,58.78,0.6799999999999997,3.831168831168832,0,61.17333333333334,7.8558173773749775,61.99162275368193,2
86.66,92.08,82.3,64.14,58.06,25.8,95.39,26.8,7,4.0,1,87.19,-9.78,6.536585365853659,0,69.62833333333333,26.12731476188601,80.34656512039388,1
87.96,62.64,89.55,83.11,72.17,1.5,75.1,27.9,4,6.4,0,76.095,26.91,4.292307692307692,0,64.01166666666667,31.987661006498527,72.77360921631045,1
72.14,47.37,82.64,74.19,62.6,19.2,58.5,19.3,4,8.2,1,65.005,35.27,2.3253012048192776,1,57.41666666666666,22.392190305253006,79.59061084927455,2
86.58,83.74,91.71,59.36,68.61,21.7,78.45,8.2,5,4.6,0,87.725,7.969999999999999,1.74468085106383,0,67.26166666666667,25.038191162036178,77.68730268730269,1
63.68,50.68,97.08,95.2,65.5,76.0,66.47,24.1,9,8.2,1,73.88,46.4,2.903614457831326,0,75.15499999999999,18.170831296338644,118.01978643216076,1
87.82,86.46,67.15,58.63,95.27,83.9,97.51,7.4,3,4.5,1,76.805,-19.309999999999988,1.6086956521739133,0,81.48666666666666,15.525803897597914,92.78827905564413,0
87.33,69.49,50.61,73.08,84.87,67.9,79.74,22.2,9,7.5,1,60.05,-18.879999999999995,2.921052631578948,0,70.94833333333334,11.838218475204227,81.24165044467347,2
77.23,79.1,67.92,59.72,64.19,13.6,70.56,28.0,2,4.6,0,73.50999999999999,-11.179999999999993,5.957446808510639,0,59.181666666666665,23.26210000551684,76.63041132547801,2
70.01,65.84,88.2,66.46,94.01,82.30000000000001,74.83,7.6,2,7.2,1,77.02000000000001,22.36,1.0410958904109588,0,78.60666666666667,11.556192567912095,112.27919820977957,1
75.56,54.29,70.53,96.74,96.66,85.60000000000001,55.38,11.3,2,6.9,0,62.41,16.240000000000002,1.6142857142857143,0,76.53333333333335,19.35905955016066,101.28815952002824,1
72.79,82.99,44.19,84.91,68.8,6.1,86.96,10.2,8,5.8,0,63.59,-38.8,1.728813559322034,1,62.325,31.862398371748476,85.62302514081603,2
54.0,51.61,75.62,85.1,60.75,97.9,59.58,21.3,7,8.3,1,63.615,24.010000000000005,2.5357142857142856,0,71.76,17.616752254601305,132.88888888888889,2
64.91,94.1,67.98,96.77,94.38,60.1,84.64,8.2,5,8.6,0,81.03999999999999,-26.11999999999999,0.942528735632184,0,82.99499999999999,15.45980045149354,127.86165459867507,0
84.7,70.46,45.59,80.65,95.96,24.2,68.43,26.1,2,4.0,1,58.025,-24.86999999999999,6.365853658536587,1,64.21499999999999,25.623080806179413,75.81463990554899,2
75.99,91.44,96.86,99.75,66.99,60.9,92.49,26.8,1,8.8,1,94.15,5.420000000000002,3.01123595505618,0,84.73833333333333,16.49578784619476,111.51247971224284,0
74.7,71.51,88.32,85.7,80.03,35.6,81.79,18.9,10,6.9,0,79.91499999999999,16.809999999999988,2.7,0,73.825,19.59374262360308,98.82864792503348,1
91.55,44.42,52.89,67.07,78.22,30.0,54.4,22.2,2,4.4,0,48.655,8.469999999999999,4.933333333333334,1,54.5,16.882546016522507,59.53031130529765,2
76.26,88.08,69.18,82.11,60.5,45.4,78.25,23.6,8,8.6,0,78.63,-18.89999999999999,2.71264367816092,0,70.58666666666666,15.720167513950564,92.56053850861088,1
60.49,70.67,55.49,80.22,57.77,70.5,99.11,23.0,7,5.3,0,63.08,-15.18,4.25925925925926,0,72.29333333333334,16.00684936727608,119.5128671405742,1
86.2,44.91,43.51,70.61,53.49,73.1,57.76,13.4,1,8.2,0,44.21,-1.3999999999999986,1.6144578313253015,2,57.23,12.531325548400694,66.39211136890951,2
50.07,51.46,64.52,95.28,68.21,96.0,73.87,17.0,2,7.8,0,57.99,13.059999999999995,2.151898734177216,0,74.89,17.683601443145005,149.57060115837825,1
53.77,84.86,40.51,73.76,80.07,11.6,95.29,12.7,10,5.7,0,62.685,-44.35,2.189655172413793,1,64.34833333333334,31.82614737392301,119.6732998574174,1
52.77,62.61,69.55,62.24,83.1,73.60000000000001,78.38,16.3,9,4.0,0,66.08,6.939999999999998,3.9756097560975614,0,71.58,8.42434804599145,135.64525298465034,1
57.95,56.34,89.45,98.09,92.73,99.9,86.21,16.0,6,5.3,1,72.89500000000001,33.11,2.9629629629629632,0,87.12,15.92988888850139,150.33649698015532,0
88.8,46.95,71.53,66.0,70.45,93.1,95.56,8.6,5,4.7,0,59.24,24.58,1.7916666666666667,1,73.93166666666666,18.132961607709497,83.25638138138137,1
99.7,88.52,48.93,81.5,92.37,35.6,51.42,18.1,8,8.9,0,68.725,-39.59,2.011111111111111,1,66.39,23.95823866647964,66.58976930792377,2
93.1,90.99,49.27,85.09,85.81,94.7,95.99,29.8,3,7.5,1,70.13,-41.71999999999999,3.921052631578948,1,83.64166666666667,17.418248381127952,89.8406731113498,0
89.12,70.45,83.98,59.87,93.79,52.3,97.0,14.7,5,5.3,0,77.215,13.53,2.7222222222222223,0,76.23166666666667,18.29487296120601,85.53822561340515,0
76.78,56.59,93.96,73.76,56.27,11.4,69.54,9.7,4,6.2,1,75.275,37.36999999999999,1.5396825396825395,0,60.25333333333333,27.64325137654156,78.47529738647216,1
76.46,92.88,56.36,93.16,53.24,99.6,52.91,13.2,2,8.1,1,74.62,-36.52,1.6097560975609757,0,74.69166666666666,22.640604600289866,97.68724387479293,2
94.24,48.98,50.68,66.06,89.19,11.5,92.83,21.9,10,7.7,1,49.83,1.7000000000000028,2.8076923076923075,1,59.87333333333333,30.090015398245757,63.53282399547256,2
83.99,54.42,46.26,73.8,53.11,18.1,66.22,20.0,6,6.0,0,50.34,-8.160000000000004,3.278688524590164,1,51.98500000000001,19.32197272537149,61.89427312775332,2
80.48,61.65,40.76,93.3,62.42,13.3,77.07,8.1,6,9.0,1,51.205,-20.89,0.8901098901098901,1,58.083333333333336,28.06378354154455,72.17113982770046,2
51.32,41.52,56.53,72.11,72.34,97.5,51.95,26.6,2,5.6,1,49.025000000000006,15.009999999999998,4.666666666666668,1,65.325,19.765615345847444,127.28955572876072,2
60.61,97.9,82.16,52.16,66.66,54.7,83.26,6.5,9,7.3,0,90.03,-15.740000000000007,0.8783783783783784,0,72.80666666666666,17.99083173915722,120.12319199252047,1
81.42,63.74,49.15,55.67,85.55,58.4,86.02,11.5,8,7.4,1,56.445,-14.590000000000003,1.5333333333333334,1,66.42166666666667,15.719001770680816,81.57905510521574,2
50.48,50.04,45.98,92.99,91.84,45.0,50.02,5.5,7,8.7,0,48.01,-4.060000000000002,0.6250000000000001,1,62.645,23.15388498718952,124.09865293185425,2
99.09,55.44,57.45,78.78,55.96,62.9,84.74,14.5,10,5.9,1,56.445,2.010000000000005,2.4166666666666665,0,65.87833333333334,12.723638499527825,66.48333165136073,2
68.22,51.01,46.38,90.04,58.78,21.3,99.48,12.0,1,4.8,1,48.695,-4.629999999999996,2.4489795918367347,1,61.165,29.046278763380347,89.65845793022574,2
59.79,58.62,57.78,93.17,94.13,76.0,60.83,12.6,10,8.1,0,58.2,-0.8399999999999963,1.5365853658536586,0,73.42166666666667,17.016349099224154,122.79924179071196,2
75.57,47.56,49.71,85.87,81.44,49.400000000000006,66.93,6.0,1,6.5,0,48.635000000000005,2.1499999999999986,0.9090909090909092,2,63.48500000000001,17.18768018087374,84.00820431388118,2
76.31,93.45,86.44,92.04,86.48,73.60000000000001,95.75,16.3,9,4.5,1,89.945,-7.010000000000005,3.543478260869566,0,87.96,7.97723009571618,115.2666754029616,0
71.69,79.93,96.5,79.84,51.21,92.2,58.47,9.3,5,5.5,1,88.215,16.569999999999993,1.660714285714286,0,76.35833333333333,18.07736199412588,106.51183335658158,1
59.08,61.02,65.81,78.6,70.28,60.4,67.45,6.3,5,5.2,0,63.415000000000006,4.789999999999999,1.1886792452830188,0,67.26,6.720889822039934,113.84563303994584,2
99.32,99.52,96.45,73.75,88.98,23.5,74.43,14.5,9,7.5,1,97.985,-3.069999999999993,1.9078947368421053,0,76.105,27.941311887597543,76.62605718888442,0
55.44,81.39,40.66,65.02,69.11,20.6,70.78,10.5,3,9.0,1,61.025,-40.73,1.153846153846154,1,57.92666666666668,22.72679622530784,104.4853294853295,2
90.37,52.53,91.59,87.34,98.07,37.3,57.84,15.8,9,5.1,1,72.06,39.06,3.038461538461539,0,70.77833333333332,24.792943686998253,78.32060787134371,1
76.91,44.34,86.46,92.05,61.75,50.5,70.99,11.3,7,7.5,0,65.4,42.11999999999999,1.486842105263158,1,67.68166666666667,19.14478667070141,88.00112685823257,1
75.19,40.1,51.51,80.16,64.69,4.8,57.82,14.5,9,4.5,1,45.805,11.409999999999997,3.1521739130434785,1,49.84666666666666,25.80605794511565,66.29427672119519,2
81.33,80.49,62.35,96.64,78.17,51.2,59.42,23.9,1,7.1,0,71.42,-18.139999999999997,3.3194444444444446,0,71.37833333333334,16.727095882629076,87.76384278044183,1
98.11,65.49,91.87,96.04,67.9,86.6,78.38,28.1,5,8.9,1,78.68,26.38000000000001,3.1222222222222222,0,81.04666666666668,12.6074575813947,82.60795705500631,0
50.39,95.04,47.14,79.97,85.29,38.3,99.0,14.0,6,8.7,0,71.09,-47.900000000000006,1.590909090909091,1,74.12333333333333,25.403326291386858,147.09929218760337,1
64.53,79.7,99.59,64.77,87.28,1.5,69.69,24.6,3,8.4,1,89.64500000000001,19.89,2.894117647058824,0,67.08833333333334,34.45892825766157,103.96456428534532,1
80.66,67.87,53.78,62.27,55.77,29.8,69.0,19.4,10,4.3,0,60.825,-14.090000000000003,4.409090909090909,0,56.415,14.41941573018824,69.94173072154723,2
73.22,81.71,72.46,65.54,61.84,58.9,98.08,14.6,1,5.6,0,77.085,-9.25,2.5614035087719302,0,73.08833333333332,14.724961686424404,99.82017663662022,1
75.83,40.54,78.07,98.9,53.42,6.800000000000001,71.94,10.4,1,4.5,0,59.30499999999999,37.53,2.260869565217392,1,58.278333333333336,32.300903031752334,76.85392764517123,2
52.21,66.91,48.97,77.94,63.19,99.1,64.2,10.2,2,4.7,0,57.94,-17.939999999999998,2.125,1,70.05166666666666,16.980357377471968,134.17289152780438,2
84.47,86.2,64.84,80.51,62.99,5.1,75.05,10.8,7,8.7,0,75.52000000000001,-21.36,1.2272727272727275,0,62.44833333333335,29.475455156225607,73.92960025255516,1
82.02,81.72,95.25,88.3,85.93,12.8,51.47,16.0,5,7.1,0,88.485,13.53,2.2222222222222223,0,69.245,31.54475091041297,84.42453060229214,1
77.23,41.21,43.92,56.11,93.53,33.2,67.24,23.4,10,6.0,1,42.565,2.710000000000001,3.836065573770492,2,55.86833333333334,21.996622846852347,72.3401959514869,2
99.74,49.34,77.04,90.94,80.54,23.3,71.73,14.3,9,7.1,0,63.190000000000005,27.700000000000003,1.9861111111111116,1,65.48166666666667,24.84899709579175,65.6523628099726,1
90.41,63.87,79.69,58.69,98.2,26.6,94.54,23.0,9,8.4,1,71.78,15.82,2.7058823529411766,0,70.265,26.60819178373457,77.71817276849906,1
70.4,69.67,58.47,90.01,91.25,88.9,52.24,13.0,3,8.3,0,64.07,-11.200000000000005,1.5476190476190474,0,75.08999999999999,17.333155511908384,106.6619318181818,2
93.45,49.63,76.04,58.93,88.65,64.1,87.02,19.7,4,5.4,0,62.83500000000001,26.410000000000004,3.5818181818181816,1,70.72833333333334,15.767647150626711,75.68574995541289,1
86.12,86.68,86.75,74.67,97.81,74.80000000000001,67.84,9.4,9,5.5,0,86.715,0.0699999999999931,1.6785714285714288,0,81.42500000000001,10.940856913423188,94.54830469112866,1
65.11,46.61,82.1,63.35,55.26,36.5,61.3,19.1,3,8.7,1,64.35499999999999,35.489999999999995,2.170454545454546,1,57.51999999999999,15.610443939875635,88.34280448471814,2
69.94,63.2,53.88,56.44,87.85,36.8,79.95,13.0,4,6.7,1,58.540000000000006,-9.32,1.911764705882353,0,63.02,18.53381018571195,90.10580497569346,2
50.53,69.83,63.19,81.15,86.95,18.700000000000003,89.07,18.3,4,4.3,1,66.50999999999999,-6.640000000000001,4.15909090909091,0,68.14833333333333,26.20233914494404,134.86707566462167,1
75.05,81.42,92.82,84.39,94.91,76.10000000000001,93.57,7.5,3,4.5,1,87.12,11.399999999999991,1.6304347826086958,0,87.20166666666667,7.695711576369438,116.19142793693096,0
80.16,56.44,45.22,92.21,51.96,40.5,99.38,28.0,7,7.0,0,50.83,-11.22,3.943661971830986,1,64.28500000000001,25.116189002314822,80.19585828343315,1
50.8,99.88,94.47,66.61,65.66,75.5,85.53,22.0,9,7.9,0,97.175,-5.409999999999997,2.75,0,81.27499999999999,14.356880928669709,159.9901574803149,0
53.11,97.32,74.07,95.87,71.76,16.299999999999997,92.11,20.6,4,7.9,1,85.695,-23.25,2.575,0,74.57166666666667,30.60210150735839,140.40984121006716,0
94.85,42.7,68.84,95.04,95.09,90.1,88.49,7.1,9,6.5,0,55.77,26.14,1.0757575757575757,1,80.04333333333334,20.70663726119397,84.38938675101038,1
52.86,44.69,70.24,55.04,73.97,0.8999999999999999,91.79,6.0,6,6.6,0,57.465,25.55,0.8955223880597016,1,56.105,31.5322189197018,106.13885735906167,2
59.8,88.43,53.75,92.52,72.2,25.0,68.75,12.5,4,7.6,0,71.09,-34.68000000000001,1.6233766233766236,0,66.77499999999999,24.818849892773034,111.6638795986622,2
94.5,66.06,82.89,75.97,61.51,21.9,59.64,18.0,8,8.0,1,74.475,16.83,2.2222222222222223,0,61.328333333333326,21.25629075513098,64.89770723104056,2
87.43,49.93,53.07,90.31,64.83,1.7999999999999998,99.92,7.5,10,7.7,0,51.5,3.140000000000001,0.9615384615384616,1,59.97666666666667,34.84909735799001,68.59964161805634,1
76.02,68.89,52.88,97.82,76.1,85.1,76.58,28.4,10,4.7,1,60.885000000000005,-16.009999999999998,5.916666666666667,0,76.22833333333332,15.126417178785816,100.27405068841531,1
50.46,97.58,70.96,57.16,86.48,55.5,72.31,5.4,4,5.5,0,84.27,-26.620000000000005,0.9642857142857144,0,73.33166666666666,16.413531511124187,145.3263310873299,1
88.51,90.4,87.18,53.75,65.0,7.7,68.19,19.4,7,8.5,1,88.79,-3.219999999999999,2.255813953488372,0,62.03666666666667,30.014839440960976,70.09000866192144,1
56.48,64.26,48.98,79.04,68.08,25.0,81.3,17.1,3,6.8,1,56.620000000000005,-15.280000000000008,2.4782608695652177,1,61.11000000000001,21.15983648330015,108.19759206798868,2
67.1,57.8,64.23,65.94,73.79,34.0,64.97,28.8,6,6.8,1,61.015,6.430000000000007,4.173913043478262,0,60.12166666666667,13.775287171840256,89.60009935419772,2
94.45,68.62,94.66,61.22,80.96,23.5,91.79,20.0,4,5.1,1,81.64,26.039999999999992,3.846153846153847,0,70.125,26.24572479471657,74.24563260984648,1
65.36,51.44,77.43,99.26,60.81,9.5,65.64,24.0,7,4.4,1,64.435,25.99000000000001,5.333333333333333,0,60.68,29.994557506321044,92.83965728274174,2
71.92,78.68,94.14,78.16,82.59,95.3,82.32,11.3,5,6.5,0,86.41,15.459999999999994,1.7121212121212124,0,85.19833333333334,7.604105250893537,118.46264367816092,0
91.93,99.98,77.86,82.77,89.21,77.6,70.29,9.6,9,6.9,1,88.92,-22.120000000000005,1.3714285714285714,0,82.95166666666667,10.431175229410474,90.23351100475,0
94.8,98.36,93.28,77.42,95.31,99.8,65.34,8.7,10,8.7,1,95.82,-5.079999999999998,0.9886363636363636,0,88.25166666666667,13.805188034455258,93.09247538677918,0
70.06,57.05,40.66,51.97,56.01,7.1,92.64,24.2,7,7.0,0,48.855,-16.39,3.408450704225352,1,50.905,27.678889247944905,72.65914930059948,2
70.43,62.6,96.76,59.78,73.75,50.7,92.23,15.9,4,8.5,0,79.68,34.160000000000004,1.8488372093023255,0,72.63666666666667,18.516583558169327,103.1331345544039,0
87.25,57.74,42.64,58.94,59.84,27.4,96.29,16.2,7,5.6,1,50.19,-15.1,2.842105263157895,1,57.14166666666667,22.970982057079468,65.49188156638013,2
79.46,96.43,85.99,63.82,80.21,17.3,66.93,24.1,4,7.4,0,91.21,-10.440000000000012,3.2133333333333334,0,68.44666666666667,27.81689894051216,86.13977682691502,1
84.89,62.25,77.63,85.15,71.89,19.0,60.19,27.6,2,7.3,1,69.94,15.379999999999995,3.7297297297297294,0,62.685,23.356175842804404,73.84261986099659,2
60.69,68.23,75.11,54.41,55.66,28.700000000000003,57.57,19.7,2,7.2,0,71.67,6.879999999999996,2.698630136986301,0,56.61333333333334,15.892806758614624,93.2828033174054,2
74.9,55.56,62.67,90.66,66.05,75.6,52.41,18.7,9,6.2,1,59.115,7.109999999999999,2.9682539682539684,0,67.15833333333332,14.120894329562368,89.66399643969734,2
85.98,47.39,94.67,73.2,60.2,55.9,88.71,10.1,4,4.3,0,71.03,47.28,2.295454545454546,1,70.01166666666666,18.841307191027557,81.42785143831898,1
76.52,90.71,97.89,57.94,81.62,63.9,70.39,28.6,2,5.7,1,94.3,7.180000000000007,4.931034482758621,0,77.07499999999999,15.647699830965571,100.72530057501304,1
54.2,79.65,56.81,88.97,83.77,20.5,86.98,10.8,5,4.2,1,68.23,-22.840000000000003,2.5116279069767447,0,69.44666666666667,26.658228498282977,128.13038130381304,1
79.84,78.71,76.41,63.79,91.15,7.7,77.18,22.8,1,6.2,1,77.56,-2.299999999999997,3.619047619047619,0,65.82333333333334,29.76915831303711,82.4440547762191,1
72.5,50.92,83.75,99.42,60.2,37.7,57.4,23.0,7,6.0,0,67.33500000000001,32.83,3.7704918032786887,0,64.89833333333333,22.62995043447216,89.51494252873563,2
75.35,92.44,52.39,86.26,96.47,19.8,66.48,19.1,9,7.5,0,72.41499999999999,-40.05,2.5131578947368425,0,68.97333333333333,29.3421891934918,91.53727051537273,1
92.17,61.67,55.83,99.55,54.74,87.8,51.11,9.7,2,7.8,1,58.75,-5.840000000000003,1.2278481012658229,0,68.45,20.176744038620303,74.26494520993816,2
84.13,58.65,75.97,73.87,60.66,8.9,92.22,7.1,7,4.8,1,67.31,17.32,1.4489795918367347,0,61.711666666666666,28.57073846904673,73.3527477316851,1
89.38,59.31,53.19,50.3,88.83,75.19999999999999,52.36,27.0,3,4.3,1,56.25,-6.1200000000000045,6.136363636363637,0,63.19833333333333,15.492867283581392,70.70746624897441,2
67.12,41.49,92.28,80.08,66.36,4.1,91.73,9.1,7,8.2,1,66.885,50.79,1.0963855421686748,1,62.67333333333335,34.400573057242326,93.3750496622964,1
82.16,50.69,52.76,82.03,55.65,10.9,96.21,23.3,3,4.2,1,51.725,2.0700000000000003,5.418604651162791,0,58.04,29.469515096112456,70.64264849074975,2
88.41,40.66,59.27,95.05,53.31,35.0,69.72,9.1,5,6.3,0,49.965,18.610000000000007,1.421875,1,58.835,21.7217041228353,66.54790182106096,2
93.5,95.94,75.84,92.27,70.45,94.8,76.32,26.8,4,7.3,0,85.89,-20.099999999999994,3.621621621621622,0,84.27,11.281219792203322,90.1283422459893,0
85.74,76.45,76.97,93.8,57.3,94.1,95.13,5.1,6,7.0,1,76.71000000000001,0.519999999999996,0.7183098591549295,0,82.29166666666667,14.991530164284985,95.97815099914472,0
57.69,89.62,90.49,76.08,61.78,3.8,68.43,25.5,6,8.8,1,90.055,0.8699999999999903,2.8651685393258424,0,65.03333333333335,32.08182517667389,112.72895360258858,1
95.33,52.69,62.26,80.47,94.63,92.3,75.73,27.9,4,4.4,1,57.475,9.57,6.199999999999999,0,76.34666666666666,16.518131452033753,80.0867163187524,1
63.28,75.6,72.99,58.78,90.08,10.9,90.15,8.8,10,6.4,1,74.29499999999999,-2.6099999999999994,1.353846153846154,0,66.41666666666667,29.635066166058525,104.956805731142,1
68.02,64.95,63.73,66.57,97.59,80.0,63.98,24.0,7,7.4,1,64.34,-1.220000000000006,3.2,0,72.80333333333334,13.61526153500794,107.03224541801434,2
96.04,54.85,93.48,84.96,65.1,99.4,83.52,18.9,10,8.2,1,74.165,38.63,2.27710843373494,0,80.21833333333332,17.02532750541577,83.52596140497013,0
91.63,71.37,83.72,54.52,55.29,31.4,90.31,16.6,2,7.4,0,77.545,12.349999999999994,2.2133333333333334,0,64.435,21.73830973189958,70.32085561497327,1
66.39,43.53,57.85,53.89,99.02,81.30000000000001,82.27,28.5,10,6.1,1,50.69,14.32,4.596774193548388,1,69.64333333333333,21.10666024426097,104.90033639604356,2
62.68,43.51,69.53,60.22,67.0,37.9,84.72,20.3,1,6.9,0,56.52,26.020000000000003,2.9,1,60.48,17.377545281195502,96.49010848755584,2
52.83,85.64,45.25,56.56,52.59,26.7,76.83,26.7,1,8.1,0,65.445,-40.39,3.25609756097561,1,57.26166666666666,21.39561582817065,108.38854186384,2
78.58,42.0,89.92,94.07,77.54,42.7,85.69,8.7,1,4.6,1,65.96000000000001,47.92,1.8510638297872344,1,71.98666666666666,23.600033615795265,91.60940018664633,1
84.33,87.44,68.08,76.45,56.2,40.7,66.89,14.2,6,5.6,0,77.75999999999999,-19.36,2.491228070175439,0,65.96,16.187124513019597,78.21653029764022,2
50.17,43.78,90.3,96.16,52.51,72.4,78.33,25.6,8,6.1,1,67.03999999999999,46.52,4.129032258064517,1,72.24666666666666,20.662468068134228,144.00372068301107,1
97.61,58.46,95.58,54.63,93.39,21.7,95.42,23.3,2,7.8,0,77.02,37.12,2.949367088607595,0,69.86333333333333,30.16551452680141,71.57395075641156,1
87.22,43.21,54.96,56.81,96.59,47.0,68.86,22.6,6,6.1,0,49.085,11.75,3.645161290322581,1,61.238333333333344,19.465912171451578,70.21134296415197,2
82.21,47.34,42.83,82.17,59.75,81.0,59.23,28.6,3,5.9,0,45.085,-4.510000000000005,4.766666666666667,2,62.05333333333334,16.51031031406335,75.48149049182989,2
76.62,90.77,63.86,78.45,89.72,92.0,69.85,29.3,2,8.8,1,77.315,-26.91,3.292134831460674,0,80.77499999999999,11.973238074973704,105.42286609240406,1
59.54,90.62,60.41,52.32,64.5,91.4,63.02,16.8,10,6.1,1,75.515,-30.210000000000008,2.709677419354839,0,70.37833333333333,16.527591980281542,118.20344866196392,2
94.77,74.71,48.11,61.55,75.66,97.2,51.25,18.2,1,4.0,1,61.41,-26.599999999999994,4.439024390243903,1,68.08,18.297969286235016,71.83707924448665,2
56.04,46.47,55.53,72.23,57.81,53.0,66.46,11.2,2,5.7,0,51.0,9.060000000000002,1.9310344827586208,1,58.583333333333336,9.339172697121874,104.53842493457054,2
98.46,94.09,42.6,87.67,61.99,16.1,83.6,24.6,7,8.2,1,68.345,-51.49,2.9638554216867474,1,64.34166666666668,30.34978314035648,65.34802627124384,2
81.24,73.47,74.36,97.29,86.16,99.4,61.3,15.5,10,5.4,1,73.91499999999999,0.8900000000000006,2.8181818181818183,0,81.99666666666666,14.922936261562826,100.93139668472016,1
60.79,75.71,93.72,55.36,82.29,70.9,52.91,24.9,9,8.3,1,84.715,18.010000000000005,2.964285714285714,0,71.815,15.708144066056946,118.13620661292975,1
95.94,63.14,96.5,81.62,70.01,59.5,74.4,12.7,1,7.1,1,79.82,33.36,1.763888888888889,0,74.195,13.478545544679514,77.334792578695,1
93.97,93.25,45.75,82.86,96.43,78.5,77.65,13.7,7,6.4,0,69.5,-47.5,2.107692307692308,1,79.07333333333334,18.05197902354937,84.14742293639814,1
63.27,80.15,81.53,64.34,70.48,11.1,61.48,24.5,3,4.8,0,80.84,1.3799999999999957,5.000000000000001,0,61.51333333333334,25.991878475144244,97.22353932880247,2
55.25,81.04,61.75,65.91,80.61,45.2,83.14,23.7,5,6.1,0,71.39500000000001,-19.290000000000006,3.8225806451612905,0,69.60833333333333,14.872951847789553,125.98793363499246,1
87.32,53.96,57.7,77.2,62.36,46.6,61.48,15.7,10,8.0,0,55.83,3.740000000000002,1.938271604938272,0,59.88333333333335,10.24548616058148,68.57917239273173,2
81.94,53.63,92.36,80.73,85.36,19.6,98.37,8.7,7,7.9,1,72.995,38.73,1.0875,0,71.67500000000001,29.823454360620264,87.47254088357336,0
94.59,75.06,59.33,70.44,78.97,59.6,82.71,25.7,5,5.4,1,67.195,-15.730000000000004,4.672727272727273,0,71.01833333333333,9.834521679607333,75.08017056066532,1
61.24,62.08,72.04,87.19,92.61,29.5,91.52,5.7,5,5.7,0,67.06,9.960000000000008,0.9827586206896552,0,72.49,24.24770504604508,118.37034617896798,1
65.5,65.02,79.22,78.83,64.52,35.2,57.43,18.3,8,5.3,0,72.12,14.200000000000005,3.3888888888888893,0,63.37,16.267216110939202,96.74809160305342,2
59.99,76.95,61.97,75.1,65.79,75.6,71.39,5.5,4,4.4,1,69.46000000000001,-14.980000000000004,1.2222222222222223,0,71.13333333333333,6.034947113825162,118.57531810857364,1
81.69,72.65,62.88,78.1,75.05,80.39999999999999,92.12,28.4,4,4.4,0,67.765,-9.770000000000003,6.311111111111111,0,76.86666666666666,9.626807709031414,94.09556453258251,1
63.33,58.62,68.75,56.22,92.81,22.8,71.78,29.0,4,6.2,0,63.685,10.130000000000004,4.603174603174604,0,61.830000000000005,23.11608271312421,97.63145428706775,2
71.2,72.21,56.1,55.9,89.28,95.2,59.72,8.8,3,5.7,1,64.155,-16.109999999999992,1.517241379310345,0,71.40166666666666,17.306373873999913,100.28323970037452,2
74.69,86.95,70.59,98.96,65.01,89.1,73.25,29.9,8,5.7,1,78.77000000000001,-16.36,5.155172413793103,0,80.64333333333333,13.014772632154068,107.97072343464096,1
77.28,50.0,98.05,88.04,97.34,44.3,91.77,19.0,8,6.6,0,74.025,48.05,2.8358208955223883,0,78.25000000000001,24.436724821464928,101.25517598343689,0
74.28,40.3,77.08,69.92,79.32,10.7,57.84,24.3,2,4.7,0,58.69,36.78,5.0625,1,55.85999999999999,26.39622397237908,75.20193861066235,2
95.81,60.27,75.93,78.31,65.38,3.0,89.27,29.0,1,6.9,0,68.10000000000001,15.660000000000004,4.142857142857143,0,62.02666666666666,30.656571671774824,64.73924085864384,1
79.13,91.48,49.37,81.78,63.02,94.9,80.06,13.3,4,9.0,0,70.425,-42.11000000000001,1.4615384615384617,1,76.76833333333333,17.44034221759042,97.0154597919036,1
79.5,51.2,72.43,85.53,78.67,70.6,68.24,14.8,9,7.8,1,61.815000000000005,21.230000000000004,1.873417721518988,0,71.11166666666668,11.590836754379154,89.44863731656186,1
52.75,89.77,52.03,91.0,55.69,31.6,59.09,21.5,9,5.4,0,70.9,-37.74,3.909090909090909,0,63.19666666666668,23.131908409525284,119.80410742496052,2
87.68,40.35,65.84,84.19,77.73,40.2,70.85,26.0,10,5.7,0,53.095,25.49,4.482758620689656,1,63.19333333333333,18.80593168834415,72.07268856447688,2
80.24,98.54,60.87,52.75,68.47,0.2,91.14,25.4,10,7.6,1,79.705,-37.67000000000001,3.2987012987012987,0,61.995,35.02071201446367,77.26196410767696,1
93.51,88.33,63.19,98.43,76.27,1.7999999999999998,58.24,7.1,8,6.5,1,75.75999999999999,-25.14,1.0757575757575757,0,64.37666666666667,34.146007477693004,68.84468684276192,2
56.56,98.5,63.56,89.78,88.38,65.0,82.93,16.9,7,6.2,1,81.03,-34.94,2.6825396825396823,0,81.35833333333333,14.148575075486104,143.8442951438001,0
51.58,90.57,76.52,84.96,94.85,16.1,67.6,21.6,9,8.9,0,83.54499999999999,-14.049999999999995,2.4000000000000004,0,71.76666666666667,28.98000253048068,139.1366162595321,1
79.33,47.49,42.91,75.88,59.38,82.69999999999999,96.12,8.0,4,4.1,0,45.2,-4.580000000000005,1.904761904761905,2,67.41333333333334,20.93478604301144,84.97836043531241,2
75.05,90.11,56.81,67.34,67.59,84.80000000000001,63.16,14.3,4,8.8,0,73.46000000000001,-33.3,1.6067415730337078,0,71.635,12.969642631930922,95.44970019986675,2
89.13,51.97,50.25,55.06,63.53,97.6,89.73,7.8,8,8.4,1,51.11,-1.7199999999999989,0.9176470588235294,0,68.02333333333333,20.531914344908675,76.3192340775646,2
76.36,48.38,86.8,70.95,62.52,70.5,80.15,27.1,1,5.4,1,67.59,38.42,4.927272727272728,1,69.88333333333333,13.488573930058976,91.51824690064606,1
69.88,54.65,94.03,93.83,54.91,77.1,79.98,11.6,7,8.0,0,74.34,39.38,1.432098765432099,0,75.75,17.665083073679558,108.4001144819691,1
94.63,99.42,69.85,52.32,87.89,4.699999999999999,57.07,10.6,7,7.1,0,84.63499999999999,-29.570000000000007,1.4722222222222223,0,61.87499999999999,33.26672376414606,65.3862411497411,2
57.84,65.2,59.14,89.3,84.76,95.3,71.08,25.8,6,8.2,1,62.17,-6.060000000000002,3.1084337349397595,0,77.46333333333332,14.410937050263826,133.92692485016136,1
80.47,41.32,51.28,90.81,81.97,47.400000000000006,79.05,29.1,6,8.9,0,46.3,9.96,3.2333333333333334,1,65.30499999999999,21.022474402410385,81.15446750341742,2
67.45,79.88,46.4,77.93,79.17,62.400000000000006,59.95,26.1,9,6.0,0,63.14,-33.48,4.278688524590164,1,67.62166666666666,13.611553058584708,100.25450951321966,2
74.38,53.13,46.21,66.02,97.09,83.0,57.47,20.9,5,8.0,1,49.67,-6.920000000000002,2.580246913580247,1,67.15333333333335,19.378593000181063,90.28412655731832,2
79.37,68.63,40.44,57.11,58.32,49.900000000000006,60.56,27.9,8,4.3,1,54.535,-28.19,6.340909090909092,1,55.82666666666666,9.654722505938048,70.33723909117633,2
59.66,85.06,60.95,69.53,65.56,45.5,64.36,23.0,5,6.8,1,73.005,-24.11,3.333333333333333,0,65.16000000000001,12.807393177380009,109.21890714046263,2
74.08,84.71,90.41,52.12,68.44,63.1,72.44,29.9,3,5.2,0,87.56,5.700000000000003,5.6415094339622645,0,71.87,14.054624861589154,97.01673866090714,1
63.58,63.22,53.65,81.96,77.85,73.2,77.68,7.1,9,8.5,1,58.435,-9.57,0.8255813953488372,0,71.25999999999999,10.748505012326133,112.07927021075808,2
64.42,47.15,78.52,80.43,81.33,84.7,98.48,17.6,2,8.4,0,62.835,31.37,2.070588235294118,1,78.435,16.9243714802057,121.75566594225396,0
63.0,61.56,41.71,51.82,93.72,95.0,89.8,5.7,4,7.3,1,51.635000000000005,-19.85,0.7702702702702704,1,72.26833333333333,23.455815838863217,114.7116402116402,2
88.16,50.51,65.35,52.45,58.43,89.5,56.03,17.4,2,4.6,1,57.92999999999999,14.839999999999996,3.702127659574468,0,62.045,14.415746598771774,70.377722323049,2
95.48,82.14,67.36,66.2,81.07,29.0,64.51,27.9,8,5.0,1,74.75,-14.78,5.470588235294118,0,65.04666666666667,19.26271597326469,68.12596006144392,2
92.07,44.7,56.65,75.52,65.5,72.5,89.47,15.6,5,6.0,1,50.675,11.949999999999996,2.557377049180328,1,67.39,15.578775304881958,73.19430867817965,2
70.5,70.04,96.14,80.89,95.27,65.5,55.33,27.3,6,7.3,0,83.09,26.099999999999994,3.6891891891891895,0,77.195,16.524629799181582,109.4964539007092,1
69.53,59.16,94.26,74.73,84.29,13.3,80.91,23.2,2,7.3,0,76.71000000000001,35.10000000000001,3.135135135135135,0,67.77500000000002,29.109601680545204,97.47590967927516,1
85.24,51.18,63.99,72.16,78.74,74.7,54.53,24.4,2,6.2,0,57.585,12.810000000000002,3.873015873015873,0,65.88333333333333,11.234722367137811,77.29156890348818,2
94.26,50.37,75.12,66.52,69.62,73.8,57.25,24.5,9,8.5,0,62.745000000000005,24.750000000000007,2.8488372093023258,0,65.44666666666667,9.761265628322318,69.43206733149445,2
61.69,67.85,48.42,93.58,81.07,30.0,99.29,5.7,7,6.6,0,58.135,-19.429999999999996,0.8507462686567165,1,70.035,26.8580600565268,113.52731398930132,1
64.81,51.41,90.47,82.06,57.85,93.3,55.14,19.1,8,4.9,1,70.94,39.06,3.82,0,71.705,18.994433658311586,110.63879031013732,2
78.27,75.12,63.02,97.21,63.85,60.6,86.03,18.6,9,5.1,0,69.07000000000001,-12.1,3.576923076923077,0,74.305,14.746281904263189,94.93420212086367,1
89.24,89.89,46.27,65.65,85.42,97.1,92.8,21.0,3,5.4,1,68.08,-43.62,3.8181818181818175,1,79.52166666666668,19.62498959660021,89.10989093082325,1
81.67,86.49,84.08,75.73,51.37,94.3,51.35,10.4,7,8.9,1,85.285,-2.4099999999999966,1.1555555555555557,0,73.88666666666667,18.42689194266539,90.46977674380638,1
94.6,72.86,47.36,71.46,97.53,18.9,58.04,22.6,7,7.7,0,60.11,-25.5,2.897435897435898,1,61.025000000000006,26.6523152840424,64.50845665961945,2
86.35,44.52,57.75,84.44,87.33,77.0,85.98,15.2,3,5.8,0,51.135000000000005,13.229999999999997,2.576271186440678,1,72.83666666666667,17.68737252015309,84.35051148426946,1
66.09,60.38,66.66,51.59,97.07,8.100000000000001,53.11,27.2,10,8.4,0,63.52,6.279999999999994,3.2,0,56.15166666666667,28.78067783542748,84.96242497604277,2
60.41,70.19,59.3,66.77,85.97,66.6,50.89,12.9,1,4.3,0,64.745,-10.89,2.931818181818182,0,66.62,11.73205523341925,110.27975500744913,2
55.71,45.14,93.01,90.54,64.87,81.0,64.25,11.6,5,4.3,1,69.075,47.870000000000005,2.6363636363636367,1,73.135,18.389025803451364,131.27804702925866,1
60.03,98.8,53.93,92.42,77.97,60.5,70.53,19.5,9,8.9,0,76.365,-44.87,2.1666666666666665,0,75.69166666666666,17.606945693863736,126.0897329113221,1
97.55,95.48,96.2,82.97,62.97,12.4,59.72,12.2,9,6.5,1,95.84,0.7199999999999989,1.8484848484848484,0,68.29,31.49351044262929,70.00512557662738,1
91.57,99.3,84.71,83.92,83.79,17.3,52.3,10.3,2,6.8,0,92.005,-14.590000000000003,1.492753623188406,0,70.22000000000001,30.163203410778504,76.68450365840343,1
70.99,76.23,86.26,57.09,79.43,73.2,71.81,20.3,6,6.8,1,81.245,10.03,2.9420289855072466,0,74.00333333333333,9.758581181025583,104.24472930459687,1
95.63,71.33,79.01,99.49,65.07,56.2,54.68,20.1,9,4.2,0,75.17,7.680000000000007,4.674418604651163,0,70.96333333333332,16.712201131708134,74.20614172679424,1
98.96,64.5,41.53,89.24,70.34,61.2,74.93,19.5,5,5.2,1,53.015,-22.97,3.679245283018868,1,66.95666666666666,15.857223800737207,67.66033414174078,2
87.32,82.83,78.47,61.5,91.93,19.6,82.95,20.8,10,8.7,1,80.65,-4.359999999999999,2.363636363636364,0,69.54666666666667,26.442973105660165,79.64574744235762,1
97.06,92.76,66.7,81.41,64.96,94.4,94.35,24.5,10,8.3,1,79.73,-26.06,2.9166666666666665,0,82.43,13.753184358540391,84.92684937152278,0
55.74,87.06,45.18,65.75,53.15,72.2,76.03,15.4,5,5.3,0,66.12,-41.88,2.851851851851852,1,66.56166666666667,15.357923579269,119.41454371486664,2
79.99,41.16,48.2,81.12,64.06,26.6,60.52,12.8,3,5.9,0,44.68,7.040000000000006,2.1333333333333333,2,53.61000000000001,19.11837545399713,67.02087760970123,2
73.47,57.05,51.14,51.91,94.39,39.7,67.32,25.5,4,7.1,1,54.095,-5.909999999999997,3.541666666666667,0,60.251666666666665,18.97690535010033,82.00852955854997,2
59.41,53.13,61.77,67.66,83.98,64.3,87.43,13.3,6,4.5,1,57.45,8.64,2.891304347826088,0,69.71166666666667,13.334480742296144,117.3399539920328,1
51.43,94.38,71.96,59.98,61.79,92.6,52.34,22.7,2,6.2,0,83.16999999999999,-22.42,3.6031746031746033,0,72.175,17.665120152435982,140.33637954501265,2
71.47,42.03,56.94,75.97,68.4,27.9,81.58,18.9,1,4.6,0,49.485,14.909999999999997,4.021276595744681,1,58.803333333333335,20.71424501802242,82.27694603796465,2
79.64,77.9,67.38,96.22,86.06,6.1,58.84,19.1,5,7.4,1,72.64,-10.52000000000001,2.546666666666667,0,65.41666666666667,31.926165862293374,82.14046542775826,2
71.63,81.59,81.15,90.55,61.42,46.8,93.44,23.6,2,5.9,1,81.37,-0.4399999999999977,3.9333333333333336,0,75.825,18.103366261554783,105.85648471310904,0
82.96,41.38,83.29,73.89,79.99,8.9,84.31,27.1,5,8.0,1,62.33500000000001,41.91,3.345679012345679,1,61.96,30.53128624869905,74.68659594985536,1
69.54,54.54,86.06,70.93,98.97,24.6,94.65,9.3,8,4.9,1,70.3,31.520000000000003,1.86,0,71.625,28.24889289866065,102.99827437446072,1
68.71,59.89,96.8,91.09,66.81,86.6,69.39,8.0,6,8.0,1,78.345,36.91,0.9876543209876544,0,78.43,14.999726664176247,114.1464124581575,1
79.56,80.82,46.67,50.36,82.88,96.7,61.48,8.0,9,4.6,0,63.745,-34.14999999999999,1.7021276595744683,1,69.81833333333334,19.991336540278308,87.75557231439586,2
65.36,40.2,55.9,79.82,68.88,89.2,54.53,5.5,5,7.9,0,48.05,15.699999999999996,0.6875,1,64.755,18.04127240523794,99.07435740514076,2
89.62,67.59,69.22,64.09,60.53,94.0,53.75,28.8,3,6.6,0,68.405,1.6299999999999957,4.298507462686568,0,68.19666666666667,13.795477036574946,76.09536561779366,2
93.39,80.08,87.61,51.41,83.73,81.1,56.23,27.2,8,8.4,1,83.845,7.530000000000001,3.2,0,73.36,15.433112453422996,78.55230752757255,1
62.82,94.63,47.4,86.97,52.51,85.3,85.52,18.6,9,5.7,0,71.015,-47.23,3.2068965517241383,1,75.38833333333334,20.06007718496284,120.00689801549402,1
85.35,57.44,50.16,89.79,70.68,51.6,79.27,14.3,1,4.8,0,53.8,-7.280000000000001,2.918367346938776,0,66.49,16.087622571405635,77.90275336848272,2
88.99,48.72,62.81,52.02,91.5,74.0,62.26,7.9,1,8.4,1,55.765,14.090000000000003,0.9294117647058824,1,65.21833333333333,15.676648132386802,73.28726074090723,2
76.41,90.79,44.44,80.58,96.8,79.0,63.88,26.4,7,6.4,0,67.61500000000001,-46.35000000000001,4.061538461538461,1,75.915,19.101021700422205,99.35217903415784,2
73.68,65.34,75.69,87.27,80.84,90.6,57.24,23.7,4,7.7,1,70.515,10.349999999999994,3.0384615384615383,0,76.16333333333334,12.877171532082135,103.3704306912776,1
76.97,48.73,78.08,94.69,95.8,80.3,83.27,27.4,4,4.1,0,63.405,29.35,6.523809523809525,1,80.145,17.07391079981385,104.12498375990646,1
65.17,60.51,76.47,78.48,92.45,6.7,54.22,15.3,7,8.0,0,68.49,15.96,1.888888888888889,0,61.47166666666666,30.090986967307444,94.32509846043678,2
75.81,57.39,43.42,69.19,55.44,25.7,50.48,23.0,3,8.7,0,50.405,-13.97,2.613636363636364,1,50.27,14.737986293927676,66.31051312491756,2
86.12,90.23,52.84,73.63,63.72,90.2,56.41,6.2,4,8.2,1,71.535,-37.39,0.746987951807229,0,71.17166666666667,16.375744766778293,82.64243690973834,2
59.26,84.96,48.06,62.31,58.56,26.5,95.75,7.5,5,6.1,1,66.50999999999999,-36.89999999999999,1.2096774193548387,1,62.69,25.019475614009178,105.78805264934188,1
71.6,55.16,60.53,81.51,64.76,7.4,85.18,28.2,6,7.7,0,57.845,5.3700000000000045,3.615384615384616,0,59.09,27.945904887836434,82.52793296089385,2
94.71,48.46,85.55,93.95,79.84,6.6000000000000005,83.97,24.3,1,5.5,0,67.005,37.09,4.339285714285714,1,66.395,33.20526148067501,70.10347376201035,1
73.73,54.16,49.16,83.02,56.68,36.8,86.07,29.0,4,4.0,0,51.66,-5.0,7.073170731707318,1,60.98166666666666,19.51746337684963,82.70943532709434,2
82.14,85.73,76.68,77.05,62.21,38.7,83.3,9.0,8,4.2,0,81.20500000000001,-9.049999999999995,2.0930232558139537,0,70.61166666666666,17.64526612626363,85.96501907312718,1
85.03,48.79,69.06,84.51,56.16,18.6,74.57,23.6,3,6.5,0,58.925,20.270000000000003,3.575757575757576,1,58.615,23.400721997408542,68.93449370810302,2
79.14,65.01,43.68,69.47,83.14,15.7,60.93,10.8,7,7.1,1,54.345,-21.330000000000005,1.5000000000000002,1,56.321666666666665,23.65906626785315,71.16712998062505,2
63.4,84.38,49.88,54.92,92.29,33.3,57.93,9.0,2,8.9,0,67.13,-34.49999999999999,1.0,1,62.116666666666674,22.16096808956384,97.9758149316509,2
65.54,41.3,93.71,54.51,62.63,25.0,65.51,20.2,6,7.9,1,67.505,52.41,2.525,1,57.10999999999999,23.35961729138558,87.1376258773268,2
81.19,89.81,87.14,85.47,85.92,18.6,65.53,11.9,1,8.0,0,88.475,-2.6700000000000017,1.469135802469136,0,72.07833333333333,27.622480277242783,88.7773535328653,1
91.56,53.24,48.34,83.21,92.04,44.900000000000006,59.75,10.4,9,5.1,1,50.790000000000006,-4.899999999999999,2.0000000000000004,1,63.580000000000005,19.483803530111874,69.44080384447358,2
85.11,94.86,88.19,70.83,60.15,37.9,58.12,17.4,5,6.6,0,91.525,-6.670000000000002,2.5970149253731343,0,68.34166666666665,20.98404671808245,80.2980456663925,1
90.17,67.18,92.09,69.58,55.86,33.5,95.03,10.1,1,5.5,1,79.635,24.91,1.8035714285714288,0,68.87333333333333,23.009437773806354,76.38164947691398,1
54.12,99.38,88.15,57.99,91.87,97.2,72.78,9.2,10,4.7,1,93.765,-11.22999999999999,1.9166666666666663,0,84.56166666666667,16.06523876780755,156.24846021187486,0
99.34,84.45,67.43,99.93,73.61,8.4,65.34,22.3,5,9.0,0,75.94,-17.019999999999996,2.4505494505494507,0,66.52666666666666,31.202999001164404,66.96865982148847,1
65.13,52.22,48.58,79.13,59.67,58.5,96.98,5.5,5,5.7,0,50.4,-3.640000000000001,0.9482758620689656,1,65.84666666666668,18.556292373927143,101.10036337581248,2
75.71,56.94,62.46,50.52,82.61,84.60000000000001,57.59,25.4,6,5.4,0,59.7,5.520000000000003,4.618181818181818,0,65.78666666666668,14.328661719318616,86.89296878439663,2
99.51,96.07,40.66,77.02,77.16,10.7,95.15,28.4,8,4.3,0,68.365,-55.41,6.454545454545455,1,66.12666666666667,33.763953362523566,66.45228285264461,1
69.19,54.47,82.43,87.98,85.21,79.2,50.41,12.8,9,8.5,0,68.45,27.960000000000008,1.488372093023256,0,73.28333333333332,16.456225164559054,105.91607650431176,2
80.49,87.11,74.55,73.05,79.24,83.10000000000001,63.82,23.8,2,8.5,0,80.83,-12.560000000000002,2.7674418604651163,0,76.81166666666667,8.24068302185363,95.43007412929144,1
71.49,51.46,79.27,95.41,75.44,56.3,50.07,23.7,4,7.5,1,65.365,27.809999999999995,3.118421052631579,0,67.99166666666666,18.25168859767957,95.10654170746491,2
64.0,66.29,80.36,87.08,73.85,9.1,97.46,6.0,9,6.2,0,73.325,14.069999999999991,0.9523809523809524,0,69.02333333333334,31.256298351958865,107.84895833333334,0
51.11,97.83,65.81,87.96,50.06,60.0,84.23,7.9,9,7.4,0,81.82,-32.02,1.0533333333333337,0,74.315,18.45539352059446,145.4020739581295,1
69.57,89.53,48.7,51.25,68.36,47.9,52.65,9.6,3,5.7,1,69.11500000000001,-40.83,1.6551724137931034,1,59.73166666666666,16.408311816474804,85.85836807052848,2
65.71,72.69,95.06,64.91,84.67,40.8,67.21,11.1,3,6.3,1,83.875,22.370000000000005,1.734375,0,70.89,18.611975714576893,107.88312281235734,1
69.09,42.41,53.18,65.74,96.44,68.8,60.47,14.5,7,5.4,1,47.795,10.770000000000003,2.636363636363636,1,64.50666666666666,18.28957262121416,93.36614078255414,2
74.75,90.72,69.02,75.64,78.47,36.7,53.95,27.0,1,6.8,1,79.87,-21.700000000000003,3.91304347826087,0,67.41666666666667,19.28875389097664,90.18952062430324,2
96.13,68.31,59.88,86.49,78.99,63.2,59.35,7.0,10,5.3,1,64.095,-8.43,1.2962962962962965,0,69.37,11.093167266385192,72.16269634869448,2
92.6,58.12,73.04,59.92,53.07,42.1,91.49,29.2,2,4.3,1,65.58,14.920000000000009,6.636363636363637,0,62.95666666666667,17.21154341326386,67.98776097912167,1
85.53,88.28,47.22,93.3,50.35,60.2,60.0,10.1,8,6.0,0,67.75,-41.06,1.6557377049180328,1,66.55833333333334,19.52981763014357,77.81869909193655,2
90.78,73.11,84.98,59.17,64.67,84.7,79.04,8.3,7,4.5,1,79.045,11.870000000000005,1.8043478260869568,0,74.27833333333334,10.656050706836313,81.82235440992876,1
96.7,92.71,92.23,61.36,76.32,9.6,97.93,23.0,10,4.9,0,92.47,-0.4799999999999897,4.6,0,71.69166666666668,33.27336317035996,74.13822819717339,0
79.69,40.59,40.19,54.41,62.74,68.2,93.35,6.3,4,5.5,0,40.39,-0.4000000000000057,1.125,2,59.91333333333333,19.93668645153117,75.18300079474632,2
83.38,43.71,71.26,80.57,92.57,12.9,82.93,20.4,5,7.6,0,57.485,27.550000000000004,2.6493506493506493,1,63.99,30.082406153763696,76.74502278723915,1
62.71,48.93,77.88,51.0,96.55,56.2,69.85,15.3,4,5.0,1,63.405,28.95,3.0000000000000004,1,66.735,18.430642690910155,106.4184340615532,2
53.92,98.4,63.24,66.18,62.98,55.8,53.13,10.5,1,5.5,1,80.82000000000001,-35.160000000000004,1.875,0,66.62166666666667,16.333330850339948,123.5565034619189,2
50.22,86.35,43.63,68.91,95.83,92.4,70.38,16.7,8,7.3,1,64.99,-42.71999999999999,2.256756756756757,1,76.25,19.48643528201092,151.83193946634808,2
85.7,93.52,58.26,60.39,99.07,77.2,95.17,14.9,8,6.4,1,75.89,-35.26,2.292307692307692,0,80.60166666666667,18.10763310503796,94.05095293660057,1
51.75,51.48,52.61,95.79,81.18,38.8,73.05,29.8,2,8.1,1,52.045,1.1300000000000026,3.634146341463415,0,65.485,21.428719747105752,126.54106280193236,2
83.0,57.37,82.77,57.67,96.05,53.4,92.19,27.3,1,7.1,0,70.07,25.4,3.791666666666667,0,73.24166666666666,19.277587418208395,88.2429718875502,1
87.56,85.76,60.77,81.93,74.53,63.9,65.09,10.8,7,6.5,1,73.265,-24.99,1.6363636363636365,0,71.99666666666667,10.332611802766362,82.22552154712959,1
67.27,67.37,67.14,87.68,54.89,27.0,57.3,7.9,8,6.5,0,67.255,-0.2300000000000039,1.196969696969697,0,60.23,19.96779206622505,89.53471086665675,2
84.03,51.41,95.8,89.7,92.64,32.1,85.95,23.4,8,8.2,1,73.60499999999999,44.39,2.819277108433735,0,74.6,26.365660242064862,88.77781744615017,0
95.11,66.1,93.56,57.28,65.68,63.1,67.37,7.9,1,8.6,0,79.83,27.460000000000008,0.9080459770114944,0,68.84833333333334,12.6278524170449,72.38811201065434,1
93.12,51.5,68.29,81.18,92.3,46.4,98.05,29.4,2,4.9,0,59.895,16.790000000000006,5.88,0,72.95333333333333,21.25505085071938,78.34335624284077,1
77.35,68.94,84.15,51.06,69.36,74.80000000000001,79.04,15.7,7,4.6,0,76.545,15.210000000000008,3.340425531914894,0,71.22500000000001,11.456327072844946,92.08144796380093,1
83.52,75.83,63.38,74.07,95.81,85.7,64.77,13.7,8,5.7,0,69.605,-12.449999999999996,2.362068965517241,0,76.59333333333333,12.438206730339656,91.7065772669221,1
75.58,43.79,41.37,87.13,67.71,25.8,96.47,14.2,2,8.3,0,42.58,-2.4200000000000017,1.6904761904761902,2,60.37833333333333,27.94338591986781,79.88665431772073,2
75.96,43.8,85.66,66.51,61.89,40.5,64.34,24.9,6,4.4,0,64.72999999999999,41.86,5.533333333333333,1,60.44999999999999,16.520886174778884,79.58135860979462,2
97.82,58.95,40.98,70.33,74.99,71.2,89.43,13.5,8,7.3,1,49.965,-17.970000000000006,1.8243243243243248,1,67.64666666666666,16.340181965531066,69.15422885572139,2
92.78,62.3,99.88,86.41,72.33,39.8,90.76,16.4,9,8.5,1,81.09,37.58,1.9069767441860463,0,75.24666666666667,21.930225413038208,81.102249047927,0
52.58,54.85,53.46,76.89,94.32,78.8,58.0,6.6,2,8.1,0,54.155,-1.3900000000000006,0.8048780487804879,0,69.38666666666667,16.499766867039867,131.96399137821734,2
56.38,94.53,73.52,71.86,81.53,45.0,78.4,25.2,9,8.8,1,84.025,-21.010000000000005,2.831460674157303,0,74.14,16.39044965826136,131.50053210358283,1
88.91,79.43,60.47,72.28,82.97,45.4,79.12,15.7,9,8.6,1,69.95,-18.960000000000008,1.8045977011494252,0,69.945,14.432472761103693,78.66944100776065,1
92.95,77.36,72.29,61.0,93.89,85.8,67.97,24.3,8,6.7,1,74.825,-5.069999999999993,3.573529411764706,0,76.385,12.002477660883187,82.1785906401291,1
81.72,46.07,47.28,68.58,98.23,29.4,61.99,10.4,6,7.3,0,46.675,1.2100000000000009,1.4054054054054057,2,58.59166666666667,23.746209311523103,71.69807472670908,2
58.02,54.09,73.76,51.3,61.24,78.8,70.32,7.7,8,4.3,0,63.925,19.67,1.7500000000000002,0,64.91833333333334,11.102213142732698,111.88957830633116,2
56.81,61.62,89.59,88.06,56.27,34.8,68.59,12.9,4,7.8,1,75.605,27.97000000000001,1.6329113924050636,0,66.48833333333334,20.6673959817551,117.0363198967318,1
59.58,64.49,70.73,61.43,72.25,2.5,55.71,25.1,5,5.9,1,67.61,6.240000000000009,4.183333333333334,0,54.51833333333333,26.198330035837525,91.50441982768264,2
68.14,75.44,58.91,81.41,71.03,46.4,92.24,9.8,5,7.4,0,67.175,-16.53,1.3066666666666669,0,70.90499999999999,16.31253597697182,104.05782213090694,1
79.22,85.79,59.77,89.64,64.13,82.8,75.42,10.9,9,7.2,0,72.78,-26.020000000000003,1.493150684931507,0,76.25833333333334,12.102722696429373,96.26146595977448,1
51.78,84.05,81.68,93.04,65.69,31.1,62.0,11.2,1,7.7,0,82.86500000000001,-2.3699999999999903,1.435897435897436,0,69.59333333333335,22.17863987413716,134.40195699755378,1
97.71,75.38,42.92,99.69,54.22,21.8,65.85,14.1,4,8.6,1,59.15,-32.459999999999994,1.620689655172414,1,59.97666666666667,26.94599982681412,61.38232183672773,2
99.28,73.74,59.82,97.83,79.5,49.6,71.38,28.2,1,6.7,0,66.78,-13.919999999999996,4.147058823529412,0,71.97833333333334,16.594941900069028,72.50033575073866,1
76.97,49.87,49.84,67.56,72.69,22.0,97.51,10.0,3,4.6,0,49.855,-0.029999999999994,2.127659574468085,2,59.91166666666667,25.59291106276632,77.83768567840285,2
55.67,93.38,81.45,92.68,78.44,79.6,66.53,24.8,2,7.4,0,87.41499999999999,-11.929999999999993,3.306666666666666,0,82.01333333333332,10.01621418833816,147.3205197293575,0
92.54,43.35,71.71,62.93,91.83,2.5,70.85,10.9,4,5.3,0,57.53,28.359999999999992,2.0185185185185186,1,57.19499999999999,31.025295324944125,61.80570564080397,2
92.15,69.69,90.26,91.35,85.28,37.6,79.24,5.9,9,6.7,0,79.975,20.570000000000007,0.8676470588235294,0,75.57000000000001,20.242790321494716,82.00759631036354,0
56.7,75.88,80.49,58.71,87.92,99.1,68.55,7.2,10,8.9,1,78.185,4.609999999999999,0.8,0,78.44166666666668,14.244627642261015,138.3450911228689,1
71.96,47.46,86.1,56.84,63.17,66.7,77.85,23.8,5,8.8,1,66.78,38.63999999999999,2.6741573033707864,1,66.35333333333334,13.998710893031063,92.20863442653328,1
99.38,78.32,66.68,68.47,93.32,19.3,64.01,19.4,2,6.0,1,72.5,-11.639999999999986,3.180327868852459,0,65.01666666666667,24.83455871697073,65.42228483262897,2
88.05,63.19,60.36,72.1,61.31,37.400000000000006,86.36,20.3,8,8.5,0,61.775,-2.8299999999999983,2.36046511627907,0,63.45333333333334,16.07786262743486,72.06511451826614,2
65.63,95.34,44.9,52.62,97.61,82.2,62.99,23.1,7,5.4,0,70.12,-50.440000000000005,4.2,1,72.61,22.33208275105571,110.6353801615115,2
55.9,58.97,56.39,82.1,53.21,99.6,56.77,10.4,1,4.3,1,57.68,-2.5799999999999983,2.363636363636364,0,67.83999999999999,18.753167199169315,121.35957066189624,2
64.5,75.84,76.2,65.83,99.49,46.1,63.11,21.7,6,6.0,0,76.02000000000001,0.3599999999999994,3.557377049180328,0,71.09500000000001,17.72615327700852,110.2248062015504,1
71.22,43.59,94.8,83.36,88.79,20.3,74.79,29.7,6,7.9,0,69.195,51.21,3.7125,1,67.605,29.33496122376848,94.92417860151645,1
98.36,46.22,97.45,80.23,77.23,64.80000000000001,68.64,17.8,2,9.0,1,71.83500000000001,51.23,1.956043956043956,1,72.42833333333334,17.14307722279366,73.63596312864308,1
82.79,93.72,82.47,87.56,92.09,23.8,79.61,21.3,9,7.2,1,88.095,-11.25,2.9178082191780823,0,76.54166666666667,26.398835896051683,92.45279220517776,0
61.73,48.02,70.38,70.3,99.95,16.9,54.18,24.2,3,4.4,1,59.2,22.359999999999992,5.377777777777777,1,59.95499999999999,27.730227370146103,97.1245747610562,2
91.36,75.28,85.18,57.32,56.51,78.0,98.21,28.1,10,7.1,0,80.23,9.900000000000006,3.9027777777777786,0,75.08333333333333,16.160666652915857,82.18403385872737,0
57.54,80.75,87.87,55.44,71.17,78.1,71.71,22.4,6,4.3,0,84.31,7.1200000000000045,5.090909090909091,0,74.17333333333333,11.06612609121488,128.90742671764568,1
57.29,74.81,59.1,88.11,77.42,57.1,74.51,16.6,1,6.5,0,66.955,-15.71,2.515151515151516,0,71.84166666666667,11.759032981783268,125.40001163670216,1
95.65,67.67,90.22,60.93,52.97,34.6,88.05,25.6,1,8.6,0,78.945,22.55,2.9425287356321843,0,65.74,21.244481636415607,68.72974385781494,1
96.38,79.74,43.24,57.48,99.18,92.3,89.77,22.4,9,5.8,1,61.49,-36.49999999999999,3.7966101694915255,1,76.95166666666667,21.988073509670343,79.84194507850869,1
92.46,98.29,72.3,91.62,75.98,32.9,58.31,17.8,8,4.3,0,85.295,-25.99000000000001,4.045454545454546,0,71.56666666666668,23.694464895132505,77.40284086812316,1
64.88,80.87,50.01,63.59,74.52,92.6,79.25,17.2,4,7.1,1,65.44,-30.860000000000007,2.388888888888889,0,73.47333333333334,14.85404815754502,113.24496506370738,1
96.72,62.39,41.93,67.87,83.75,18.6,83.05,13.4,3,8.9,0,52.16,-20.46,1.488888888888889,1,59.598333333333336,25.308223498828728,61.61945133719328,2
80.02,76.82,55.87,61.69,75.86,39.5,65.32,8.5,7,4.7,1,66.345,-20.95,1.7708333333333337,0,62.51,13.893284708808064,78.11797050737316,2
50.32,94.19,76.21,53.48,99.5,10.3,57.33,8.0,4,7.5,0,85.19999999999999,-17.980000000000004,1.0526315789473684,0,65.16833333333334,32.71522423378246,129.50781664016958,2
55.65,77.08,64.48,99.66,65.48,9.4,55.48,21.2,10,6.0,0,70.78,-12.599999999999994,3.475409836065574,0,61.93,29.91047910014148,111.2848158131177,2
88.17,54.09,50.57,55.65,81.4,18.9,59.58,18.6,10,6.3,0,52.33,-3.520000000000003,2.9062500000000004,0,53.365,20.12949353560591,60.52512192355677,2
68.09,52.55,74.44,74.67,76.78,7.9,70.35,6.9,6,8.3,1,63.495,21.89,0.8214285714285714,0,59.44833333333332,26.76004440703839,87.30846428746266,2
93.04,98.31,88.07,55.14,51.65,5.9,99.98,17.8,4,4.3,0,93.19,-10.240000000000007,4.045454545454546,0,66.50833333333333,36.38676430608617,71.48359128690167,0
66.5,67.78,40.67,51.15,51.55,77.6,53.23,18.8,4,6.1,0,54.225,-27.11,3.032258064516129,1,56.99666666666667,13.306954071712529,85.70927318295739,2
76.69,59.31,84.06,52.64,72.28,86.0,69.2,27.5,5,6.4,1,71.685,24.75,4.230769230769231,0,70.58166666666666,13.214671265932674,92.03503281609945,1
86.21,82.64,80.92,54.46,66.88,95.2,87.27,7.6,9,6.5,0,81.78,-1.7199999999999989,1.1515151515151516,0,77.895,14.761766493208054,90.3549472219,1
54.27,56.76,64.86,71.73,78.13,44.900000000000006,64.47,5.2,6,8.6,0,60.81,8.100000000000001,0.5977011494252874,0,63.475,11.627073148475498,116.9614888520361,2
72.34,99.68,82.71,80.69,66.6,17.3,91.92,23.9,6,4.2,1,91.195,-16.970000000000013,5.558139534883721,0,73.14999999999999,29.55173091377221,101.11971246889686,0
57.99,73.64,87.51,95.0,87.87,34.2,84.21,6.7,1,7.3,1,80.575,13.870000000000005,0.9054054054054056,0,77.07166666666666,22.12555031330671,132.90509858021497,0
92.5,82.03,61.03,52.19,84.37,93.5,56.16,19.5,4,8.0,1,71.53,-21.0,2.4074074074074074,0,71.54666666666667,17.19486745126774,77.34774774774775,2
58.13,93.38,76.59,70.84,98.59,12.7,91.15,11.7,4,4.8,1,84.985,-16.789999999999992,2.3877551020408165,0,73.875,31.77629603965824,127.0858420781008,0
81.82,89.81,67.32,87.44,94.85,91.5,73.29,24.7,9,4.1,0,78.565,-22.49000000000001,5.880952380952381,0,84.035,11.06780330508272,102.70716206306528,1
80.69,52.01,91.45,66.18,55.43,81.1,53.17,15.2,10,7.5,1,71.73,39.440000000000005,2.0,0,66.55666666666666,16.406946902658845,82.48440533729912,2
98.64,79.29,54.35,53.19,81.86,57.2,92.66,16.0,8,5.3,1,66.82000000000001,-24.940000000000005,2.9629629629629632,0,69.75833333333333,16.919973305731503,70.72012706136793,1
80.58,68.9,66.18,88.02,55.01,51.6,82.54,28.2,10,5.4,1,67.54,-2.719999999999999,5.127272727272727,0,68.70833333333334,14.498441870306843,85.26722925457105,1
80.4,52.8,64.87,82.61,94.59,70.4,61.38,18.8,10,4.7,1,58.835,12.070000000000007,3.916666666666667,0,71.10833333333333,15.18506557992644,88.44320066334991,2
62.02,87.09,59.29,63.11,88.48,49.8,74.8,12.9,2,8.5,0,73.19,-27.800000000000004,1.5,0,70.42833333333334,15.6571637491171,113.5574545845426,1
51.13,43.05,45.37,93.65,96.03,48.1,87.36,27.7,9,6.8,0,44.21,2.3200000000000003,4.0144927536231885,2,68.92666666666668,25.86074296432078,134.8067018710477,1
67.73,68.4,44.79,60.62,64.33,32.9,77.66,21.3,10,4.8,0,56.595,-23.610000000000007,4.346938775510205,1,58.11666666666665,16.40756735980891,85.80638810965104,2
82.3,54.81,77.49,61.68,65.0,4.9,87.63,23.3,2,6.7,1,66.15,22.679999999999996,3.4264705882352944,0,58.585,28.80302813941617,71.1846901579587,2
80.25,61.77,44.31,79.0,83.9,11.4,68.43,14.0,4,7.8,1,53.040000000000006,-17.46,1.7721518987341771,1,58.135,26.809231805480746,72.4423676012461,2
91.1,50.39,50.02,55.93,78.97,0.2,79.93,26.6,3,5.3,1,50.205,-0.3699999999999974,4.925925925925927,0,52.57333333333333,29.019617272918445,57.70947676545921,2
89.5,63.75,68.04,74.16,51.64,80.7,66.63,20.4,4,8.8,0,65.89500000000001,4.290000000000006,2.292134831460674,0,67.48666666666666,9.85134643927756,75.40409683426442,2
58.26,86.18,54.7,86.09,50.45,82.30000000000001,52.15,5.3,5,4.7,0,70.44,-31.480000000000004,1.1041666666666667,0,68.645,17.865437861972488,117.82526604874698,2
80.1,85.27,55.53,55.28,89.56,72.8,94.9,8.5,4,5.0,1,70.4,-29.739999999999995,1.6666666666666667,0,75.55666666666667,17.230301990001994,94.32792342904705,1
96.62,79.96,50.66,77.49,54.35,36.4,71.42,12.6,5,8.3,0,65.31,-29.3,1.5,0,61.71333333333334,17.281337525396193,63.87221417235907,2
84.99,70.53,73.34,84.76,57.28,99.9,53.66,26.3,2,5.6,0,71.935,2.8100000000000023,4.614035087719299,0,73.24499999999999,17.256407215872027,86.18072714436991,2
50.32,57.41,71.51,53.84,70.37,33.1,90.68,13.5,5,4.2,0,64.46000000000001,14.100000000000009,3.1395348837209305,0,62.818333333333335,19.50325656567812,124.83770535241123,1
66.94,87.34,42.52,62.34,95.87,19.9,63.91,17.8,8,7.7,1,64.93,-44.82,2.2820512820512824,1,61.98,28.088909555196334,92.59037944427844,2
85.97,72.44,78.95,59.66,51.96,25.9,86.85,25.8,7,4.0,1,75.695,6.510000000000005,6.292682926829269,0,62.626666666666665,22.004315637316846,72.84711721143034,1
92.24,96.66,43.48,50.39,56.84,98.5,64.42,13.4,6,6.9,1,70.07,-53.18,1.9142857142857144,1,68.38166666666667,23.662105076824137,74.134504191963,2
84.87,74.51,60.98,76.16,54.87,57.9,97.05,20.7,3,6.9,1,67.745,-13.530000000000008,2.957142857142857,0,70.24499999999999,15.788067329473863,82.76776246023329,1
61.86,77.25,84.21,77.98,69.69,50.4,56.25,28.3,3,7.3,0,80.72999999999999,6.959999999999994,3.824324324324325,0,69.29666666666667,13.330547875712636,112.02176958724,1
98.47,63.08,42.43,57.04,79.19,83.9,99.35,5.1,1,8.2,1,52.755,-20.65,0.6144578313253013,1,70.83166666666666,20.546977798855643,71.9322297823364,1
66.72,86.85,63.53,99.08,79.7,2.8000000000000003,69.17,25.6,10,8.7,1,75.19,-23.319999999999997,2.9090909090909096,0,66.855,33.831058363580645,100.2023381294964,1
89.12,42.88,94.44,90.89,95.96,75.9,56.12,25.7,10,8.4,1,68.66,51.56,3.023529411764706,1,76.03166666666665,22.146331900941668,85.31380909634947,1
67.64,94.08,47.32,63.74,79.96,42.6,67.91,10.2,8,6.2,0,70.7,-46.76,1.619047619047619,1,65.935,19.435023797258392,97.4793021880544,2
51.45,58.62,80.05,65.4,95.93,73.5,98.32,23.0,8,7.0,0,69.335,21.43,3.23943661971831,0,78.63666666666667,16.067060299465695,152.84094590217038,0
52.29,55.03,57.82,84.22,74.06,39.900000000000006,85.9,13.4,5,6.3,0,56.425,2.789999999999999,2.0937500000000004,0,66.15499999999999,18.22778730400374,126.51558615414034,1
98.01,67.4,81.44,84.96,80.81,51.8,53.16,24.2,7,7.0,1,74.42,14.039999999999992,3.408450704225352,0,69.92833333333334,14.785709880376617,71.34816175220216,2
62.17,58.33,41.67,56.75,63.47,62.400000000000006,56.09,13.1,5,4.6,1,50.0,-16.659999999999997,2.787234042553192,1,56.45166666666668,7.834351068637827,90.80210176398047,2
56.71,46.34,41.04,93.3,62.99,36.2,93.31,10.6,6,8.8,0,43.69,-5.300000000000004,1.1910112359550562,2,62.196666666666665,25.73305785690202,109.67495444659964,2
60.58,45.27,45.37,53.58,63.62,57.3,71.27,7.0,3,7.4,1,45.32,0.0999999999999943,0.9333333333333332,2,56.06833333333333,10.265334707970638,92.55254759546604,2
53.85,47.83,44.91,88.83,83.0,19.7,62.97,25.8,7,6.0,1,46.37,-2.9200000000000017,4.229508196721312,2,57.873333333333335,25.852506777228907,107.47137109254102,2
60.4,89.24,81.69,95.98,93.83,70.19999999999999,78.81,15.8,6,6.7,0,85.465,-7.549999999999997,2.323529411764706,0,84.95833333333333,9.846915083754238,140.65949227373068,0
92.82,72.72,80.94,80.09,56.35,59.6,83.53,6.3,5,5.6,0,76.83,8.219999999999999,1.105263157894737,0,72.205,11.638396367197672,77.79034690799398,1
93.99,43.56,41.63,78.37,60.64,53.8,64.06,15.4,8,6.8,0,42.595,-1.93,2.231884057971014,2,57.01,13.761395278095897,60.6553888711565,2
92.24,51.38,82.23,87.41,58.46,46.7,77.89,19.7,7,7.1,1,66.805,30.85,2.736111111111111,0,67.345,17.293958193542622,73.01062445793582,1
55.19,94.18,93.15,78.3,98.24,53.9,58.83,11.3,9,6.5,1,93.665,-1.0300000000000011,1.7121212121212124,0,79.43333333333332,19.167862339516805,143.9270399226913,1
77.07,57.78,40.83,50.75,73.61,91.3,92.24,29.5,8,5.5,1,49.305,-16.950000000000003,5.267857142857143,1,67.75166666666668,21.45595247633315,87.9092599801047,2
54.23,56.69,67.3,58.21,58.42,0.4,75.07,26.1,8,7.5,1,61.995,10.61,3.43421052631579,0,52.68166666666667,26.562618407579222,97.14487675948124,2
82.2,76.03,48.37,81.02,98.19,69.4,83.08,22.2,10,7.1,0,62.2,-27.660000000000004,3.083333333333333,1,76.015,16.581310864946715,92.47566909975669,1
96.34,87.15,48.24,71.38,98.51,21.6,97.79,29.7,2,6.7,0,67.69500000000001,-38.91,4.367647058823529,1,70.77833333333335,30.63838730525265,73.46723410144628,1
83.5,81.79,97.69,90.21,82.57,33.4,87.61,25.9,7,6.8,0,89.74000000000001,15.899999999999991,3.753623188405797,0,78.87833333333333,23.017004511157975,94.46506986027944,0
96.18,71.9,57.84,81.86,62.22,91.5,80.66,25.9,3,4.7,0,64.87,-14.060000000000002,5.395833333333333,0,74.33,12.77541232211313,77.28217924724474,1
52.67,73.52,92.86,95.23,55.82,75.19999999999999,56.89,15.1,6,4.4,0,83.19,19.340000000000003,3.355555555555556,0,74.92,16.8894582506367,142.2441617619138,1
78.19,49.17,61.53,57.91,63.21,29.1,94.33,14.2,8,4.2,1,55.35,12.36,3.302325581395349,1,59.208333333333336,21.278630046755044,75.72366457773799,2
53.84,44.94,78.85,52.89,52.55,1.1,62.22,26.0,1,4.1,0,61.895,33.91,6.190476190476192,1,48.75833333333333,26.09240764411492,90.56154036651807,2
73.68,81.66,55.35,69.2,58.02,0.6,59.7,18.0,4,4.4,0,68.505,-26.309999999999995,4.0,0,54.08833333333333,27.921682196219244,73.40979008324284,2
99.34,51.46,80.21,56.37,87.19,7.6,57.89,11.3,3,5.9,0,65.835,28.749999999999996,1.8833333333333333,0,56.78666666666667,28.007526607443697,57.16394872827327,2
60.21,70.09,99.37,57.44,75.78,36.4,62.47,14.2,5,4.3,1,84.73,29.28,3.2272727272727275,0,66.925,20.89351167228717,111.15263245308088,1
58.05,98.58,59.76,51.28,54.48,30.1,55.7,24.1,1,7.8,0,79.17,-38.82,3.0506329113924053,0,58.31666666666667,22.31806951030189,100.45937410278496,2
88.49,52.3,47.2,70.48,80.36,80.39999999999999,76.56,20.2,2,7.7,0,49.75,-5.099999999999994,2.58974358974359,1,67.88333333333334,14.594532766302136,76.71299958564057,2
75.14,77.7,83.59,98.27,69.92,69.7,55.29,21.2,5,4.2,1,80.64500000000001,5.890000000000001,4.930232558139535,0,75.745,14.571351001194088,100.80516369443706,1
88.01,63.27,85.98,65.12,96.77,6.1,70.99,5.1,9,8.9,0,74.625,22.71,0.5666666666666667,0,64.705,31.486722757378228,73.52005453925689,1
93.92,40.78,52.64,86.32,53.27,1.0,87.63,15.2,1,6.3,0,46.71,11.86,2.375,1,53.60666666666666,32.127190768361096,57.07694491766041,2
74.78,94.61,78.24,95.75,69.87,30.0,99.82,21.6,10,4.9,0,86.425,-16.370000000000005,4.32,0,78.04833333333333,26.219105565725663,104.37059819916198,0
66.24,91.07,79.79,95.23,81.2,22.4,51.99,20.0,6,8.0,1,85.43,-11.279999999999989,2.469135802469136,0,70.28,27.8977834244945,106.09903381642512,1
55.35,62.62,88.99,97.78,70.38,59.1,94.42,20.5,1,6.5,1,75.80499999999999,26.37,3.1060606060606064,0,78.88166666666667,16.90443541401684,142.514302920807,0
64.95,72.18,80.57,82.69,79.53,30.0,59.69,13.0,9,5.9,1,76.375,8.389999999999986,2.1666666666666665,0,67.44333333333334,20.176278811184847,103.83885039774184,1
65.98,77.74,60.43,64.94,88.92,62.0,55.91,12.5,6,9.0,0,69.085,-17.309999999999995,1.3736263736263736,0,68.32333333333332,12.495785956340107,103.55158128725874,2
65.33,81.3,76.71,85.28,72.04,87.8,87.77,18.2,2,5.3,1,79.005,-4.590000000000003,3.3703703703703707,0,81.81666666666666,6.405705789892839,125.23598142762386,0
64.92,74.53,65.24,94.36,95.36,20.2,83.2,15.0,9,6.3,0,69.88499999999999,-9.290000000000006,2.34375,0,72.14833333333333,27.95104893678709,111.13421647155472,1
71.62,98.88,72.25,95.97,70.11,58.2,72.65,22.0,7,8.9,1,85.565,-26.629999999999995,2.4444444444444446,0,78.01,15.967916582948442,108.9220888020106,1
54.48,73.15,81.79,57.01,74.94,8.2,50.97,19.5,2,8.0,1,77.47,8.64,2.4074074074074074,0,57.676666666666655,26.878481851969745,105.86759667156142,2
77.2,70.71,64.14,53.18,74.46,74.7,73.36,5.9,3,7.5,0,67.425,-6.569999999999993,0.7763157894736843,0,68.425,8.439710303085052,88.63341968911917,2
76.19,43.87,76.76,92.31,93.88,14.5,68.3,21.2,5,6.3,0,60.315,32.89000000000001,3.3125,1,64.93666666666667,30.74339256924432,85.22990768692304,1
82.16,81.94,87.55,79.92,78.83,78.8,99.64,21.8,8,5.8,1,84.745,5.609999999999999,3.694915254237289,0,84.44666666666667,8.132329719500229,102.78318727685816,0
73.85,77.37,42.13,64.8,57.76,38.5,93.68,14.9,6,7.2,0,59.75,-35.24,2.041095890410959,1,62.373333333333335,21.032867295418065,84.4594899571203,2
57.05,49.69,52.96,82.83,92.25,1.7000000000000002,81.1,29.7,4,6.1,1,51.325,3.270000000000003,4.790322580645162,1,60.08833333333333,33.35020924472089,105.325737657026,2
73.36,83.67,93.94,56.7,80.27,53.1,73.71,29.0,5,7.0,1,88.805,10.269999999999996,4.084507042253521,0,73.565,15.908954396816904,100.27944383860414,1
78.67,61.76,63.03,82.6,58.15,89.9,92.19,14.8,2,6.9,1,62.395,1.2700000000000031,2.1142857142857143,0,74.60499999999999,15.341648868358316,94.83284606584463,1
84.25,64.06,41.87,78.78,78.88,44.0,60.25,23.1,3,7.4,1,52.965,-22.190000000000005,3.08,1,61.30666666666667,16.125393225179554,72.76755687438181,2
50.86,41.75,57.91,98.47,99.95,5.300000000000001,63.39,9.1,1,8.0,0,49.83,16.159999999999997,1.123456790123457,1,61.12833333333333,35.80312076714356,120.18940883470968,2
57.84,67.27,82.37,53.01,70.65,27.3,99.86,26.4,7,8.9,0,74.82,15.100000000000009,2.933333333333333,0,66.74333333333333,24.903119215605635,115.39303826648224,1
79.25,64.05,78.59,83.7,64.12,1.2,70.05,13.5,9,5.2,1,71.32,14.540000000000006,2.547169811320755,0,60.285,29.99536680889233,76.06940063091483,2
89.01,99.24,41.97,81.35,67.55,26.5,77.18,9.0,7,6.7,1,70.60499999999999,-57.27,1.3235294117647058,1,65.63166666666666,26.850668086039622,73.73516084335093,2
77.72,91.62,66.6,61.8,86.05,35.099999999999994,83.09,6.4,4,6.3,0,79.11,-25.02000000000001,1.0000000000000002,0,70.71,20.929215943269355,90.98044261451363,1
92.54,76.23,79.07,83.15,78.41,83.10000000000001,98.3,11.5,4,6.7,1,77.65,2.839999999999989,1.6911764705882353,0,83.04333333333334,7.955590906190857,89.73777105395864,0
81.37,80.62,78.92,57.22,85.45,31.1,92.81,9.4,4,7.1,1,79.77000000000001,-1.7000000000000028,1.3055555555555558,0,71.02000000000001,22.89823311960991,87.28032444389825,1
52.3,49.8,64.18,57.63,65.79,41.3,81.9,19.2,9,5.5,1,56.99,14.38000000000001,3.428571428571429,1,60.1,14.07048968586382,114.91395793499044,2
50.93,60.24,62.83,85.24,52.25,34.900000000000006,85.87,14.7,10,7.7,0,61.535,2.5899999999999963,1.8846153846153848,0,63.55500000000001,19.63988467379582,124.78892597683097,1
79.77,51.67,86.8,89.71,92.89,73.8,73.3,25.8,1,5.7,0,69.235,35.129999999999995,4.448275862068966,0,78.02833333333334,15.292287489668334,97.81663950524424,1
98.47,69.91,71.88,99.72,89.62,59.2,65.33,13.0,3,8.0,1,70.895,1.9699999999999989,1.6049382716049383,0,75.94333333333333,15.48079412261098,77.12332013134288,1
86.24,90.72,66.53,51.44,58.53,14.7,73.69,28.0,2,7.5,1,78.625,-24.19,3.68421052631579,0,59.26833333333334,25.683021174828067,68.72487631416203,2
62.03,65.3,98.32,50.6,75.15,6.9,52.5,24.8,4,6.8,0,81.81,33.02,3.594202898550725,0,58.12833333333333,30.558913865951887,93.71003277983772,2
68.25,47.05,79.21,91.79,59.38,27.0,99.96,24.0,6,6.0,1,63.13,32.16,3.934426229508197,1,67.39833333333333,27.94675180887158,98.75213675213676,1
93.56,83.73,67.46,58.46,90.58,74.9,61.97,27.6,3,7.5,1,75.595,-16.27000000000001,3.631578947368421,0,72.85000000000001,12.581163698164016,77.86447199657975,2
63.94,58.41,45.44,64.36,77.98,98.7,76.62,10.5,9,7.3,1,51.925,-12.97,1.418918918918919,1,70.25166666666667,18.439881145676257,109.8712334480242,2
71.37,66.17,62.87,91.56,61.29,86.19999999999999,60.76,29.3,6,8.7,1,64.52,-3.3000000000000043,3.329545454545455,0,71.475,13.718362511611945,100.14712063892392,2
52.65,92.13,87.04,79.87,86.4,29.700000000000003,61.97,24.3,9,4.8,0,89.58500000000001,-5.089999999999989,4.959183673469388,0,72.85166666666667,23.606161413213005,138.36973725862617,1
54.6,84.74,84.5,84.67,88.8,0.5,50.8,23.7,7,7.4,0,84.62,-0.2399999999999948,3.16,0,65.66833333333334,34.878292628319215,120.27167277167275,1
53.76,98.97,60.33,83.13,98.1,48.9,78.37,16.0,10,6.9,0,79.65,-38.64,2.2857142857142856,0,77.96666666666665,20.145654287380854,145.02728174603172,1
68.0,53.72,64.86,66.15,91.81,4.0,81.66,15.0,1,5.9,0,59.29,11.14,2.5,0,60.366666666666674,30.715160860178912,88.77450980392157,2
70.37,75.73,65.7,77.28,74.19,5.1,98.05,24.0,9,8.6,1,70.715,-10.03,2.7586206896551726,0,66.00833333333334,31.702017233398045,93.80180948320782,1
51.78,66.0,56.45,65.2,77.68,19.3,90.04,28.8,4,7.8,0,61.225,-9.549999999999995,3.645569620253165,0,62.445000000000014,24.129850186024772,120.59675550405564,2
60.65,85.44,75.21,55.85,60.09,44.8,95.32,5.5,10,7.7,0,80.32499999999999,-10.230000000000004,0.7051282051282052,0,69.45166666666667,19.17449703816678,114.51222863424016,1
75.37,47.14,71.85,81.98,92.27,76.5,80.91,26.5,3,8.6,1,59.495,24.709999999999997,3.0459770114942533,1,75.10833333333333,15.29825534715206,99.65282384680025,1
90.3,72.19,47.69,84.29,66.62,42.400000000000006,85.19,29.0,8,7.5,0,59.94,-24.5,3.8157894736842106,1,66.39666666666668,18.07070963373233,73.52897748246586,2
58.59,79.61,46.23,67.01,67.08,64.5,88.14,30.0,6,7.8,0,62.92,-33.38,3.79746835443038,1,68.76166666666667,14.317403977909777,117.36075553279854,2
77.95,96.87,49.53,93.22,67.48,73.1,65.06,6.1,7,5.2,1,73.2,-47.34,1.150943396226415,1,74.21000000000001,17.967780052082116,95.20205259781912,1
75.68,97.78,96.09,87.46,82.37,41.5,61.86,10.1,1,7.7,1,96.935,-1.6899999999999975,1.294871794871795,0,77.84333333333333,21.99857874197028,102.85852713178296,0
81.97,85.6,77.95,87.52,76.11,78.4,57.25,6.5,3,4.5,1,81.775,-7.649999999999991,1.4130434782608696,0,77.13833333333334,10.753907971833618,94.10556707738604,1
88.04,60.37,60.08,57.73,69.97,1.5,59.86,26.8,8,9.0,1,60.225,-0.2899999999999991,2.9450549450549453,0,51.585,24.908204873093524,58.59268514311676,2
76.29,87.09,67.31,80.74,69.87,94.8,68.01,22.3,8,6.5,1,77.2,-19.78,3.378787878787879,0,77.97,11.424039565757813,102.2021234762092,1
66.98,55.63,77.03,63.16,55.06,21.3,61.12,26.8,7,6.7,1,66.33,21.4,3.941176470588236,0,55.55,18.56683279399047,82.93520453866826,2
77.73,74.1,85.5,50.15,81.33,2.3000000000000003,61.1,5.7,7,6.9,1,79.8,11.400000000000006,0.8142857142857143,0,59.080000000000005,30.745643593849195,76.00668982374889,2
81.51,95.92,99.55,85.02,94.58,99.4,95.45,14.4,8,5.4,1,97.735,3.629999999999996,2.618181818181818,0,94.98666666666668,5.308241391145159,116.5337586390218,0
51.66,82.7,79.48,94.15,88.03,80.39999999999999,65.36,9.8,9,6.9,0,81.09,-3.219999999999999,1.4,0,81.68666666666667,9.69210331489851,158.1236288553362,1
79.78,68.11,68.59,59.91,94.93,59.8,71.94,28.3,3,5.6,0,68.35,0.480000000000004,4.964912280701755,0,70.54666666666667,12.921948253520704,88.42650622545332,1
58.53,96.75,86.23,70.45,83.3,18.2,76.25,10.5,1,6.9,0,91.49,-10.519999999999996,1.5,0,71.86333333333333,27.7760268337044,122.78034056609144,1
99.08,46.02,81.18,85.52,81.52,70.5,96.51,13.6,2,4.2,1,63.60000000000001,35.160000000000004,3.1627906976744184,1,76.875,17.28033535554215,77.58881711748083,0
66.59,91.44,86.64,55.27,78.87,79.0,60.18,26.5,6,8.8,1,89.03999999999999,-4.799999999999997,2.9775280898876404,0,75.23333333333333,14.459036851279777,112.97992691595334,1
64.6,79.01,73.52,80.04,97.84,47.2,76.81,21.9,3,8.5,1,76.265,-5.490000000000009,2.546511627906977,0,75.73666666666666,16.359692743650985,117.23942208462334,1
67.15,94.02,70.96,94.65,58.66,37.9,93.15,22.2,7,8.5,1,82.49,-23.06,2.581395348837209,0,74.88999999999999,23.3964099810206,111.52643335815335,0
55.44,55.96,56.98,95.56,85.43,54.7,91.98,15.3,6,8.8,0,56.47,1.019999999999996,1.7191011235955056,0,73.435,19.516431794772327,132.45851370851372,1
87.44,73.25,85.85,51.14,96.72,62.7,61.56,19.3,9,7.4,1,79.55,12.599999999999994,2.5733333333333333,0,71.87,16.940986984234414,82.19350411710889,1
82.05,89.1,42.18,64.14,58.92,6.9,82.03,19.3,6,4.0,1,65.64,-46.92,4.707317073170732,1,57.211666666666666,29.802518294041302,69.72780824700386,2
83.69,43.62,68.22,73.7,51.87,20.1,81.87,26.2,5,7.4,1,55.92,24.6,3.493333333333333,1,56.56333333333334,22.755669769678647,67.58672880073287,2
91.99,76.72,67.27,56.36,57.89,52.6,78.42,16.8,3,8.5,1,71.995,-9.450000000000005,1.9534883720930236,0,64.87666666666668,10.967936299353068,70.52578178787552,2
95.9,95.24,42.66,53.98,92.17,82.30000000000001,76.51,27.1,4,7.8,0,68.94999999999999,-52.58,3.430379746835444,1,73.80999999999999,21.162495126992944,76.96558915537015,2
63.1,44.77,78.87,67.66,65.84,15.6,97.48,9.4,8,4.1,0,61.82000000000001,34.1,2.2380952380952386,1,61.70333333333334,28.42362866818145,97.7865821447438,1
57.47,47.48,99.31,71.92,61.2,46.0,77.66,21.9,9,5.0,1,73.395,51.830000000000005,4.294117647058823,1,67.26166666666666,20.18433889595264,117.03787483324632,1
75.3,70.84,48.05,95.11,89.16,73.89999999999999,51.3,26.4,7,8.4,0,59.445,-22.790000000000006,3.105882352941176,1,71.39333333333333,19.14877298070732,94.81186365648516,2
75.06,59.76,80.06,80.72,74.78,86.6,88.92,21.5,10,5.7,1,69.91,20.300000000000004,3.706896551724138,0,78.47333333333333,10.455334842398242,104.54747313260502,1
53.56,52.57,99.58,88.7,64.44,57.400000000000006,69.83,5.1,2,7.8,0,76.075,47.01,0.6455696202531646,0,72.08666666666667,18.3959165758781,134.59049041573311,1
82.73,72.88,90.99,99.15,71.08,41.900000000000006,81.81,9.1,8,6.2,0,81.935,18.11,1.4444444444444444,0,76.30166666666666,19.952861866576097,92.2297433417946,0
99.02,82.54,86.88,50.41,52.76,57.400000000000006,57.1,14.9,10,7.0,1,84.71000000000001,4.339999999999989,2.098591549295775,0,64.515,15.923758036343054,65.15350434255706,2
71.18,75.0,50.76,83.07,85.15,37.1,53.48,22.0,4,4.4,1,62.88,-24.24,4.888888888888889,0,64.09333333333335,19.705395876933476,90.04401985576473,2
58.03,46.39,83.56,82.45,83.51,65.1,74.84,25.4,1,6.5,0,64.975,37.17,3.8484848484848486,1,72.64166666666667,14.726801983684942,125.17950485381124,1
84.55,62.79,94.27,62.63,75.42,62.5,85.95,28.5,5,6.0,0,78.53,31.48,4.672131147540984,0,73.92666666666666,13.732083114613989,87.4354425389316,1
60.53,47.09,70.17,92.14,86.4,6.2,88.28,20.3,9,8.7,1,58.63,23.08,2.306818181818182,1,65.04666666666667,33.29090546480625,107.46186464012334,1
87.88,63.42,64.79,52.52,51.23,1.6,84.97,10.5,5,7.8,0,64.105,1.3700000000000043,1.329113924050633,0,53.08833333333333,27.98191517152939,60.4100288271886,2
55.52,44.68,41.87,78.06,67.28,28.2,96.71,29.9,7,8.0,0,43.275,-2.8100000000000023,3.691358024691358,2,59.46666666666667,25.689370304985417,107.10854947166186,2
87.07,86.71,76.99,66.59,88.07,60.3,93.63,11.1,10,5.5,1,81.85,-9.72,1.9821428571428568,0,78.715,13.137707182000971,90.40427242448604,0
88.03,90.75,88.61,71.17,83.39,35.8,53.79,14.7,5,7.0,0,89.68,-2.140000000000001,2.0704225352112675,0,70.58500000000001,21.853632878768693,80.18289219584234,1
80.7,91.48,45.54,92.51,79.7,47.3,55.59,20.5,3,7.4,1,68.51,-45.940000000000005,2.7333333333333334,1,68.68666666666667,21.785596770955504,85.11358942585709,2
84.38,95.33,57.76,93.02,73.94,49.400000000000006,76.8,6.9,4,8.7,0,76.545,-37.57,0.7840909090909092,0,74.37500000000001,18.399058399820355,88.1429248637118,1
74.65,88.91,42.98,92.11,72.29,6.9,97.54,29.2,5,8.7,0,65.945,-45.93,3.3181818181818183,1,66.78833333333334,35.38343534292094,89.46863139093549,1
95.74,49.14,83.42,91.93,82.75,3.7,54.29,22.6,9,5.4,1,66.28,34.28,4.109090909090909,1,60.87166666666667,32.86718327856323,63.58018243854885,2
66.3,76.63,87.83,53.08,69.29,38.9,59.22,10.4,6,8.6,0,82.22999999999999,11.200000000000005,1.1954022988505748,0,64.15833333333332,17.477552937029447,96.7697335344394,2
91.58,83.39,72.59,70.58,86.66,43.9,90.22,23.1,3,4.8,1,77.99000000000001,-10.799999999999995,4.714285714285715,0,74.55666666666667,16.907816732702855,81.41151634272404,1
88.9,79.08,76.01,71.2,51.27,86.0,93.86,23.9,1,4.8,0,77.545,-3.069999999999993,4.877551020408164,0,76.23666666666666,14.579046150783206,85.75553055868016,1
84.38,56.64,67.65,58.29,75.04,33.3,73.16,5.7,6,7.9,1,62.145,11.010000000000003,0.7125,0,60.68000000000001,15.376859237178444,71.91277553922731,2
56.14,77.22,70.23,71.9,53.55,57.2,61.11,6.5,10,7.5,0,73.725,-6.989999999999995,0.8552631578947368,0,65.20166666666667,9.285708194137198,116.14119463246644,2
61.75,81.39,76.97,56.84,73.1,64.3,97.8,22.8,2,4.5,1,79.18,-4.420000000000002,4.956521739130436,0,75.06666666666668,14.22963058784966,121.5654520917679,1
78.73,70.68,40.71,83.08,78.38,44.0,56.38,13.4,2,8.6,0,55.69500000000001,-29.97000000000001,1.5402298850574714,1,62.205000000000005,17.86958057705888,79.01054235996445,2
95.02,82.52,89.01,70.12,95.22,31.1,72.67,17.0,7,7.2,0,85.765,6.490000000000009,2.328767123287671,0,73.44000000000001,22.818985954682564,77.28899179120187,1
58.39,95.62,46.56,73.26,75.94,84.80000000000001,52.57,26.6,5,7.8,1,71.09,-49.06,3.3670886075949373,1,71.45833333333333,18.77132751476748,122.38111548781184,2
54.41,73.37,50.79,53.72,81.65,30.5,70.38,27.6,9,7.3,1,62.08,-22.580000000000005,3.7297297297297294,0,60.06833333333333,18.706727577710293,110.39943637811676,2
70.26,41.11,86.41,92.17,68.75,33.2,83.81,15.0,10,5.5,1,63.76,45.3,2.678571428571429,1,67.575,24.92654789576768,96.17847993168232,1
51.25,58.91,94.72,52.57,90.57,18.3,81.67,5.5,2,5.0,1,76.815,35.81,1.0784313725490198,0,66.12333333333333,28.913332334178754,129.02113821138212,1
85.1,56.86,43.34,93.07,61.58,74.2,64.24,18.5,8,4.8,0,50.1,-13.519999999999996,3.775510204081633,1,65.54833333333333,16.84309997199644,77.02506854680767,2
97.83,67.52,76.6,71.48,72.01,9.1,72.73,27.0,8,4.6,0,72.06,9.079999999999998,5.744680851063831,0,61.57333333333335,25.86948601473687,62.93911206514704,2
64.62,59.58,88.2,75.27,82.07,73.89999999999999,82.45,9.2,1,7.9,0,73.89,28.620000000000005,1.15,0,76.91166666666666,9.96854937624661,119.02145878468995,1
90.02,86.69,86.04,71.4,77.05,2.7,81.23,13.0,6,6.3,1,86.36500000000001,-0.6499999999999915,2.03125,0,67.51833333333333,32.267479242523216,75.00370288084129,1
86.14,50.22,69.28,78.06,95.23,94.7,92.51,11.8,9,4.2,1,59.75,19.06,2.7441860465116283,0,80.0,17.944767482472436,92.87206872533083,1
71.31,78.82,59.32,83.83,56.91,20.9,69.9,6.5,2,8.6,1,69.07,-19.499999999999996,0.7471264367816093,0,61.61333333333332,22.553379938862083,86.40209414294394,2
99.59,65.99,94.9,96.08,66.16,2.0,99.11,29.2,1,7.5,1,80.445,28.91000000000001,3.842105263157895,0,70.70666666666666,36.87654521056259,70.9977574723031,0
53.67,96.39,71.83,95.15,80.0,79.7,61.02,17.9,3,5.1,1,84.11,-24.56,3.4423076923076925,0,80.68166666666666,13.582679288957197,150.3291721011117,1
78.61,92.56,71.28,85.82,95.7,9.1,66.26,7.0,9,7.5,1,81.92,-21.28,0.9210526315789476,0,70.12,32.075116835328906,89.1998473476657,1
95.27,62.41,67.45,50.89,96.16,32.7,58.57,17.1,9,6.1,1,64.93,5.040000000000006,2.758064516129033,0,61.36333333333332,20.91903981225397,64.40992267590356,2
75.42,95.38,79.68,56.95,85.21,86.89999999999999,56.44,15.8,8,5.6,0,87.53,-15.699999999999989,2.771929824561404,0,76.75999999999999,16.33885797722717,101.77671705118004,1
65.34,68.92,46.65,99.63,69.81,49.6,68.11,9.9,7,8.4,1,57.785,-22.270000000000003,1.1647058823529413,1,67.12,18.943746197624165,102.72421181512092,2
96.92,63.47,90.51,58.62,61.12,75.0,51.68,27.2,9,6.8,1,76.99000000000001,27.040000000000006,3.942028985507247,0,66.73333333333333,13.915858100263408,68.85403769431834,2
87.98,64.26,73.85,85.42,97.64,93.8,57.57,25.2,8,8.0,1,69.055,9.58999999999999,3.111111111111111,0,78.75666666666667,16.188796949330936,89.51655679321058,1
84.98,99.62,53.18,86.83,58.1,74.5,70.8,13.2,8,8.7,1,76.4,-46.440000000000005,1.5,0,73.83833333333334,17.421876381913247,86.88907193849533,1
88.57,44.96,98.99,56.11,97.97,93.2,91.08,6.3,3,7.5,1,71.975,54.03,0.8289473684210527,1,80.38499999999999,23.57198230951313,90.7587219148696,0
61.61,45.27,71.86,51.02,85.83,54.400000000000006,64.4,9.9,7,8.4,1,58.565,26.59,1.1647058823529413,1,62.13,15.026379470784038,100.84401882811233,2
68.62,66.95,98.27,81.29,96.53,20.0,72.13,8.5,2,7.8,0,82.61,31.319999999999997,1.0759493670886078,0,72.52833333333332,28.656526249122845,105.69561838142424,1
69.92,65.39,59.67,91.08,88.6,89.3,79.5,20.3,10,8.6,1,62.53,-5.719999999999999,2.333333333333333,0,78.92333333333333,13.440774779255348,112.87662090007628,1
88.22,58.37,88.93,71.98,59.73,38.8,86.61,29.1,8,4.4,0,73.65,30.56000000000001,6.466666666666667,0,67.40333333333335,19.03612950855995,76.40368775032118,1
95.39,47.98,76.86,70.95,89.9,13.8,54.36,14.0,7,5.5,1,62.42,28.880000000000003,2.5,1,58.975000000000016,26.842497462047007,61.825138903449016,2
73.6,79.82,40.32,99.13,90.16,95.1,66.07,15.4,8,7.6,0,60.06999999999999,-39.49999999999999,2.0000000000000004,1,78.43333333333332,22.14066635552477,106.56702898550724,1
55.59,78.26,43.4,75.73,68.01,65.6,92.69,23.9,9,4.3,1,60.83,-34.86000000000001,5.431818181818183,1,70.615,16.39821545168864,127.0282424896564,1
65.29,61.41,68.03,65.74,92.98,24.5,65.54,8.4,4,4.5,1,64.72,6.6200000000000045,1.8260869565217392,0,63.03333333333334,22.012868660550964,96.54362587430438,2
88.71,67.73,54.18,99.33,95.81,43.9,89.85,6.9,5,5.4,0,60.955,-13.550000000000004,1.2545454545454546,0,75.13333333333333,23.23340755607465,84.69544959230451,1
55.84,63.28,51.59,81.9,99.54,38.2,69.56,12.5,3,5.8,0,57.435,-11.689999999999998,2.1186440677966103,0,67.345,21.75981410766186,120.60351002865328,2
67.75,65.23,57.29,68.91,99.96,81.6,82.51,27.9,5,6.0,1,61.260000000000005,-7.940000000000005,4.573770491803279,0,75.91666666666667,15.258473929809186,112.05412054120542,1
92.15,40.38,61.18,66.75,60.73,82.8,95.27,21.5,6,7.9,1,50.78,20.8,2.6875,1,67.85166666666666,19.112054224145204,73.63175981190086,1
59.69,76.77,90.88,97.26,57.28,67.4,81.0,26.2,1,8.0,0,83.82499999999999,14.11,3.234567901234568,0,78.43166666666666,14.750696819698607,131.39833584631708,0
78.69,71.34,55.75,82.79,79.27,80.60000000000001,77.28,10.3,9,7.5,0,63.545,-15.590000000000003,1.355263157894737,0,74.505,9.979612717936504,94.6816622188334,1
95.55,90.88,87.46,62.32,59.27,66.0,97.23,23.7,4,4.4,1,89.16999999999999,-3.4200000000000017,5.266666666666667,0,77.19333333333333,16.504241475047152,80.78841793127506,0
95.58,99.13,54.26,55.01,87.51,45.9,90.11,23.5,2,5.2,1,76.695,-44.87,4.433962264150944,0,71.98666666666666,22.755859611683903,75.31561693520263,1
84.12,61.31,50.05,57.42,98.05,20.6,87.79,13.3,2,7.3,0,55.68,-11.260000000000003,1.7972972972972976,0,62.53666666666667,27.71719153642134,74.34220954192423,2
62.36,69.38,84.14,92.33,78.33,82.0,64.47,8.1,3,7.2,0,76.75999999999999,14.760000000000003,1.1095890410958904,0,78.44166666666666,10.152362122514475,125.78843275604018,1
68.26,86.29,48.07,63.98,55.57,69.3,84.37,28.1,7,8.7,0,67.18,-38.220000000000006,3.193181818181819,1,67.92999999999999,15.310335071447655,99.5165543510108,2
72.53,69.33,84.01,59.83,88.6,79.7,51.57,27.7,7,5.8,1,76.67,14.680000000000009,4.694915254237288,0,72.17333333333333,14.501948374844902,99.50824945999356,2
92.53,87.78,71.73,53.64,51.54,88.0,55.59,14.3,6,7.6,1,79.755,-16.049999999999997,1.8571428571428572,0,68.04666666666667,16.948731712628724,73.54011311646673,2
82.25,78.5,65.08,88.52,51.16,3.1,58.34,27.0,3,8.9,1,71.78999999999999,-13.420000000000002,3.0,0,57.45000000000001,29.869526276792534,69.84802431610943,2
75.13,66.02,80.22,69.15,79.43,4.0,96.69,25.5,9,4.9,1,73.12,14.200000000000005,5.1,0,65.91833333333334,32.18177211818309,87.73903012556015,1
79.18,64.39,42.0,65.0,89.38,29.3,85.69,5.1,8,6.4,1,53.195,-22.39,0.7846153846153846,1,62.626666666666665,23.632716023907765,79.09404731834637,2
64.0,57.78,99.36,54.26,71.52,71.5,63.91,18.0,5,6.8,0,78.57,41.58,2.608695652173913,0,69.72166666666665,16.12618543446238,108.94010416666664,1
84.67,66.0,71.99,95.98,68.93,15.4,90.93,9.7,8,8.9,0,68.995,5.989999999999995,1.0777777777777775,0,68.205,28.621523893741227,80.55391520018897,1
56.33,63.9,91.75,68.38,62.79,53.7,90.28,13.1,5,5.3,1,77.825,27.85,2.425925925925926,0,71.8,15.635916346668012,127.46316350079886,1
85.54,48.53,94.76,95.51,90.72,78.0,57.02,7.1,1,9.0,1,71.64500000000001,46.23,0.7802197802197802,1,77.42333333333333,20.277781601217296,90.51126178785752,1
98.02,70.71,96.64,70.83,59.36,99.4,59.97,5.1,2,7.3,0,83.675,25.930000000000007,0.6891891891891891,0,76.15166666666669,17.67481305888882,77.68992722573627,1
57.43,53.81,74.71,70.38,67.36,47.1,53.68,27.4,10,5.5,1,64.25999999999999,20.89999999999999,4.892857142857143,0,61.17333333333334,11.087888287075526,106.51807998142668,2
58.39,95.94,86.16,75.43,81.35,15.5,78.27,15.0,3,8.5,1,91.05,-9.78,1.744186046511628,0,72.10833333333333,28.650686146524773,123.49431980361936,1
57.16,88.08,86.22,53.74,70.62,76.7,92.4,24.6,5,8.4,1,87.15,-1.8599999999999997,2.894117647058824,0,77.96,14.29144639286031,136.3890832750175,0
55.18,56.9,96.62,77.01,50.91,99.6,57.45,15.0,8,5.5,1,76.76,39.720000000000006,2.678571428571429,0,73.08166666666668,21.309552239938476,132.4423100157062,1
57.56,70.74,54.99,89.94,94.73,33.2,77.79,28.0,7,5.1,0,62.865,-15.749999999999991,5.384615384615385,0,70.23166666666667,23.02010548773977,122.014709288858,1
58.82,98.67,72.3,79.34,96.81,25.4,67.62,28.2,3,5.5,0,85.485,-26.370000000000005,5.035714285714286,0,73.35666666666667,26.685170913199464,124.71381616230306,1
68.82,50.09,49.99,56.2,65.52,42.1,78.33,15.0,10,4.8,1,50.040000000000006,-0.1000000000000014,3.0612244897959187,1,57.03833333333333,13.0160568785891,82.88046110626757,2
86.22,43.01,69.98,55.29,54.96,59.8,73.82,8.1,4,4.9,0,56.495000000000005,26.97000000000001,1.62,1,59.47666666666667,11.182444574719192,68.98244800123715,2
79.77,77.68,41.46,92.71,81.6,10.9,74.59,9.6,1,5.8,1,59.57000000000001,-36.220000000000006,1.6271186440677967,1,63.15666666666667,30.84382898841625,79.17345702227237,2
89.36,98.62,79.32,70.54,51.6,74.2,76.86,10.4,9,6.6,1,88.97,-19.30000000000001,1.5522388059701495,0,75.19000000000001,15.151906810695476,84.1427931960609,1
69.19,74.78,52.88,98.56,59.86,83.0,61.64,28.6,5,6.2,1,63.83,-21.9,4.53968253968254,0,71.78666666666666,17.053870723875757,103.75295081177434,2
91.85,49.73,43.59,95.66,78.42,82.8,89.08,26.1,7,8.9,1,46.66,-6.1399999999999935,2.9000000000000004,2,73.21333333333332,21.46451179660666,79.70967156595898,1
76.87,51.42,91.27,89.3,51.35,42.8,85.81,25.3,3,7.1,0,71.345,39.85,3.5138888888888893,0,68.65833333333335,22.346979587109008,89.31746238237719,1
96.6,68.39,93.72,80.14,78.22,47.0,86.88,21.8,3,9.0,0,81.055,25.33,2.395604395604396,0,75.72500000000001,16.449310927817006,78.39026915113872,0
73.92,86.34,64.69,70.94,83.89,27.3,82.38,29.3,10,4.1,0,75.515,-21.65000000000001,6.976190476190477,0,69.25666666666667,22.191198856002952,93.69137806637808,1
87.92,94.06,42.91,63.47,62.61,92.5,95.44,10.2,4,4.6,1,68.485,-51.150000000000006,2.170212765957447,1,75.165,21.924346968610035,85.4924931756142,1
73.44,54.72,76.39,55.41,85.2,94.6,60.95,27.7,6,8.7,0,65.555,21.67,3.147727272727273,0,71.21166666666667,16.712105093813484,96.96577705156136,2
97.44,41.93,99.26,90.03,75.5,56.1,83.84,9.3,7,8.0,0,70.595,57.330000000000005,1.1481481481481484,1,74.44333333333334,21.641717738355855,76.39915161466887,0
58.47,90.48,94.17,84.47,69.79,76.2,93.39,28.8,10,8.9,1,92.325,3.6899999999999977,3.2,0,84.75,9.931781310520282,144.94612621857362,0
74.92,96.72,42.42,58.85,58.09,15.3,83.74,29.8,2,7.8,1,69.57,-54.3,3.7721518987341778,1,59.18666666666667,29.05200142273621,78.99982203239011,2
80.75,90.01,46.03,62.89,63.49,59.400000000000006,60.7,29.8,10,4.3,1,68.02000000000001,-43.98,6.772727272727273,1,63.75333333333334,14.370929916559566,78.9514963880289,2
55.53,77.49,78.18,53.68,90.92,92.4,61.05,6.1,9,5.9,0,77.83500000000001,0.6900000000000119,1.0166666666666666,0,75.62000000000002,15.616384985008535,136.1786421754007,1
90.81,66.12,43.81,89.44,74.57,83.3,91.74,21.0,5,8.3,0,54.965,-22.31,2.5,1,74.83,17.940530649899962,82.40281907278934,1
57.36,72.34,55.14,92.92,94.06,74.9,58.96,29.2,5,4.2,0,63.74,-17.200000000000003,6.790697674418605,0,74.72,16.387351219767034,130.2649930264993,2
73.31,64.51,80.98,85.87,50.98,87.0,70.11,8.9,8,5.2,1,72.745,16.47,1.679245283018868,0,73.24166666666667,14.07323334087326,99.90678852362116,1
87.52,88.17,78.15,96.29,89.23,80.7,80.14,19.0,3,5.7,1,83.16,-10.019999999999996,3.2758620689655173,0,85.44666666666667,6.974825206889896,97.63101767215112,0
84.08,64.17,76.13,99.71,68.41,86.6,98.24,26.4,3,4.6,1,70.15,11.959999999999994,5.617021276595745,0,82.21,15.068715937331884,97.77592768791628,0
82.69,53.2,66.23,78.23,51.36,18.4,74.34,25.2,3,8.3,0,59.715,13.03,3.0,0,56.96,21.784312704329235,68.88378280324102,2
71.18,51.62,80.55,52.99,57.24,58.3,64.57,18.3,4,5.0,1,66.085,28.93,3.588235294117648,0,60.87833333333333,10.662370124257862,85.52730167650087,2
60.71,82.52,61.4,88.59,65.38,19.6,56.43,29.9,10,5.6,1,71.96,-21.12,5.24561403508772,0,62.32,24.36412690822308,102.65195190248724,2
58.35,42.93,63.12,88.66,98.53,7.9,89.82,18.5,6,8.0,1,53.025,20.19,2.2839506172839505,1,65.16,34.787827181357564,111.67095115681234,1
79.51,53.87,69.91,67.33,58.92,41.7,67.31,15.2,5,5.6,0,61.89,16.04,2.666666666666667,0,59.84,10.759672857480378,75.26097346245756,2
50.18,98.81,48.53,63.49,89.54,44.3,78.16,7.0,2,7.5,1,73.67,-50.28,0.9210526315789476,1,70.47166666666668,22.09483868840564,140.43775740666933,1
83.45,90.36,71.66,56.92,97.66,61.5,76.29,17.5,5,7.3,0,81.00999999999999,-18.700000000000003,2.364864864864865,0,75.73166666666667,15.925760787688183,90.7509486718594,1
75.21,74.54,81.93,68.36,86.13,31.8,92.85,28.3,6,8.7,0,78.23500000000001,7.390000000000001,3.2159090909090917,0,72.60166666666667,21.75570492231099,96.53193281035324,1
78.04,56.91,85.18,97.38,66.78,57.6,84.22,23.0,8,8.2,1,71.045,28.27000000000001,2.771084337349398,0,74.67833333333334,16.65209226093426,95.69237997608064,1
62.32,80.95,63.75,77.34,82.76,43.7,63.05,14.9,1,5.3,1,72.35,-17.200000000000003,2.7592592592592595,0,68.59166666666667,14.85765986508867,110.06364997860506,2
67.62,53.82,96.83,72.68,70.4,60.8,86.72,18.3,4,7.2,1,75.325,43.01,2.5068493150684934,0,73.54166666666667,15.987005243843097,108.75727102435177,1
86.93,71.22,81.9,97.9,99.71,5.0,70.57,6.9,6,8.4,0,76.56,10.680000000000009,0.8117647058823529,0,71.05,34.70706671558402,81.73242839065914,1
72.81,77.81,88.68,69.59,55.32,4.8,56.38,17.1,9,7.2,0,83.245,10.870000000000005,2.3424657534246576,0,58.76333333333334,29.34136102273831,80.70777823559037,2
90.82,67.38,68.12,90.09,87.56,97.3,50.91,14.5,3,4.8,0,67.75,0.7400000000000091,2.959183673469388,0,76.89333333333333,17.58960109458616,84.66563899287969,2
78.56,64.94,89.56,84.76,94.21,60.7,64.23,5.6,2,8.5,0,77.25,24.620000000000005,0.6511627906976744,0,76.39999999999999,14.739075954753742,97.25050916496944,1
55.99,94.52,72.13,89.14,94.21,18.8,96.03,19.3,7,6.9,1,83.32499999999999,-22.39,2.757142857142857,0,77.47166666666665,30.07416526965739,138.36697029231405,0
68.92,95.23,76.52,78.94,63.04,32.0,98.99,29.1,9,4.8,1,85.875,-18.710000000000008,5.938775510204082,0,74.12,24.45404751774233,107.54497968659317,0
77.13,56.38,84.02,98.19,65.08,8.7,78.13,30.0,6,8.6,1,70.2,27.639999999999997,3.4482758620689657,0,65.08333333333333,31.240014511306917,84.38134750853537,1
65.61,70.49,74.31,91.78,98.87,5.1,98.25,29.4,3,5.2,1,72.4,3.820000000000008,5.547169811320755,0,73.13333333333334,35.433959229341944,111.46674795508817,0
55.08,74.96,66.83,60.64,67.78,27.8,51.91,21.5,2,7.1,0,70.895,-8.129999999999995,2.986111111111112,0,58.320000000000014,16.832956959488726,105.8823529411765,2
67.58,56.56,52.65,87.17,97.31,13.9,71.34,23.4,2,5.5,1,54.605,-3.910000000000004,4.178571428571429,0,63.155,29.63168085006317,93.45220479431784,2
99.96,80.12,97.37,74.86,61.62,73.8,50.91,16.9,10,8.4,1,88.745,17.25,1.9882352941176469,0,73.11333333333334,15.912801974092016,73.14259036948114,1
75.43,66.29,65.51,73.66,90.58,74.80000000000001,52.56,5.3,1,8.2,1,65.9,-0.7800000000000011,0.6385542168674699,0,70.56666666666668,12.618424096006072,93.55252110124178,2
67.13,88.95,40.32,91.77,76.54,36.7,98.47,14.1,6,8.4,0,64.635,-48.63,1.6588235294117646,1,72.125,27.0149830649586,107.44078653359152,1
58.86,73.01,50.29,58.6,62.59,14.6,54.18,23.7,9,4.7,1,61.650000000000006,-22.72000000000001,4.9375,0,52.21166666666667,20.016472632975734,88.70483633480576,2
68.76,87.21,68.21,70.41,53.51,67.8,84.13,29.8,3,4.3,0,77.71,-19.0,6.772727272727273,0,71.87833333333333,12.286614532354577,104.53509792515028,1
87.51,63.67,42.59,67.28,75.91,17.7,64.61,14.6,4,4.3,1,53.13,-21.08,3.3181818181818183,1,55.293333333333344,21.449146059148056,63.18515979126195,2
88.54,48.89,59.38,60.28,90.04,46.7,88.8,11.4,7,8.2,1,54.135000000000005,10.490000000000002,1.3734939759036149,1,65.68166666666667,19.17779175678646,74.18304344552368,2
61.44,75.29,51.93,78.36,75.66,79.4,59.02,9.6,2,7.7,0,63.61,-23.360000000000007,1.2307692307692308,0,69.94333333333333,11.53546993696688,113.84006076388889,2
72.34,86.53,75.93,59.22,91.45,91.0,55.58,15.0,9,5.7,1,81.23,-10.599999999999994,2.586206896551724,0,76.61833333333333,15.942641458261134,105.914201456087,1
52.26,95.61,52.34,54.32,75.62,5.2,60.06,23.1,7,8.2,0,73.975,-43.27,2.7831325301204823,0,57.19166666666666,30.19509126773202,109.43679040693966,2
98.16,80.34,56.29,59.64,52.49,60.7,82.25,26.3,1,4.9,1,68.315,-24.050000000000004,5.26,0,65.285,12.743426148410798,66.50876120619397,2
66.41,53.42,58.54,62.21,99.5,69.1,99.92,7.5,3,4.1,1,55.98,5.119999999999997,1.785714285714286,0,73.78166666666667,20.723766469121067,111.10023590824676,1
57.17,41.9,67.55,93.65,71.3,64.3,93.11,12.3,6,8.9,1,54.725,25.65,1.3666666666666667,1,71.96833333333333,19.493286451152017,125.88478805900532,1
75.2,40.48,88.91,66.3,83.35,32.599999999999994,62.17,16.9,5,5.8,0,64.695,48.43,2.864406779661017,1,62.30166666666667,22.47404673543834,82.8479609929078,2
84.36,53.78,81.56,56.12,56.74,3.0,88.62,12.1,10,4.7,0,67.67,27.78,2.520833333333333,0,56.63666666666668,30.097961171259872,67.1368737158211,2
53.43,95.51,56.12,60.76,73.56,0.2,96.62,7.3,10,5.4,0,75.815,-39.39000000000001,1.3272727272727272,0,63.795,35.47144753178252,119.39921392476136,1
70.26,57.5,64.82,84.37,51.0,48.2,60.21,12.5,8,4.5,1,61.16,7.319999999999993,2.717391304347826,0,61.01666666666666,12.941883428105305,86.84410285605844,2
83.94,65.09,48.04,77.64,95.8,73.4,75.92,17.4,4,5.6,1,56.565,-17.050000000000004,3.0526315789473686,1,72.64833333333334,15.715493522847655,86.5479310618696,2
93.37,56.91,50.29,85.14,66.99,66.2,62.74,8.0,8,8.9,0,53.6,-6.619999999999997,0.8888888888888888,0,64.71166666666666,11.810678924882628,69.30670093891683,2
71.41,60.17,69.81,85.68,68.33,32.2,73.17,24.9,8,7.6,1,64.99000000000001,9.64,3.233766233766234,0,64.89333333333333,18.042931764729,90.87429398310228,2
89.93,43.18,91.94,58.91,74.45,57.400000000000006,61.37,8.5,1,5.6,1,67.56,48.76,1.4912280701754388,1,64.54166666666667,16.720903584037156,71.76878312761778,2
78.47,60.81,52.07,81.84,82.88,73.89999999999999,64.27,20.3,3,4.8,1,56.44,-8.740000000000002,4.142857142857143,0,69.295,12.305135106938078,88.30763349050594,2
77.31,48.77,46.78,97.31,54.92,37.3,65.73,12.8,6,7.4,1,47.775000000000006,-1.990000000000002,1.7066666666666668,2,58.46833333333334,21.226260543644205,75.62842236881819,2
84.44,46.49,55.83,59.3,90.43,76.8,60.19,8.9,1,8.8,0,51.16,9.339999999999996,1.0,1,64.84,15.925491515177796,76.78825201326387,2
84.31,69.61,73.74,67.78,63.8,85.7,56.09,18.1,6,5.3,1,71.675,4.129999999999996,3.3518518518518525,0,69.45333333333333,9.956838186224916,82.37852370221009,2
59.55,65.55,45.1,89.9,95.47,55.3,89.96,10.3,1,5.2,1,55.325,-20.45,1.9433962264150944,1,73.54666666666667,21.088204918073675,123.5040582143857,1
59.35,95.28,67.53,62.89,74.25,73.89999999999999,68.99,16.6,9,7.8,0,81.405,-27.75,2.1012658227848107,0,73.80666666666666,11.340897083858342,124.35832631283346,1
70.59,40.36,80.41,58.41,91.33,94.4,90.71,19.4,7,6.9,0,60.385,40.05,2.771428571428572,1,75.93666666666665,21.85861264277005,107.5742550880672,1
91.23,67.9,95.23,94.72,90.78,78.3,77.04,24.3,3,5.0,0,81.565,27.33,4.764705882352942,0,83.995,11.199474541245223,92.06949468376632,0
78.13,60.8,76.25,98.22,80.61,12.6,99.72,16.2,4,6.6,1,68.525,15.450000000000005,2.4179104477611943,0,71.36666666666667,32.24740216927042,91.34348735014294,0
78.93,65.75,59.2,65.84,91.59,72.0,98.26,15.6,6,8.3,1,62.475,-6.549999999999997,1.857142857142857,0,75.44,15.768336627558408,95.5783605726593,1
68.86,58.26,54.02,50.79,81.32,13.2,88.2,24.8,1,7.3,1,56.14,-4.239999999999995,3.351351351351352,0,57.63166666666666,26.57058705912736,83.69396843837738,2
67.73,69.61,68.65,78.2,81.15,26.6,82.14,25.2,1,6.3,0,69.13,-0.9599999999999936,3.9375,0,67.72500000000001,20.94479863832546,99.99261774693638,1
71.98,91.97,66.18,75.39,74.79,55.3,53.11,6.5,4,4.3,1,79.075,-25.789999999999992,1.4772727272727275,0,69.45666666666668,14.48351016386106,96.49439659164584,2
53.38,89.99,83.46,62.39,79.42,97.9,56.65,20.6,6,6.9,0,86.725,-6.530000000000001,2.942857142857143,0,78.30166666666666,15.940807277759388,146.68727363556886,1
51.46,44.41,62.09,78.66,65.85,77.69999999999999,50.48,16.7,5,7.5,1,53.25,17.680000000000007,2.1973684210526314,1,63.19833333333333,13.945455771206138,122.81059722762014,2
98.28,92.53,90.58,75.43,64.09,74.2,52.09,7.0,8,8.8,0,91.555,-1.9500000000000028,0.7865168539325842,0,74.82,15.456804326897588,76.12942612942612,1
86.05,95.16,62.6,67.07,87.75,44.8,83.92,7.4,2,6.5,1,78.88,-32.559999999999995,1.121212121212121,0,73.55,18.786295004603755,85.47356188262638,1
72.56,59.69,91.7,95.07,73.79,24.0,51.99,13.3,5,8.1,1,75.695,32.010000000000005,1.6219512195121957,0,66.04,26.70702379524907,91.0143329658214,1
86.69,95.12,53.18,60.68,74.31,77.0,68.65,20.5,7,4.4,0,74.15,-41.940000000000005,4.555555555555555,0,71.49000000000001,14.53868769868863,82.46625908409275,2
75.35,57.76,47.04,79.31,82.46,97.1,81.63,12.0,8,4.8,0,52.4,-10.72,2.4489795918367347,1,74.21666666666665,18.34062230859865,98.49590798495908,2
66.91,41.69,81.72,76.01,53.56,33.7,55.39,25.8,9,7.0,1,61.705,40.03,3.633802816901409,1,57.01166666666666,18.78387331374088,85.20649628854682,2
91.75,68.41,84.0,67.43,97.65,68.3,66.99,12.2,3,8.1,1,76.205,15.590000000000003,1.4878048780487805,0,75.46333333333334,12.66899785565799,82.24886466848321,1
85.44,75.9,97.02,87.46,79.66,50.3,86.38,15.9,10,7.9,1,86.46000000000001,21.11999999999999,1.9875,0,79.45333333333333,16.02035538515506,92.99313358302123,0
82.57,44.17,98.65,83.82,95.33,89.5,72.43,14.3,1,7.0,0,71.41,54.48,2.014084507042253,1,80.64999999999999,20.13073570438994,97.67470025432966,1
74.51,80.21,65.65,77.39,87.96,45.7,68.29,20.8,4,8.8,1,72.93,-14.559999999999988,2.337078651685393,0,70.86666666666666,14.75972718808402,95.1102760255894,1
57.58,49.05,97.01,61.07,70.56,45.7,69.48,16.4,3,7.6,1,73.03,47.96000000000001,2.1298701298701297,1,65.47833333333334,18.528835275501446,113.71714715757788,1
98.61,94.47,52.59,90.6,55.58,50.6,88.05,22.9,9,8.1,0,73.53,-41.88,2.792682926829269,0,71.98166666666667,21.037042963940216,72.99631545144172,1
60.13,72.78,45.92,81.37,54.75,28.9,95.63,12.7,8,7.7,0,59.35,-26.86,1.6282051282051282,1,63.225,24.57688894062876,105.14718110760018,1
90.19,80.71,70.46,70.59,96.77,31.1,63.29,21.1,6,6.7,1,75.585,-10.25,3.1029411764705883,0,68.82000000000001,21.82556482659727,76.3055771149795,1
76.29,94.92,42.35,67.92,54.72,11.8,88.48,18.0,6,5.5,1,68.635,-52.57,3.2142857142857144,1,60.031666666666666,30.84113513907468,78.68877528728099,2
70.31,47.65,95.76,98.61,72.63,47.6,78.67,29.3,2,8.5,0,71.705,48.11000000000001,3.406976744186047,1,73.48666666666666,22.327278980356443,104.51808656900393,1
90.18,75.77,60.62,86.85,94.83,43.2,59.71,9.3,9,6.8,0,68.195,-15.15,1.347826086956522,0,70.16333333333333,19.212978599547405,77.80365195534856,2
61.7,77.54,57.22,63.73,97.34,84.9,64.25,15.5,8,5.8,1,67.38,-20.320000000000007,2.6271186440677967,0,74.16333333333334,15.218678873892658,120.19989195029716,2
56.84,62.48,46.06,62.28,54.72,56.6,71.94,12.2,9,6.0,0,54.27,-16.419999999999995,2.0,1,59.01333333333333,8.738802358828504,103.82359840487918,2
80.42,64.86,76.39,60.78,62.73,47.1,92.0,26.5,9,6.4,0,70.625,11.53,4.076923076923077,0,67.31,15.297754083524811,83.69808505346928,1
69.45,75.24,47.14,55.75,91.87,91.9,55.87,18.3,8,5.3,1,61.19,-28.099999999999994,3.3888888888888893,1,69.62833333333333,19.543974433739592,100.2567794576434,2
73.59,54.15,67.05,57.28,74.46,94.3,88.53,13.3,1,8.8,1,60.6,12.9,1.4943820224719102,0,72.62833333333333,16.334118178422326,98.6932101281877,1
69.06,57.33,42.02,77.44,71.63,83.3,61.11,5.6,1,7.5,0,49.675,-15.309999999999995,0.7368421052631579,1,65.47166666666666,15.061919421729309,94.80403513852688,2
80.59,61.65,65.96,68.45,75.44,49.7,50.12,29.8,5,5.7,0,63.80499999999999,4.309999999999995,5.137931034482759,0,61.88666666666666,10.29939350965224,76.79199238946104,2
69.51,91.13,91.83,67.98,95.66,18.8,96.61,27.1,4,8.3,0,91.48,0.7000000000000028,3.2261904761904763,0,77.00166666666668,30.40044040251172,110.77782573250852,0
92.34,92.84,66.04,54.65,82.06,26.3,64.11,21.2,7,6.8,1,79.44,-26.8,3.0724637681159424,0,64.33333333333334,23.108997093484323,69.67005992347124,2
88.96,46.01,95.6,82.53,84.37,38.5,88.76,9.0,10,5.1,0,70.80499999999999,49.59,1.730769230769231,1,72.62833333333333,24.07121385943523,81.64156175059952,0
92.12,57.5,67.05,70.91,59.92,96.1,99.45,21.1,10,8.5,1,62.275,9.549999999999995,2.453488372093024,0,75.155,18.201402967903327,81.58380373425966,1
91.92,64.14,78.69,88.06,89.88,47.3,67.19,23.0,2,4.5,1,71.41499999999999,14.549999999999995,5.0,0,72.54333333333334,16.221026683495303,78.92007542790833,1
96.09,89.24,71.55,98.27,65.23,61.4,87.25,18.7,6,5.9,1,80.395,-17.689999999999998,3.1166666666666667,0,78.82333333333334,14.825256377771908,82.03073507475631,0
87.08,99.35,49.45,79.7,91.11,36.2,71.72,7.7,10,4.5,0,74.4,-49.89999999999999,1.673913043478261,1,71.255,24.32856489807814,81.82705558107487,1
89.73,46.2,57.57,92.42,80.8,0.7000000000000001,52.67,9.1,1,5.3,1,51.885000000000005,11.369999999999996,1.6851851851851851,1,55.06,31.949455707413858,61.36186336788143,2
63.57,55.38,48.74,94.62,71.17,88.3,54.76,27.9,8,4.8,1,52.06,-6.640000000000001,5.6938775510204085,1,68.82833333333333,19.14239318023393,108.2717214619055,2
81.46,73.8,80.89,84.38,53.11,63.0,89.37,6.7,6,4.9,0,77.345,7.090000000000003,1.34,0,74.09166666666667,13.775594965977572,90.95466077420411,1
67.43,86.26,42.24,68.72,51.81,76.39999999999999,93.66,12.6,4,6.9,1,64.25,-44.02,1.8,1,69.84833333333334,19.840046790939446,103.58643531563597,1
52.41,74.38,85.79,76.5,70.29,1.7000000000000002,59.96,15.3,10,6.6,1,80.08500000000001,11.41000000000001,2.283582089552239,0,61.43666666666667,30.451765575523968,117.2231762386313,2
93.44,82.67,98.3,83.35,78.93,53.9,58.27,20.7,5,5.1,0,90.485,15.629999999999995,3.9807692307692313,0,75.90333333333332,16.775536553763835,81.23216324200912,1
53.16,76.7,93.23,79.74,61.06,95.7,53.22,25.9,6,6.0,0,84.965,16.53,4.245901639344262,0,76.60833333333333,16.96674443335158,144.10897918234264,1
53.11,75.7,44.73,98.51,62.5,47.7,75.81,18.8,7,6.1,1,60.215,-30.97000000000001,3.032258064516129,1,67.49166666666666,20.166450770194214,127.07901838950605,2
65.48,56.48,41.01,64.17,66.67,9.8,69.65,20.8,3,5.4,0,48.745,-15.47,3.7818181818181817,1,51.29666666666666,22.775261725536037,78.33944206882506,2
58.48,85.97,98.54,95.09,59.14,83.3,63.88,22.4,7,7.1,1,92.255,12.570000000000007,3.111111111111111,0,80.98666666666666,16.16863341988638,138.4860921112631,0
85.76,70.3,58.11,89.18,73.66,95.2,66.89,22.6,10,7.9,0,64.205,-12.189999999999998,2.825,0,75.55666666666666,14.015583707668643,88.10245646766168,1
58.32,50.14,89.22,73.29,54.18,42.9,64.33,24.2,8,4.4,0,69.68,39.08,5.377777777777777,0,62.34333333333333,16.969007827998276,106.89871970736168,2
64.84,44.54,80.22,94.09,99.16,96.1,52.58,9.6,2,5.1,1,62.38,35.68,1.8461538461538465,1,77.78166666666667,23.683893612889467,119.95938720954142,1
83.08,49.06,89.22,52.38,76.62,20.0,68.17,14.4,7,5.2,0,69.14,40.16,2.716981132075472,1,59.24166666666667,24.37654316482685,71.30677258866956,2
93.78,84.8,68.45,80.98,81.0,37.6,59.14,16.2,9,7.4,1,76.625,-16.349999999999994,2.16,0,68.66166666666668,17.999753794612488,73.21568209284142,2
87.94,82.04,92.54,77.85,82.71,71.7,52.12,16.1,8,6.4,0,87.29,10.5,2.476923076923077,0,76.49333333333333,13.753428178700274,86.98354938973542,1
83.96,50.99,94.2,53.99,53.04,7.5,55.11,25.3,7,6.9,0,72.595,43.21,3.6142857142857134,0,52.47166666666667,27.479043226915064,62.49602985548675,2
96.06,88.84,82.97,50.59,53.36,82.30000000000001,63.36,26.4,8,7.6,1,85.905,-5.8700000000000045,3.428571428571429,0,70.23666666666666,16.564104161308173,73.11749600943854,1
52.37,67.26,83.73,93.03,61.62,64.80000000000001,86.84,15.3,3,7.9,0,75.495,16.47,1.9125,0,76.21333333333332,13.233429890495762,145.5286105276558,0
70.1,88.85,51.17,65.28,69.61,87.10000000000001,80.88,10.9,10,6.6,1,70.00999999999999,-37.67999999999999,1.6268656716417913,0,73.815,14.531214333289562,105.29957203994294,1
71.69,75.38,40.97,88.29,94.38,84.9,52.24,28.4,10,5.0,0,58.175,-34.41,5.568627450980392,1,72.69333333333333,21.42193797644524,101.39954433440276,2
50.3,40.6,84.49,53.02,74.69,69.2,68.95,7.5,3,5.3,1,62.545,43.88999999999999,1.388888888888889,1,65.15833333333333,15.784351005558214,129.53943008614976,2
62.89,97.67,53.27,91.28,91.88,25.5,76.7,20.4,6,6.9,0,75.47,-44.4,2.914285714285714,0,72.71666666666667,28.13521968399512,115.62516563311604,1
83.69,84.8,76.27,69.82,73.79,72.9,56.75,17.6,2,5.2,0,80.535,-8.530000000000001,3.3207547169811327,0,72.38833333333334,9.19235642621992,86.49579798462581,1
68.32,46.45,56.78,58.76,99.17,38.1,98.57,17.8,7,4.6,1,51.615,10.329999999999998,3.787234042553192,1,66.305,26.3003199600309,97.05064402810306,1
86.2,70.0,85.54,67.58,77.77,44.900000000000006,93.14,7.9,4,8.2,1,77.77000000000001,15.540000000000006,0.9518072289156628,0,73.15499999999999,16.813484766698426,84.86658932714616,1
99.23,94.97,43.71,90.3,89.31,67.2,69.86,6.0,2,5.2,0,69.34,-51.26,1.1320754716981132,1,75.89166666666667,19.48958841706686,76.48056703281937,1
97.18,54.83,89.23,70.02,65.01,48.8,82.84,16.6,5,4.1,1,72.03,34.400000000000006,3.9523809523809534,0,68.455,15.651234775569629,70.44144885778965,1
56.39,68.22,79.19,98.08,82.13,90.0,80.04,27.3,2,5.7,1,73.705,10.97,4.706896551724138,0,82.94333333333334,10.186953748136224,147.08872731571793,0
60.87,72.63,83.54,94.47,83.71,66.7,63.42,14.2,1,8.4,1,78.08500000000001,10.91000000000001,1.6705882352941177,0,77.41166666666668,11.845531506296652,127.1754011280872,1
78.09,95.16,62.67,52.67,74.42,16.9,51.53,19.8,10,6.6,0,78.91499999999999,-32.489999999999995,2.9552238805970155,0,58.89166666666667,26.180146230811367,75.41511930678277,2
68.76,70.5,56.44,81.53,55.14,55.1,71.62,10.6,9,8.2,1,63.47,-14.060000000000002,1.27710843373494,0,65.055,11.097750672996758,94.61169284467714,2
75.75,82.63,89.17,84.11,77.97,78.3,53.3,23.9,6,6.2,1,85.9,6.540000000000006,3.7936507936507935,0,77.58,12.590952307113232,102.4158415841584,1
66.73,87.69,50.51,77.85,99.05,68.3,83.93,16.7,6,8.0,1,69.1,-37.18,2.061728395061728,0,77.88833333333334,16.863577813342776,116.72161446625704,1
95.33,92.19,47.15,73.44,62.79,58.4,88.34,15.7,10,4.9,0,69.67,-45.04,3.14,1,70.38499999999999,17.59751431310684,73.83300115388649,1
66.93,93.31,93.56,88.35,93.76,89.3,87.94,28.2,5,7.9,0,93.435,0.25,3.525,0,91.03666666666668,2.784792032929333,136.0177299666318,0
59.6,48.79,53.16,81.08,79.39,58.9,52.96,23.5,7,8.8,0,50.975,4.369999999999997,2.640449438202247,1,62.37999999999999,14.20966853941358,104.66442953020132,2
59.56,76.4,71.35,93.02,63.93,95.7,84.8,17.1,3,7.6,0,73.875,-5.050000000000011,2.220779220779221,0,80.86666666666666,12.494567886352318,135.77344974255652,1
76.98,81.59,50.17,84.76,99.7,19.3,60.65,23.7,9,6.5,1,65.88,-31.42,3.590909090909091,0,66.02833333333332,28.950897337848904,85.77336104615915,2
59.93,98.67,89.64,78.89,92.98,22.5,60.34,5.7,8,8.0,0,94.155,-9.03,0.7037037037037037,0,73.83666666666666,28.55190548223825,123.20485010289782,1
98.67,84.51,62.5,61.47,81.53,85.60000000000001,98.8,27.0,8,7.1,1,73.505,-22.010000000000005,3.75,0,79.06833333333334,14.504370950395147,80.13411709063884,1
94.73,99.13,80.05,58.63,94.6,32.3,63.81,14.3,10,8.8,0,89.59,-19.08,1.6067415730337078,0,71.42,25.026002477423354,75.39322284387205,1
97.78,86.92,52.8,62.65,64.03,15.8,94.51,15.9,5,8.3,0,69.86,-34.120000000000005,1.8928571428571428,0,62.785,27.92071829305257,64.2104724892616,1
53.58,87.85,56.09,50.44,86.61,82.69999999999999,57.63,30.0,4,4.4,1,71.97,-31.75999999999999,6.666666666666667,0,70.22,17.231441030859834,131.05636431504294,2
82.55,93.04,77.15,56.13,55.11,91.2,66.76,11.1,10,7.0,1,85.095,-15.89,1.563380281690141,0,73.23166666666667,16.69328417857513,88.71189178275793,1
83.39,54.2,90.86,73.29,68.68,95.8,58.0,24.4,8,7.7,0,72.53,36.66,3.128205128205128,0,73.47166666666668,16.939133881833115,88.10608786025504,1
76.31,82.8,87.99,75.29,89.27,9.9,51.76,11.3,5,4.5,1,85.395,5.189999999999998,2.456521739130435,0,66.16833333333332,30.80069701592265,86.70991132660637,1
81.41,65.35,56.55,78.61,68.35,46.6,55.24,28.3,9,8.4,0,60.95,-8.799999999999997,3.3294117647058825,0,61.78333333333334,11.311193865665402,75.89157761126808,2
85.35,40.49,51.37,52.53,61.8,4.699999999999999,80.1,22.9,9,7.1,0,45.93,10.879999999999995,3.180555555555556,1,48.498333333333335,25.2290621440169,56.82288615504785,2
78.16,52.6,81.61,78.02,76.78,47.6,69.41,17.9,2,8.7,1,67.105,29.01,2.034090909090909,0,67.67,14.26447054748265,86.57881269191402,1
72.97,64.11,89.23,81.41,81.31,79.6,96.65,25.4,10,5.7,1,76.67,25.120000000000005,4.379310344827586,0,82.05166666666666,10.89509690946651,112.44575396281576,0
79.1,71.87,68.38,74.66,73.0,85.5,75.11,15.7,7,5.3,0,70.125,-3.490000000000009,2.9074074074074074,0,74.75333333333333,5.790232004563088,94.50484618626211,1
69.78,79.79,95.82,78.43,89.49,41.5,53.1,10.9,7,5.8,1,87.805,16.029999999999987,1.8474576271186445,0,73.02166666666668,21.243910578484996,104.6455526894048,1
79.15,79.12,94.93,74.13,92.55,90.3,65.83,5.8,7,5.7,0,87.025,15.810000000000002,1.0,0,82.81,11.620163510037198,104.62413139608336,0
88.08,53.71,97.0,53.69,87.31,81.4,84.76,17.3,1,8.1,1,75.355,43.29,2.109756097560976,0,76.31166666666667,18.26916026167231,86.63904026642446,1
54.03,60.37,94.93,62.33,57.47,77.69999999999999,54.48,23.3,8,8.2,1,77.65,34.56000000000001,2.807228915662651,0,67.88000000000001,15.512998420679352,125.63390708865448,2
60.82,70.62,99.15,74.69,61.39,48.0,80.77,19.4,4,5.5,0,84.885,28.53,3.4642857142857144,0,72.43666666666667,17.381622095381854,119.10007672914612,1
65.03,59.53,92.62,74.8,77.71,5.4,97.86,6.5,10,5.7,0,76.075,33.09,1.120689655172414,0,67.98666666666666,33.552311197094404,104.5466195089446,0
64.1,85.76,83.43,71.09,91.84,20.0,94.58,5.5,9,6.5,1,84.595,-2.3299999999999983,0.8333333333333334,0,74.45,27.900815758683475,116.14664586583466,0
77.26,90.1,95.39,68.29,87.31,90.7,86.09,29.5,6,7.0,1,92.745,5.290000000000006,4.154929577464789,0,86.31333333333333,9.4005460834287,111.71800845629475,0
81.62,78.67,44.72,67.8,58.84,4.3,91.49,15.7,4,5.3,0,61.695,-33.95,2.9074074074074074,1,57.63666666666666,30.67517215382281,70.61586212529608,2
78.26,69.37,82.29,50.86,65.93,89.7,87.55,23.9,9,5.0,1,75.83000000000001,12.920000000000002,4.686274509803922,0,74.28333333333335,14.969010209986052,94.91864724422864,1
92.74,96.93,95.22,63.03,73.11,98.5,76.02,14.1,5,7.8,1,96.075,-1.710000000000008,1.7848101265822789,0,83.80166666666666,15.00067120720492,90.3619437854935,0
71.4,88.6,40.81,55.89,93.04,15.6,77.42,16.9,7,8.5,0,64.705,-47.78999999999999,1.9651162790697676,1,61.89333333333335,30.159767682571207,86.68534080298787,2
91.64,51.5,44.85,90.66,86.55,34.7,89.55,22.9,1,6.7,1,48.175,-6.649999999999999,3.367647058823529,1,66.30166666666666,25.38399922523373,72.35013822202822,2
68.3,96.03,84.01,58.15,91.15,15.0,77.97,13.1,2,7.6,1,90.02000000000001,-12.019999999999996,1.7012987012987013,0,70.385,30.163612349982223,103.0527086383602,1
59.48,70.3,62.51,55.39,98.43,92.4,62.22,10.4,9,4.4,0,66.405,-7.789999999999999,2.311111111111112,0,73.54166666666667,17.691439078454493,123.64099977583504,2
57.94,53.19,78.17,60.76,99.28,76.9,78.68,25.8,9,8.4,0,65.68,24.980000000000004,3.0352941176470587,0,74.49666666666666,16.085106983376477,128.57553791278332,1
75.54,53.38,83.61,67.78,90.16,86.8,88.76,6.4,7,5.7,1,68.495,30.23,1.103448275862069,0,78.415,14.71132047098424,103.80593063277732,1
82.05,58.71,45.78,54.1,64.24,99.2,82.1,15.7,8,5.6,1,52.245000000000005,-12.93,2.754385964912281,1,67.355,19.784508838988145,82.09018890920171,2
89.77,56.86,82.38,54.97,50.77,6.2,63.95,7.7,6,7.3,0,69.62,25.52,1.0405405405405406,0,52.52166666666667,25.28124792542224,58.5069251048977,2
54.9,77.5,66.23,64.78,70.69,94.9,65.66,22.1,10,7.1,0,71.86500000000001,-11.269999999999996,3.069444444444445,0,73.29333333333334,11.5927281804874,133.50333940497876,2
66.51,81.83,40.67,55.09,59.2,97.5,68.34,13.4,4,8.4,0,61.25,-41.16,1.576470588235294,1,67.105,20.237911700568315,100.89460231544128,2
96.61,51.07,78.12,60.56,58.33,48.5,77.34,16.9,7,4.0,1,64.595,27.050000000000004,4.121951219512195,0,62.31999999999999,12.742158372897428,64.50677983645585,2
61.81,70.85,73.44,99.28,99.36,59.2,96.2,7.0,2,5.2,1,72.145,2.5900000000000034,1.3207547169811322,0,83.05499999999999,17.391756380538453,134.3714609286523,0
74.81,96.02,75.85,99.87,85.6,44.6,57.06,19.2,4,8.5,0,85.935,-20.17,2.232558139534884,0,76.50000000000001,21.936013311447454,102.25905627589896,1
57.9,83.73,51.69,97.2,89.11,65.5,51.28,28.8,8,6.9,1,67.71000000000001,-32.040000000000006,4.114285714285715,0,73.085,19.70982572221277,126.22625215889464,2
82.3,81.33,40.98,80.96,64.6,59.400000000000006,51.85,6.0,7,6.0,1,61.155,-40.35,0.9836065573770492,1,63.18666666666667,16.019140634461845,76.77602268124747,2
70.54,40.83,82.15,62.45,92.12,73.7,51.96,23.6,4,5.2,0,61.49,41.32000000000001,4.452830188679246,1,67.20166666666667,19.16745096946036,95.2674605424818,2
77.37,87.58,78.44,50.51,66.31,56.3,71.78,21.6,4,6.1,1,83.00999999999999,-9.14,3.483870967741936,0,68.48666666666666,13.790457086937572,88.51837490844858,1
82.57,94.6,70.88,68.26,51.55,19.8,95.86,8.7,4,7.7,1,82.74,-23.72,1.1153846153846154,0,66.825,28.55752212640305,80.93133099188569,1
63.25,72.86,90.87,79.21,74.69,1.7000000000000002,60.15,17.1,8,5.8,0,81.86500000000001,18.010000000000005,2.8983050847457634,0,63.24666666666666,31.74531188485422,99.9947299077734,1
75.7,81.36,71.18,82.1,96.31,95.9,93.25,28.6,10,4.5,0,76.27000000000001,-10.179999999999993,6.217391304347827,0,86.68333333333334,10.103850091260592,114.50902686041393,0
53.87,63.38,52.44,79.39,66.72,22.5,72.92,19.9,10,7.0,1,57.91,-10.940000000000005,2.8028169014084505,0,59.55833333333333,20.30622802656039,110.5593713260318,2
51.08,86.9,47.62,62.85,86.65,60.5,88.72,10.5,4,4.7,1,67.26,-39.28000000000001,2.1875,1,72.20666666666666,17.471642929806766,141.35995823544764,1
80.23,77.92,56.57,72.71,78.01,76.2,99.34,24.4,8,8.4,0,67.245,-21.35,2.8705882352941177,0,76.79166666666667,13.69022047545863,95.71440442062404,1
75.52,43.17,64.32,62.63,88.03,56.5,87.28,10.9,10,8.2,0,53.745,21.14999999999999,1.313253012048193,1,66.98833333333333,17.651836637207662,88.70277189265536,2
76.16,78.12,52.81,89.39,96.89,89.9,79.61,13.0,3,5.1,1,65.465,-25.31,2.5000000000000004,0,81.12,15.53647579086068,106.51260504201682,1
87.3,75.4,49.35,91.45,70.6,50.5,52.87,11.4,10,4.8,0,62.375,-26.050000000000004,2.3265306122448983,1,65.02833333333332,16.97896983525993,74.48835433371515,2
98.45,53.34,67.09,96.6,75.11,45.2,62.24,13.1,4,4.3,1,60.215,13.75,2.9772727272727275,0,66.59666666666666,18.03029302775378,67.64516675131199,2
73.0,66.25,55.79,99.24,59.61,80.39999999999999,53.71,27.5,4,8.2,0,61.02,-10.46,3.313253012048193,0,69.16666666666666,17.59700959443583,94.74885844748856,2
79.1,67.38,97.4,91.09,81.03,23.9,93.67,19.1,1,7.2,0,82.39,30.02000000000001,2.616438356164384,0,75.74499999999999,27.609861100700964,95.75853350189632,0
74.56,83.49,50.03,56.35,74.06,71.3,86.56,29.8,2,4.2,0,66.75999999999999,-33.459999999999994,6.930232558139536,0,70.29833333333333,14.55318991378408,94.28424535050073,1
66.68,40.06,66.67,91.55,64.92,66.8,81.05,20.2,2,5.8,0,53.365,26.61,3.4237288135593222,1,68.50833333333334,17.416621275857917,102.74195160967808,1
84.42,69.31,65.25,88.6,53.88,42.7,78.52,28.7,2,4.7,0,67.28,-4.060000000000002,5.979166666666667,0,66.37666666666667,16.540629572862894,78.62670773118533,1
71.96,76.15,94.71,94.47,56.65,17.5,50.59,13.0,7,7.6,1,85.43,18.559999999999988,1.6883116883116884,0,65.01166666666667,29.695478724322104,90.34417268853068,1
51.87,89.97,99.21,82.51,77.16,11.9,84.45,6.0,7,6.3,1,94.59,9.239999999999997,0.9375,0,74.2,31.427259505085708,143.04993252361675,0
59.36,63.66,72.94,77.61,89.77,34.4,68.5,28.9,8,7.2,0,68.3,9.28,3.958904109589041,0,67.81333333333332,18.6468503149102,114.24079065588496,1
80.9,78.72,88.51,96.72,82.16,46.1,81.41,14.8,8,5.3,1,83.61500000000001,9.790000000000006,2.740740740740741,0,78.93666666666667,17.336069527625536,97.57313555830244,0
91.78,63.54,94.84,68.35,60.12,73.3,95.81,22.4,4,4.2,1,79.19,31.300000000000004,5.209302325581395,0,75.99333333333333,15.624467564261726,82.7994479552553,0
96.43,83.59,63.48,78.7,77.48,59.8,80.94,21.4,1,5.1,0,73.535,-20.110000000000007,4.115384615384616,0,73.99833333333333,9.865520597853248,76.73787548826436,1
61.8,57.68,76.03,86.0,63.24,31.8,59.78,22.4,9,6.7,1,66.855,18.35,3.294117647058824,0,62.42166666666666,18.48752272930764,101.0059331175836,2
74.14,93.47,73.99,89.56,81.18,57.9,70.9,11.0,8,5.8,0,83.72999999999999,-19.480000000000004,1.864406779661017,0,77.83333333333333,13.06445814669199,104.98156640589872,1
69.93,69.56,51.37,56.17,67.14,45.2,56.36,13.0,10,7.0,1,60.465,-18.190000000000005,1.8309859154929575,0,57.63333333333333,9.275795743043648,82.41574908241574,2
51.45,56.29,96.73,75.75,70.02,2.0,83.21,27.0,6,5.0,0,76.51,40.440000000000005,5.294117647058824,0,64.0,33.2205478582157,124.39261418853252,1
63.46,68.38,89.23,93.28,70.37,39.3,99.8,21.7,7,7.8,0,78.805,20.85000000000001,2.7468354430379747,0,76.72666666666667,22.242096723705405,120.90555730643976,0
55.79,42.25,76.44,80.83,65.5,31.1,88.39,16.8,7,8.3,1,59.345,34.19,2.0,1,64.085,22.762046261265706,114.86825595984944,1
95.74,64.29,82.19,71.28,50.61,40.9,75.92,22.3,5,4.5,0,73.24000000000001,17.89999999999999,4.847826086956522,0,64.19833333333334,15.73982899102359,67.05487083072211,1
61.05,50.51,70.57,84.53,72.26,7.0,51.54,8.2,6,5.4,1,60.53999999999999,20.059999999999995,1.4909090909090907,0,56.068333333333335,27.35557377695936,91.84002184002183,2
62.65,64.62,40.61,84.51,61.2,81.4,96.29,27.1,6,8.6,1,52.615,-24.010000000000005,3.1149425287356327,1,71.43833333333335,19.94696910978374,114.0276669326949,1
74.07,70.89,96.25,83.92,73.1,44.1,75.79,18.8,10,8.8,1,83.57,25.36,2.1123595505617976,0,74.00833333333334,17.327231073274998,99.91674542099815,1
52.67,75.91,91.45,97.24,76.14,29.4,60.22,7.7,5,4.8,1,83.68,15.540000000000006,1.5714285714285716,0,71.72666666666667,24.498440494583868,136.18125435099043,1
67.47,93.03,60.73,54.55,92.41,63.8,64.23,29.8,2,8.6,1,76.88,-32.300000000000004,3.42528735632184,0,71.45833333333334,16.829717070309492,105.91126920606692,2
90.66,70.55,81.86,74.18,88.75,66.3,90.04,10.9,6,4.7,1,76.205,11.310000000000002,2.270833333333333,0,78.61333333333334,9.799505429697293,86.71225825428341,0
68.94,71.26,88.17,64.11,69.03,75.9,94.32,29.9,8,6.3,1,79.715,16.909999999999997,4.671875,0,77.13166666666667,11.734375853306668,111.882313122522,0
98.57,40.59,45.24,69.07,56.58,25.7,81.47,21.1,6,8.0,1,42.915000000000006,4.649999999999999,2.6049382716049387,2,53.10833333333333,20.20419502644603,53.87880017584796,2
63.11,81.72,70.84,56.97,71.41,18.2,89.35,12.9,7,7.2,1,76.28,-10.879999999999995,1.767123287671233,0,64.74833333333333,25.30618692467648,102.59599640838748,1
78.42,83.56,65.56,63.3,77.15,93.7,53.67,24.6,6,8.3,1,74.56,-18.0,2.928571428571429,0,72.82333333333334,14.697832039680774,92.8632151661991,2
59.86,81.55,93.91,80.6,82.43,15.3,76.67,19.6,10,8.9,0,87.72999999999999,12.36,2.177777777777778,0,71.74333333333333,28.24995268432616,119.85187660095777,1
59.34,45.91,58.27,65.85,57.37,18.1,73.0,12.5,8,5.5,0,52.09,12.360000000000008,2.232142857142857,1,53.083333333333336,19.39189899588657,89.45624087181216,2
73.33,95.2,81.83,60.46,80.97,61.3,71.74,26.3,4,5.1,0,88.515,-13.370000000000005,5.057692307692308,0,75.25000000000001,13.414052333280948,102.61830083185602,1
51.33,51.57,91.33,82.89,58.03,48.8,90.55,19.9,6,7.2,0,71.45,39.76,2.7260273972602738,0,70.52833333333335,19.870251550160773,137.40177933632057,1
51.45,57.6,63.32,56.87,83.43,62.7,92.05,16.3,8,4.6,0,60.46,5.719999999999999,3.468085106382979,0,69.32833333333333,14.750795797741445,134.74894719792678,1
73.6,56.88,79.25,96.58,68.57,25.2,64.02,22.0,5,4.0,1,68.065,22.37,5.365853658536586,0,65.08333333333333,23.93322766921893,88.4284420289855,1
65.98,72.85,54.71,66.71,98.24,49.0,95.63,22.1,3,7.1,0,63.78,-18.139999999999997,3.069444444444445,0,72.85666666666667,20.489811777238625,110.42235020713348,1
97.16,55.32,45.48,52.98,56.27,31.3,97.25,27.2,8,4.3,1,50.4,-9.840000000000003,6.181818181818183,1,56.43333333333334,22.04927179447581,58.0828873336078,2
83.33,51.04,56.17,70.85,97.57,93.1,96.76,20.6,8,4.7,0,53.605,5.130000000000003,4.291666666666667,0,77.58166666666666,21.05419427730889,93.10172406896277,1
68.15,59.19,60.27,97.1,64.09,17.4,73.43,5.3,4,4.2,0,59.73,1.0800000000000054,1.2325581395348837,0,61.91333333333333,25.950055619722026,90.84861824406944,2
91.36,88.41,59.76,87.88,88.53,81.5,96.46,19.1,4,8.9,1,74.085,-28.65,2.1222222222222222,0,83.75666666666666,12.678701300475009,91.67761237594864,0
92.58,43.23,55.17,58.38,61.89,25.6,53.25,7.7,2,7.1,1,49.2,11.940000000000005,1.0694444444444446,1,49.586666666666666,13.33458460795336,53.56088428026212,2
92.59,99.28,58.16,55.01,75.7,81.5,62.14,24.3,10,6.5,0,78.72,-41.120000000000005,3.681818181818182,0,71.96499999999999,16.885238227516957,77.7243762825359,2
74.1,83.13,70.24,99.64,95.32,25.2,93.05,12.4,4,5.8,0,76.685,-12.89,2.101694915254237,0,77.76333333333334,27.81658833621885,104.9437696806118,0
86.92,66.04,58.03,81.61,93.71,86.7,76.7,29.3,9,5.7,0,62.035,-8.010000000000005,5.051724137931035,0,77.13166666666666,13.225238624186204,88.73868691517103,1
58.14,92.14,43.86,99.86,73.02,65.3,52.47,18.6,8,8.9,0,68.0,-48.28,2.066666666666667,1,71.10833333333333,21.89173215318209,122.3053548904942,2
95.38,59.5,51.34,63.8,73.42,41.5,74.61,23.3,5,8.2,1,55.42,-8.159999999999997,2.807228915662651,0,60.695,12.82642545684494,63.63493394841686,2
90.48,54.48,68.48,58.17,83.29,56.5,70.78,28.4,1,4.3,1,61.48,14.000000000000009,6.454545454545455,0,65.28333333333335,11.037486428832732,72.15222516946656,2
79.41,65.74,94.06,53.35,60.72,29.0,85.32,27.9,1,6.2,1,79.9,28.320000000000007,4.428571428571429,0,64.69833333333334,23.269845222232718,81.47378583721616,1
65.75,87.59,62.09,79.11,75.28,23.8,84.75,23.9,9,7.0,1,74.84,-25.5,3.3661971830985915,0,68.77000000000001,23.772975413271265,104.59315589353614,1
65.0,43.76,81.42,82.13,58.8,45.6,56.9,21.7,3,5.6,1,62.59,37.66,3.8070175438596494,1,61.435,16.84247933054988,94.51538461538462,2
50.92,69.98,46.83,82.33,71.2,14.2,88.68,14.8,6,6.6,1,58.405,-23.15000000000001,2.208955223880597,1,62.203333333333326,27.525161337704574,122.158942131448,2
63.27,40.73,92.85,81.75,91.33,10.1,59.89,7.5,2,7.4,1,66.78999999999999,52.12,1.0,1,62.775,32.70750724222193,99.21763869132288,2
97.95,52.71,77.9,84.74,86.99,79.2,97.82,25.5,2,4.3,0,65.305,25.190000000000005,5.795454545454546,0,79.89333333333333,15.090433614269228,81.56542453632805,0
78.01,82.02,75.89,66.24,62.87,69.5,51.45,6.7,7,6.9,1,78.955,-6.129999999999996,0.9571428571428572,0,67.99499999999999,10.624305624369056,87.16190232021535,2
78.37,46.15,65.5,82.07,85.2,7.1,95.4,13.1,6,5.7,0,55.825,19.35,2.2586206896551726,1,63.570000000000014,32.61686067051825,81.11522266173282,1
71.46,61.06,55.79,51.08,89.06,36.0,80.0,22.4,6,5.2,0,58.425,-5.270000000000003,4.226415094339623,0,62.165,19.44620451399193,86.99272320179122,2
83.06,84.52,92.03,88.15,65.02,51.0,63.13,6.5,9,7.2,1,88.275,7.510000000000005,0.8904109589041096,0,73.97500000000001,16.515249619669696,89.06212376595234,1
62.08,77.08,89.64,83.15,59.59,61.4,99.26,27.1,5,6.7,0,83.36,12.560000000000002,3.9852941176470593,0,78.35333333333334,15.675363685307806,126.2134879725086,0
83.23,55.21,91.89,92.28,96.47,0.8,64.49,10.9,6,6.7,0,73.55,36.68,1.6029411764705883,0,66.85666666666667,36.48202936606826,80.32760623172734,1
53.5,92.94,44.75,51.21,99.82,36.6,56.38,25.6,6,7.0,0,68.845,-48.19,3.605633802816902,1,63.616666666666674,26.316099001688425,118.90965732087228,2
94.06,80.07,98.91,74.82,78.97,83.10000000000001,58.14,10.1,8,6.8,1,89.49,18.840000000000003,1.463768115942029,0,79.00166666666667,13.1679602318152,83.99071514636047,1
58.61,98.06,50.07,57.23,70.75,97.1,83.43,7.3,1,6.6,0,74.065,-47.99,1.0895522388059702,0,76.10666666666667,20.195200089790312,129.85269862935792,1
93.55,80.31,74.52,89.47,55.87,64.3,83.59,21.2,9,6.6,0,77.41499999999999,-5.790000000000006,3.164179104477612,0,74.67666666666666,12.581058249076932,79.82540530910386,1
63.62,59.66,44.55,97.57,78.48,11.2,95.4,12.7,2,6.6,1,52.105,-15.11,1.8955223880597016,1,64.47666666666667,33.18490660928047,101.3465367284921,1
82.22,59.43,50.52,80.25,50.07,70.8,74.35,28.6,6,4.8,1,54.975,-8.909999999999997,5.836734693877552,0,64.23666666666666,12.757187255295213,78.1277872374929,2
58.47,77.4,61.87,79.53,53.75,93.0,86.92,25.9,8,5.8,0,69.635,-15.530000000000008,4.389830508474576,0,75.41166666666668,14.935259511192523,128.97497292058608,1
50.92,40.22,52.51,71.6,56.55,45.0,58.77,16.7,5,7.0,1,46.365,12.29,2.352112676056338,1,54.10833333333333,11.063936761689604,106.26145587850222,2
61.17,69.02,49.22,89.92,92.69,0.1,89.6,16.3,5,8.4,1,59.12,-19.8,1.9176470588235293,1,65.09166666666668,35.972297350414905,106.41109476322818,1
84.08,92.12,64.27,81.41,98.97,14.1,60.4,15.5,8,8.7,1,78.195,-27.85000000000001,1.761363636363637,0,68.545,30.645861547686987,81.52354900095148,1
93.81,96.95,67.9,66.37,69.74,94.9,89.02,11.9,10,7.6,1,82.42500000000001,-29.05,1.5454545454545456,0,80.81333333333333,14.311941401035243,86.14575560530149,1
55.48,72.29,46.21,54.49,66.68,15.0,91.37,28.0,9,4.6,1,59.25,-26.080000000000005,5.957446808510639,1,57.67333333333334,26.049135622255623,103.95337659216536,2
91.05,78.86,48.86,50.6,78.28,2.9,57.88,5.8,2,6.2,0,63.86,-30.0,0.9206349206349206,1,52.89666666666667,27.80099974221551,58.0962840929892,2
91.24,66.65,88.97,93.75,65.11,66.8,77.64,28.5,3,8.1,1,77.81,22.319999999999997,3.4756097560975614,0,76.48666666666666,12.45155840313439,83.83019143650445,1
99.27,66.81,40.01,61.91,52.27,38.0,67.49,22.1,2,8.3,1,53.41,-26.800000000000004,2.630952380952381,1,54.415,13.132585046364634,54.81515059937544,2
74.46,84.04,77.82,53.8,93.71,18.3,64.03,9.7,2,8.7,0,80.93,-6.220000000000013,1.1022727272727273,0,65.28333333333335,27.047836635610373,87.6757095532277,2
77.5,76.91,70.0,80.27,85.43,25.3,98.99,29.1,9,7.6,1,73.455,-6.909999999999997,3.77922077922078,0,72.81666666666668,25.22781930065829,93.95698924731184,0
83.09,77.83,64.37,73.3,81.45,76.7,73.05,10.6,4,4.8,1,71.1,-13.459999999999994,2.163265306122449,0,74.45,5.837393253841992,89.60163677939583,1
68.7,66.78,41.73,94.87,88.83,27.1,99.12,9.2,9,5.8,0,54.255,-25.050000000000004,1.5593220338983051,1,69.73833333333333,29.901908578996537,101.51140223192624,1
74.89,82.36,59.39,83.64,58.01,94.9,64.13,29.9,5,7.5,0,70.875,-22.97,3.934210526315789,0,73.73833333333333,15.2693646451536,98.46218898829392,2
89.57,48.99,93.02,85.22,57.31,67.4,64.28,23.5,10,6.6,1,71.005,44.03,3.5074626865671648,1,69.36999999999999,16.739904420276716,77.44780618510661,1
80.7,83.59,70.95,96.34,56.33,54.2,75.28,23.1,9,5.9,0,77.27000000000001,-12.64,3.85,0,72.78166666666668,16.108056886746667,90.18793886823627,1
90.97,57.23,69.23,69.11,87.29,89.1,70.32,16.6,4,6.1,1,63.23,12.000000000000009,2.6774193548387104,0,73.71333333333334,12.211317155273084,81.03037631453594,1
64.65,40.28,69.87,74.15,56.87,9.0,54.73,15.4,4,7.6,0,55.075,29.590000000000003,2.0000000000000004,1,50.81666666666667,23.744834947134645,78.60273266305748,2
76.21,58.9,50.77,69.89,65.88,12.3,73.16,14.6,8,6.3,1,54.835,-8.129999999999995,2.28125,0,55.15,22.477232925785145,72.36583125574073,2
83.7,59.4,40.61,77.67,75.83,45.8,57.9,5.3,5,6.7,0,50.005,-18.79,0.7794117647058824,1,59.535,15.125492058111698,71.12903225806451,2
99.73,81.09,87.01,71.16,50.34,76.8,84.67,19.3,8,5.9,0,84.05000000000001,5.920000000000002,3.216666666666667,0,75.17833333333334,13.421978120480851,75.38186436712458,1
51.59,70.92,64.44,89.38,69.36,74.3,83.86,25.3,9,5.9,1,67.68,-6.480000000000004,4.216666666666667,0,75.37666666666668,9.432839798632576,146.10712670414165,1
54.21,99.83,92.47,68.06,51.83,32.400000000000006,52.33,29.5,10,7.5,1,96.15,-7.359999999999999,3.881578947368421,0,66.15333333333334,25.94552035837144,122.0316054848429,1
53.26,89.75,70.34,99.62,83.89,28.9,83.99,10.1,3,6.1,0,80.045,-19.41,1.6290322580645162,0,76.08166666666666,24.993857978844854,142.84954312179246,0
88.22,59.56,71.88,60.61,95.5,13.9,76.14,9.0,1,8.9,0,65.72,12.319999999999991,1.0,0,62.931666666666665,27.335294706051123,71.3349202750699,2
68.19,53.09,92.76,56.48,77.58,60.5,83.98,9.3,8,7.0,1,72.92500000000001,39.67,1.3098591549295775,0,70.73166666666667,16.289204298143808,103.72733049811802,1
75.29,65.63,70.05,93.26,61.8,96.3,59.31,17.3,1,7.9,1,67.84,4.420000000000002,2.1625,0,74.39166666666667,16.233377241555953,98.80683579049897,1
77.55,82.55,85.77,58.66,66.85,47.2,54.0,24.2,5,5.1,0,84.16,3.219999999999999,4.653846153846154,0,65.83833333333332,15.598953063159932,84.89791532344724,2
65.12,43.58,70.82,72.82,63.64,60.0,59.66,8.9,7,4.6,1,57.2,27.239999999999995,1.893617021276596,1,61.75333333333333,10.449510355354771,94.83005733005731,2
97.97,92.28,52.36,95.17,56.57,51.2,72.44,27.4,4,6.6,1,72.32,-39.92,4.08955223880597,0,70.00333333333333,19.9040464897635,71.45384641556939,1
50.82,53.45,98.33,61.35,55.99,74.1,55.27,23.0,6,7.1,0,75.89,44.88,3.1944444444444446,0,66.415,17.34510622625298,130.68673750491934,2
99.43,41.94,77.52,94.76,77.95,90.5,71.06,15.6,6,8.3,1,59.73,35.58,1.857142857142857,1,75.62166666666667,18.71859440948136,76.05518119950383,1
94.37,56.27,72.29,55.35,63.31,78.89999999999999,54.77,13.1,5,6.7,0,64.28,16.020000000000003,1.9264705882352944,0,63.48166666666666,10.09323023945588,67.26890607890924,2
65.63,55.13,70.41,51.16,77.03,65.19999999999999,67.14,20.8,10,8.2,0,62.77,15.279999999999994,2.5060240963855427,0,64.34499999999998,9.643619133914404,98.0420539387475,2
99.3,71.9,57.66,67.35,53.14,92.4,85.57,19.9,3,6.6,1,64.78,-14.240000000000007,2.970149253731343,0,71.33666666666667,15.366408385392686,71.83954347096342,1
78.19,50.52,54.67,50.69,81.58,25.2,62.83,5.2,9,6.2,1,52.595,4.149999999999999,0.8253968253968255,0,54.24833333333333,18.391360381077487,69.38014238819969,2
87.62,99.84,78.9,95.2,77.48,68.1,56.6,14.9,8,5.4,1,89.37,-20.94,2.709090909090909,0,79.35333333333334,16.241224912754173,90.56531994217454,1
63.8,93.79,63.55,66.13,58.8,88.80000000000001,95.27,9.4,3,8.2,1,78.67,-30.24000000000001,1.1325301204819278,0,77.72333333333333,16.625866192973728,121.82340647857887,1
51.65,81.17,72.87,58.56,86.29,24.3,83.21,11.9,1,4.0,1,77.02000000000001,-8.299999999999997,2.9024390243902443,0,67.73333333333333,23.500684812716983,131.13907712165215,1
66.34,75.05,62.55,72.86,52.17,35.5,83.14,11.5,9,7.1,1,68.8,-12.5,1.5972222222222223,0,63.545,17.43560122278552,95.78685559240276,2
51.09,58.74,82.78,73.48,78.46,27.5,58.73,6.0,2,8.5,0,70.76,24.04,0.6976744186046512,0,63.281666666666666,20.180410716005422,123.86311737456776,2
51.49,78.19,60.32,58.88,93.33,50.2,87.98,9.5,9,8.4,0,69.255,-17.869999999999997,1.1176470588235294,0,71.48333333333333,17.497660034035025,138.82954619019873,1
72.78,53.92,98.72,89.55,53.9,23.1,57.18,10.3,7,6.4,1,76.32,44.8,1.5846153846153848,0,62.72833333333333,27.46458404321221,86.18897132911972,2
79.17,43.44,48.34,66.76,99.24,26.9,51.14,11.0,6,9.0,0,45.89,4.900000000000006,1.208791208791209,2,55.97,24.788419070202924,70.69597069597069,2
96.01,42.2,61.92,80.97,85.59,83.80000000000001,50.24,20.0,8,8.9,1,52.06,19.72,2.2222222222222223,1,67.45333333333333,18.67351029310415,70.25657049612887,2
95.38,66.42,88.97,60.68,65.32,50.6,99.35,22.9,4,5.5,1,77.695,22.55,4.089285714285714,0,71.89,18.4271104625766,75.37219542881107,0
94.42,60.22,48.95,90.02,79.86,82.8,92.6,26.8,10,4.1,1,54.585,-11.269999999999996,6.380952380952382,1,75.74166666666667,17.398680888695747,80.21782108310387,1
59.32,80.65,80.5,80.04,76.07,70.7,54.19,27.8,1,6.7,1,80.575,-0.1500000000000056,4.088235294117648,0,73.69166666666666,10.295578500825814,124.22735446167678,1
70.25,79.51,63.31,69.53,55.43,78.8,90.24,8.1,2,7.6,1,71.41,-16.200000000000003,1.051948051948052,0,72.80333333333333,12.551075916696012,103.63463819691576,1
94.01,51.3,83.61,74.39,96.56,83.10000000000001,55.14,27.0,2,6.4,0,67.455,32.31,4.153846153846154,0,74.01666666666667,17.636642159625133,78.73275892635534,1
54.94,92.77,56.1,92.87,99.61,85.39999999999999,97.83,25.2,1,4.1,1,74.435,-36.67,6.000000000000001,0,87.43,16.126446601778085,159.1372406261376,0
57.64,60.95,78.69,83.21,90.11,4.1,82.98,26.4,9,7.8,0,69.82,17.739999999999995,3.3417721518987342,0,66.67333333333333,32.19075933659637,115.67198704603284,1
58.34,86.02,45.11,98.83,95.01,6.7,89.89,23.9,10,8.9,0,65.565,-40.91,2.6555555555555554,1,70.25999999999999,36.70127518220586,120.4319506342132,1
94.14,90.44,54.18,82.7,93.55,32.1,53.57,19.1,5,8.7,1,72.31,-36.26,2.170454545454546,0,67.75666666666667,24.739111274794546,71.97436442178316,2
100.0,66.24,67.79,51.02,95.27,47.9,65.45,23.3,1,7.1,1,67.015,1.5500000000000114,3.236111111111112,0,65.61166666666666,16.801206405096824,65.61166666666666,2
71.6,70.61,51.2,51.25,93.45,54.8,65.84,8.7,6,8.6,1,60.905,-19.41,1.0,0,64.52499999999999,16.27125655872957,90.11871508379888,2
59.79,82.56,81.74,55.22,58.83,82.69999999999999,63.96,5.1,6,6.7,0,82.15,-0.8200000000000074,0.75,0,70.835,12.902610201040716,118.47298879411272,1
51.78,97.19,89.85,66.48,77.07,8.4,57.82,29.5,3,7.0,0,93.52,-7.340000000000003,4.154929577464789,0,66.13499999999999,31.777277888453565,127.7230590961761,1
59.5,94.97,72.56,80.06,69.1,52.3,90.49,6.2,6,4.8,1,83.765,-22.41,1.2653061224489797,0,76.58,15.52687863029785,128.7058823529412,0
84.96,61.47,96.35,72.17,92.86,78.89999999999999,99.18,17.4,10,8.6,0,78.91,34.879999999999995,2.0,0,83.48833333333333,15.05618466500284,98.26781230382926,0
62.95,45.36,88.84,93.04,69.11,4.1,67.22,29.9,10,8.9,1,67.1,43.48,3.322222222222222,1,61.27833333333334,32.82633845963736,97.34445326979083,1
88.62,57.1,82.04,58.05,67.94,50.6,69.42,13.2,4,7.3,0,69.57000000000001,24.940000000000005,1.7837837837837838,0,64.19166666666668,11.248943802271691,72.43474008876854,2
74.75,90.38,60.17,63.83,78.0,85.1,63.52,5.1,10,4.0,1,75.275,-30.209999999999997,1.2439024390243902,0,73.5,12.73218441588088,98.3277591973244,2
50.87,93.82,56.83,83.74,55.14,5.5,91.31,21.6,1,7.6,1,75.32499999999999,-36.99,2.8051948051948057,0,64.39,33.39455644262999,126.57755061922548,1
80.89,69.01,75.69,92.5,89.44,35.6,99.48,18.3,9,4.4,1,72.35,6.679999999999993,4.066666666666666,0,76.95333333333333,23.1510567073442,95.13330860839824,0
82.61,79.32,40.51,93.18,98.27,85.39999999999999,74.41,20.7,4,5.7,0,59.91499999999999,-38.81,3.5689655172413794,1,78.51499999999999,20.5650409676227,95.04297300568938,1
70.93,47.56,82.31,94.44,94.0,41.2,50.71,17.9,1,6.5,0,64.935,34.75,2.712121212121212,1,68.36999999999999,24.552010101008023,96.3908078387142,2
85.31,84.55,52.59,96.32,59.19,94.6,71.92,22.6,8,8.9,0,68.57,-31.959999999999997,2.511111111111111,0,76.52833333333334,18.316881193769493,89.70616965576525,1
87.38,95.24,83.38,67.47,50.81,55.1,52.95,19.9,9,8.1,0,89.31,-11.86,2.426829268292683,0,67.49166666666666,18.25212909955073,77.2392614633402,2
99.67,47.45,70.73,60.21,93.91,53.3,98.39,25.9,10,6.6,0,59.09,23.28,3.865671641791045,1,70.665,21.254629378090787,70.89896658974617,1
60.74,64.32,81.23,57.43,64.44,77.8,68.52,24.7,6,7.1,1,72.775,16.91000000000001,3.430555555555556,0,68.95666666666666,8.986578140018961,113.52760399517068,2
97.05,53.13,93.32,86.27,97.2,66.9,85.61,24.5,8,7.3,0,73.225,40.18999999999999,3.310810810810811,0,80.40499999999999,16.950930062978845,82.84904688304997,0
99.83,68.47,70.06,97.71,96.04,92.1,51.03,20.0,9,5.5,0,69.265,1.5900000000000034,3.571428571428572,0,79.235,18.89354254765368,79.36992887909446,1
68.64,93.06,89.61,70.5,98.08,15.3,67.58,20.5,1,6.1,1,91.335,-3.450000000000003,3.306451612903226,0,72.355,30.56050506781588,105.41229603729604,1
76.1,88.34,64.5,61.9,63.32,9.1,62.94,8.5,1,6.7,0,76.42,-23.840000000000003,1.25,0,58.35,26.15781565803995,76.67542706964521,2
76.97,61.98,46.46,51.96,99.76,40.9,96.3,15.3,3,4.2,1,54.22,-15.519999999999996,3.558139534883721,1,66.22666666666667,25.622735737361587,86.04218093629554,2
77.72,74.62,47.36,82.67,62.37,85.3,85.1,24.5,8,5.2,0,60.99,-27.260000000000005,4.622641509433962,1,72.90333333333332,15.258989044712846,93.80253902899295,1
92.8,61.4,59.88,89.47,90.8,66.2,81.35,19.1,3,8.9,0,60.64,-1.519999999999996,2.1222222222222222,0,74.85000000000001,14.072830561049186,80.65732758620692,1
61.52,86.48,92.17,75.39,85.94,65.19999999999999,52.29,15.2,1,8.9,1,89.325,5.689999999999998,1.6888888888888889,0,76.245,15.158620979495463,123.93530559167748,1
77.52,67.98,73.54,91.94,92.1,61.2,51.75,11.7,5,7.6,0,70.76,5.560000000000002,1.5194805194805194,0,73.085,16.369390642293315,94.27889576883383,1
66.76,51.58,93.97,83.12,96.7,31.5,57.69,16.8,6,5.8,1,72.775,42.39,2.8474576271186445,0,69.09333333333333,26.182954506064945,103.4951068504094,1
67.1,86.51,77.13,73.55,81.55,70.5,60.78,5.3,1,4.3,1,81.82,-9.38000000000001,1.2045454545454546,0,75.00333333333333,8.994224072518245,111.77844013909588,1
51.75,90.03,55.36,89.01,79.7,14.7,93.94,13.9,7,8.6,0,72.695,-34.67,1.5977011494252875,0,70.45666666666666,30.66256001488895,136.14814814814815,1
65.2,66.97,96.81,96.64,92.98,46.4,58.02,9.1,5,5.5,1,81.89,29.840000000000003,1.625,0,76.30333333333333,22.035495607466306,117.02965235173822,1
53.1,79.07,60.23,72.12,81.86,1.1,58.99,21.5,9,5.5,0,69.64999999999999,-18.84,3.8392857142857135,0,58.895,29.83747894846346,110.91337099811676,2
84.73,74.63,86.15,58.07,92.82,35.0,55.4,16.1,7,7.6,0,80.39,11.52000000000001,2.0909090909090917,0,67.01166666666666,21.586643478472205,79.08847712341161,2
83.97,73.28,59.59,68.84,54.11,58.0,93.91,6.1,2,4.8,0,66.435,-13.689999999999998,1.2448979591836735,0,67.955,14.584650492898346,80.92771227819459,1
80.57,70.9,42.4,98.15,69.09,11.9,55.34,10.2,1,7.2,0,56.650000000000006,-28.500000000000007,1.3972602739726028,1,57.96333333333333,29.247420854951752,71.9415828885855,2
87.9,71.85,56.52,70.55,76.72,29.2,75.86,26.1,4,6.2,0,64.185,-15.329999999999991,4.142857142857143,0,63.45,18.2874733082512,72.18430034129692,2
84.14,45.59,62.56,59.85,90.99,38.6,79.39,20.6,2,6.4,1,54.075,16.97,3.169230769230769,1,62.830000000000005,19.80142924134518,74.67316377466128,2
98.14,73.69,74.81,76.23,98.22,26.9,69.87,13.3,2,8.6,0,74.25,1.1200000000000043,1.5287356321839085,0,69.95333333333333,23.364705576288923,71.2791250594389,1
82.67,48.91,49.63,58.87,78.25,47.0,60.81,25.8,2,5.4,1,49.27,0.720000000000006,4.690909090909091,2,57.245,11.738657078218106,69.24519172614008,2
66.55,95.03,85.51,62.31,59.05,13.2,63.54,28.5,9,6.6,1,90.27,-9.519999999999996,4.253731343283582,0,63.10666666666668,28.38648598658641,94.8259454044578,1
69.71,93.54,85.1,96.76,64.87,69.9,77.02,21.0,10,6.7,1,89.32,-8.440000000000012,3.088235294117647,0,81.19833333333332,12.817413805704591,116.48017979247358,0
99.08,50.43,77.02,97.54,93.63,95.6,89.08,27.2,4,8.7,1,63.725,26.59,3.0909090909090917,0,83.88333333333334,17.95560376781206,84.66222581079263,0
76.57,72.15,71.35,90.91,52.07,28.9,98.77,25.4,2,7.0,1,71.75,-0.8000000000000114,3.5774647887323945,0,69.02499999999999,25.598348188896875,90.14627138566016,1
57.0,66.9,62.66,70.3,81.93,31.5,63.15,28.6,8,5.8,0,64.78,-4.240000000000009,4.8474576271186445,0,62.74,16.845340008441507,110.07017543859652,2
51.97,45.24,46.15,86.12,77.01,1.2,63.4,26.9,10,8.0,1,45.695,0.9099999999999966,3.320987654320988,2,53.18666666666666,30.2382060755374,102.34109422102496,2
64.61,69.88,80.11,82.01,89.15,34.1,51.07,9.4,10,5.4,0,74.995,10.230000000000004,1.7090909090909092,0,67.72,21.11470388141875,104.81349636279214,2
76.6,75.7,97.18,92.12,55.21,57.8,75.06,19.7,9,7.3,0,86.44,21.480000000000004,2.6621621621621623,0,75.51166666666667,17.15490415789802,98.5791993037424,0
53.94,77.22,42.69,79.16,77.46,38.7,82.4,9.7,3,4.1,1,59.955,-34.53,2.3095238095238098,1,66.27166666666666,19.93774753242368,122.8618217772834,2
88.73,99.81,50.28,69.91,89.52,54.2,62.93,25.1,7,4.8,1,75.045,-49.53,5.122448979591837,0,71.10833333333333,19.752506085726605,80.14012547428528,2
85.96,98.38,60.99,51.41,74.36,65.3,56.32,27.4,1,6.7,1,79.685,-37.38999999999999,4.029411764705882,0,67.79333333333334,16.918737147513895,78.86613928959207,2
85.51,92.3,77.11,90.0,60.46,43.2,96.53,23.8,10,4.7,0,84.705,-15.189999999999998,4.958333333333334,0,76.59999999999998,20.97414885043014,89.58016606244881,0
90.07,78.42,68.04,98.32,77.75,99.3,57.0,18.2,8,6.3,0,73.23,-10.379999999999995,2.84375,0,79.80499999999999,16.658239702921794,88.60330853780393,1
73.79,72.09,73.82,75.18,77.77,49.1,51.73,20.5,5,6.6,0,72.955,1.7299999999999898,3.0597014925373136,0,66.61500000000001,12.712351080740335,90.27646022496272,2
86.19,78.93,44.62,63.22,69.61,44.8,58.66,25.1,10,5.2,1,61.775000000000006,-34.31000000000001,4.735849056603774,1,59.973333333333336,13.64141586004425,69.58270487682253,2
85.88,91.31,96.94,78.22,59.62,27.5,68.51,8.9,9,5.9,1,94.125,5.629999999999996,1.4833333333333334,0,70.35000000000001,25.151252851498278,81.9166278528179,1
68.8,71.77,44.44,83.12,83.32,89.2,81.24,15.8,5,7.0,0,58.105,-27.33,2.2253521126760565,1,75.515,16.238777971263726,109.76017441860466,1
74.83,71.31,48.83,96.92,70.41,13.8,82.85,14.5,4,8.4,0,60.07,-22.480000000000004,1.7058823529411764,1,64.02,29.270256575575143,85.55392222370706,1
57.73,52.68,85.27,94.24,79.71,30.2,98.54,13.7,2,7.8,1,68.975,32.59,1.7341772151898736,0,73.44,26.61799015703477,127.21288758011434,0
82.28,71.39,84.75,75.45,63.5,3.7,84.34,26.5,5,4.5,1,78.07,13.36,5.760869565217392,0,63.855,30.548998510589502,77.60695187165776,1
82.7,60.01,78.22,72.42,65.97,3.5,82.07,19.8,8,8.7,0,69.115,18.21,2.2500000000000004,0,60.365,28.984138248359223,72.99274486094316,1
80.43,81.87,90.61,59.78,95.29,76.7,75.57,15.2,10,5.1,1,86.24000000000001,8.739999999999995,2.923076923076924,0,79.97,12.5635265749709,99.42807410170334,1
69.09,96.65,90.2,94.51,84.19,5.9,84.23,23.4,4,6.0,1,93.425,-6.450000000000003,3.836065573770492,0,75.94666666666667,34.6972175637567,109.92425338929898,0
60.92,57.83,55.3,69.45,58.91,93.4,92.71,24.2,1,5.1,1,56.565,-2.530000000000001,4.653846153846154,0,71.26666666666667,17.556576735419313,116.98402276209237,1
52.72,84.85,55.84,67.67,80.62,59.8,54.65,10.3,9,5.4,0,70.345,-29.00999999999999,1.8727272727272728,0,67.23833333333333,12.908470733075497,127.53856853818915,2
59.71,77.5,55.2,71.97,65.3,68.5,71.29,24.3,3,5.7,0,66.35,-22.3,4.189655172413794,0,68.29333333333334,7.585495808888609,114.3750348908614,2
96.55,72.53,58.5,70.8,91.48,14.8,99.91,14.5,2,4.4,1,65.515,-14.03,3.2222222222222223,0,68.00333333333333,30.06130181257403,70.43328154669427,1
85.47,44.76,43.59,99.48,98.19,64.1,87.71,26.0,8,5.3,1,44.175,-1.1699999999999946,4.814814814814815,2,72.97166666666666,25.66617027658522,85.37693537693538,1
62.19,60.53,82.3,70.71,56.88,73.0,57.46,29.2,6,6.2,1,71.41499999999999,21.77,4.634920634920635,0,66.81333333333332,10.187560388369072,107.43420700005358,2
94.89,79.15,58.72,74.77,58.91,16.200000000000003,81.23,24.9,2,4.6,0,68.935,-20.430000000000007,5.297872340425532,0,61.49666666666666,24.26278934225549,64.8083746091966,2
54.33,48.31,90.58,50.1,61.71,44.7,80.03,8.6,7,5.8,1,69.445,42.27,1.457627118644068,1,62.57166666666666,18.806045216011437,115.16964230934413,2
57.03,53.32,78.8,96.39,92.32,67.1,97.46,11.5,3,7.3,0,66.06,25.48,1.5540540540540542,0,80.89833333333333,17.88908317009753,141.8522415103162,0
84.09,77.23,63.48,65.57,63.05,58.0,58.73,13.7,2,5.3,0,70.355,-13.750000000000009,2.537037037037037,0,64.34333333333333,6.953219877629838,76.51722360962461,2
57.71,61.72,62.07,79.58,82.44,59.5,92.84,7.7,5,7.1,1,61.895,0.3500000000000014,1.0694444444444446,0,73.02499999999999,13.820167509838656,126.5378617224051,1
99.15,48.94,50.22,94.15,74.11,99.6,78.14,10.0,1,8.0,0,49.58,1.2800000000000011,1.234567901234568,1,74.19333333333333,21.315730967214485,74.82938308959488,2
92.99,54.23,73.46,67.92,55.93,29.3,84.95,16.8,3,8.6,1,63.845,19.23,1.931034482758621,0,60.965,19.25181004477241,65.56081299064417,2
79.86,80.23,62.26,66.31,61.02,84.2,98.46,9.9,9,7.8,0,71.245,-17.970000000000006,1.2531645569620256,0,75.41333333333333,14.795969270942225,94.43192253109608,1
58.43,85.55,44.84,99.08,94.89,93.2,82.45,15.4,3,8.5,1,65.195,-40.71,1.7906976744186047,1,83.335,19.830762718564305,142.6236522334417,1
59.99,94.87,69.11,73.47,88.44,50.3,75.24,18.3,9,5.0,0,81.99000000000001,-25.760000000000005,3.588235294117648,0,75.23833333333333,15.635154513680597,125.41812524309609,1
92.44,93.98,75.19,91.0,88.14,42.8,73.83,24.7,2,7.2,1,84.58500000000001,-18.790000000000006,3.3835616438356166,0,77.49,18.92059407101162,83.82734746862829,1
54.26,53.01,59.58,58.42,72.54,84.7,51.38,24.3,1,5.9,0,56.295,6.57,4.05,0,63.27166666666667,12.87599381277681,116.60830568865956,2
59.97,85.72,61.15,87.55,65.83,12.5,58.22,13.2,6,6.8,0,73.435,-24.57,1.9130434782608696,0,61.82833333333334,27.185267640151466,103.09877160802624,2
75.33,82.39,55.24,67.51,58.12,51.5,68.24,17.9,7,5.4,1,68.815,-27.15,3.2545454545454544,0,63.833333333333336,11.277279222696698,84.73826275498917,2
52.06,83.45,77.84,98.57,78.07,8.8,55.31,21.9,3,4.6,0,80.64500000000001,-5.609999999999999,4.659574468085107,0,67.00666666666667,31.721329522368173,128.71046228710463,1
83.5,87.43,56.37,51.08,99.02,59.400000000000006,50.39,8.7,3,8.8,1,71.9,-31.06000000000001,0.9775280898876404,0,67.28166666666665,20.699201353353388,80.57684630738521,2
96.59,87.96,88.49,73.36,80.69,90.1,66.05,8.6,5,6.2,1,88.225,0.5300000000000011,1.3650793650793651,0,81.10833333333333,9.687615633718476,83.97177071470477,1
72.16,58.99,91.23,84.09,69.44,87.5,83.44,13.1,7,4.8,1,75.11,32.24,2.673469387755102,0,79.115,12.322004301249049,109.63830376940132,0
71.28,74.03,89.49,57.21,51.03,87.0,84.83,15.8,7,5.0,0,81.75999999999999,15.459999999999994,3.098039215686275,0,73.93166666666666,16.344582486765045,103.72007108118218,1
82.97,69.15,54.46,73.15,85.73,55.9,75.45,26.9,8,4.0,1,61.80500000000001,-14.690000000000005,6.560975609756098,0,68.97333333333333,12.01463884878221,83.13044875657867,2
80.3,94.92,44.59,73.76,77.11,8.7,57.68,24.9,10,6.2,0,69.755,-50.33,3.952380952380952,1,59.46,30.246609727372757,74.04732254047323,2
88.93,53.4,72.84,99.58,55.13,52.6,52.44,12.4,8,6.8,0,63.120000000000005,19.440000000000005,1.7971014492753623,0,64.33166666666666,18.96339886904947,72.33966790359457,2
75.76,55.36,96.84,84.71,86.98,32.2,90.95,11.9,6,8.9,1,76.1,41.48,1.3222222222222222,0,74.50666666666666,25.24005520332051,98.34565293910592,0
68.72,94.66,75.38,97.33,95.94,49.1,76.97,8.9,2,6.6,0,85.02,-19.28,1.3283582089552242,0,81.56333333333333,18.65475453246884,118.68936748156771,0
79.95,80.64,42.05,68.05,55.46,59.5,89.19,19.6,6,7.3,0,61.345,-38.59,2.648648648648649,1,65.81500000000001,17.22235146546487,82.32020012507819,2
83.43,95.85,67.97,97.65,64.69,0.1,73.66,22.4,6,5.7,0,81.91,-27.879999999999995,3.862068965517241,0,66.65333333333335,35.48877719317287,79.89132606176837,1
61.32,81.11,54.2,68.56,67.35,3.6,89.81,12.4,3,7.7,1,67.655,-26.91,1.58974358974359,0,60.77166666666668,30.569891996319956,99.10578386605786,2
94.42,41.06,68.1,57.5,69.68,66.7,71.86,8.8,9,4.9,1,54.58,27.039999999999992,1.7600000000000002,1,62.48333333333334,11.60029252504723,66.17595142272118,2
87.29,75.32,67.25,92.05,79.17,49.8,81.61,13.4,1,4.7,0,71.285,-8.069999999999993,2.791666666666667,0,74.2,14.44401883133638,85.00400962309543,1
87.67,78.14,60.32,76.75,76.96,36.8,50.67,10.5,1,6.2,0,69.23,-17.82,1.6666666666666667,0,63.27333333333334,17.07844684585418,72.17216075434395,2
53.94,43.04,90.43,77.95,91.05,58.4,94.23,18.1,6,8.3,0,66.735,47.39000000000001,2.1547619047619047,1,75.85000000000001,20.81753779869272,140.6192065257694,0
65.96,66.05,58.74,80.24,59.39,78.60000000000001,85.27,16.8,7,4.6,0,62.395,-7.309999999999995,3.574468085106384,0,71.38166666666666,11.44987932978626,108.21962805740851,1
85.34,70.72,53.16,79.55,82.78,57.3,81.56,6.0,7,6.9,0,61.94,-17.560000000000002,0.8571428571428571,0,70.84500000000001,12.878465358884965,83.01499882821656,1
70.77,70.22,66.31,55.68,62.41,58.1,56.51,13.4,10,6.9,0,68.265,-3.9099999999999966,1.9142857142857144,0,61.53833333333333,5.836544925438908,86.9553954123687,2
75.86,43.99,51.23,72.0,95.81,48.0,55.32,26.7,7,7.0,0,47.61,7.239999999999995,3.76056338028169,1,61.05833333333333,19.589645649339005,80.48817998066615,2
82.99,94.3,99.13,71.41,89.0,82.30000000000001,90.31,6.0,9,5.2,0,96.715,4.829999999999998,1.1320754716981132,0,87.74166666666667,9.769551507959136,105.7255894284452,0
74.57,57.82,88.28,92.11,86.76,58.6,91.11,10.1,4,7.6,0,73.05,30.46,1.3116883116883118,0,79.11333333333333,16.30665835377275,106.09270931116178,0
91.43,50.29,73.26,64.6,60.84,24.3,59.12,20.9,2,7.3,0,61.775000000000006,22.97000000000001,2.824324324324324,0,55.40166666666667,16.97276455580135,60.594626125633454,2
85.02,99.62,53.95,78.02,73.36,25.0,59.02,18.2,6,6.4,0,76.785,-45.67,2.8,0,64.82833333333333,25.280982905470008,76.25068611307144,2
53.36,45.82,99.36,62.84,95.79,97.7,83.37,16.8,9,4.5,1,72.59,53.54,3.6521739130434794,1,80.81333333333333,21.9433339915945,151.44927536231884,0
84.86,89.33,73.46,90.04,80.77,43.1,64.0,28.1,8,8.1,0,81.395,-15.870000000000005,3.4268292682926838,0,73.45,17.84045963533451,86.55432477020976,1
70.05,72.68,40.07,94.68,91.52,48.3,83.83,6.2,7,7.7,0,56.375,-32.61000000000001,0.7948717948717949,1,71.84666666666666,22.877490829779973,102.56483464192245,1
94.73,89.47,88.53,56.87,84.7,18.700000000000003,81.3,29.3,8,5.3,0,89.0,-0.9399999999999976,5.425925925925927,0,69.92833333333333,27.82185429957296,73.81857208205777,1
94.11,85.54,95.14,50.45,63.6,37.6,64.68,29.0,2,7.3,1,90.34,9.599999999999994,3.9189189189189193,0,66.16833333333334,21.38525699323407,70.30956681897071,1
62.18,76.64,57.51,61.99,96.23,36.2,72.4,10.9,10,7.7,1,67.075,-19.130000000000003,1.3974358974358976,0,66.82833333333333,20.19953407053407,107.47560844859012,2
84.6,85.33,42.07,83.72,85.67,31.5,54.37,5.5,5,7.2,1,63.7,-43.26,0.7534246575342466,1,63.77666666666667,24.261280812575965,75.38613081166274,2
95.08,60.07,85.51,90.52,95.65,42.1,50.33,17.3,8,7.0,0,72.79,25.440000000000005,2.4366197183098595,0,70.69666666666667,22.7181193470469,74.35492918244286,1
74.52,62.34,80.17,81.98,61.8,62.0,55.84,19.4,10,7.3,0,71.255,17.83,2.621621621621621,0,67.355,10.912326516375874,90.38513150831992,2
85.87,94.17,63.07,87.39,95.83,53.2,89.52,25.7,5,8.5,1,78.62,-31.1,2.988372093023256,0,80.52999999999999,17.887424632964912,93.78129730988702,0
76.21,63.12,91.86,87.3,79.0,57.8,97.41,20.3,2,6.6,1,77.49,28.74,3.029850746268657,0,79.415,15.961069826299235,104.20548484450862,0
81.6,95.88,45.38,69.46,88.95,61.5,98.01,17.1,6,5.7,0,70.63,-50.49999999999999,2.9482758620689657,1,76.52999999999999,21.14841648918425,93.78676470588236,1
68.57,62.84,91.07,85.94,51.77,47.6,68.34,20.2,1,7.3,1,76.955,28.22999999999999,2.72972972972973,0,67.92666666666668,17.665504993253563,99.06178600943078,1
98.07,95.3,66.71,54.39,66.14,27.1,61.61,26.0,6,6.5,0,81.005,-28.590000000000003,3.939393939393939,0,61.875,22.019056065145023,63.09268889568676,2
71.33,76.87,44.82,80.65,79.64,57.400000000000006,54.68,14.4,9,4.2,1,60.845,-32.050000000000004,3.3488372093023258,1,65.67666666666666,15.289843251867127,92.07439599981308,2
68.11,75.61,61.6,55.29,61.32,9.1,90.46,25.6,2,7.8,0,68.605,-14.009999999999998,3.2405063291139244,0,58.89666666666667,27.500822290736444,86.47286252630548,2
57.96,55.54,87.75,84.6,90.53,85.5,77.94,16.8,8,8.1,1,71.645,32.21,2.048780487804878,0,80.30999999999999,12.83987538880343,138.56107660455484,1
51.01,85.12,76.33,54.15,85.23,72.30000000000001,75.01,18.2,4,6.5,1,80.725,-8.790000000000006,2.757575757575758,0,74.69,11.404141353034872,146.4222701431092,1
93.7,43.66,56.58,72.99,77.78,97.7,80.67,28.9,1,7.2,1,50.12,12.920000000000002,3.958904109589041,1,71.56333333333333,19.025432101969898,76.37495553183919,2
54.17,93.9,91.58,61.52,92.85,67.2,64.65,10.5,8,7.1,0,92.74,-2.3200000000000074,1.4583333333333337,0,78.61666666666667,15.63278691298089,145.12953049043136,1
62.68,90.2,49.74,89.3,78.45,2.2,59.13,28.7,7,4.8,0,69.97,-40.46,5.857142857142858,1,61.50333333333333,33.29936015401297,98.12273984258668,2
92.63,82.02,42.47,90.35,84.53,96.7,53.81,14.3,7,8.7,0,62.245,-39.55,1.6250000000000002,1,74.98,21.697135294780274,80.94569793803305,2
82.08,57.36,41.06,66.38,93.92,22.3,81.04,25.6,4,8.4,0,49.21,-16.299999999999997,3.011764705882353,1,60.34333333333334,26.154266700992917,73.51770630279404,2
76.11,78.39,50.83,65.83,60.69,68.1,84.52,22.6,8,8.0,0,64.61,-27.56,2.790123456790124,0,68.06,12.114493798751973,89.42320325844173,2
50.43,93.71,89.45,61.93,84.42,23.0,83.21,22.7,10,4.2,1,91.58,-4.259999999999991,5.279069767441861,0,72.61999999999999,26.667754311152635,144.00158635732697,0
64.54,95.22,64.51,58.39,99.94,50.8,57.32,17.1,4,4.4,1,79.86500000000001,-30.709999999999997,3.8,0,71.03,21.07340124422253,110.05577936163618,2
65.95,55.14,53.23,60.61,55.85,19.1,58.7,15.7,10,6.3,0,54.185,-1.910000000000004,2.453125,0,50.43833333333333,15.575585275252632,76.47965630528178,2
86.71,57.05,70.48,64.33,71.02,24.8,90.38,11.9,4,5.2,0,63.765,13.430000000000009,2.2452830188679247,0,63.01,21.75475120519653,72.66751239764733,1
94.45,94.33,76.18,60.54,52.45,61.6,61.2,7.5,10,5.1,0,85.255,-18.14999999999999,1.4423076923076923,0,67.71666666666667,15.12847469729406,71.69578260102347,2
71.08,75.3,56.58,76.62,66.77,51.7,78.43,23.8,9,6.6,1,65.94,-18.72,3.5522388059701497,0,67.56666666666666,11.25052828389257,95.05721253048208,2
58.14,88.38,51.43,70.07,88.67,26.7,98.61,13.9,4,5.6,1,69.905,-36.95,2.4385964912280707,0,70.64333333333333,27.28436157704018,121.505561288843,1
70.21,94.72,63.75,60.38,88.98,20.1,54.79,15.7,8,5.1,0,79.235,-30.97,3.0192307692307696,0,63.78666666666667,26.805397715136905,90.85125575653991,2
52.25,79.01,67.34,55.82,61.36,81.89999999999999,77.89,29.5,3,6.9,0,73.17500000000001,-11.670000000000002,4.214285714285714,0,70.55333333333333,10.639574552897622,135.03030303030303,1
97.21,40.55,51.0,78.9,93.04,61.2,50.8,27.7,8,8.1,1,45.775,10.450000000000005,3.378048780487805,1,62.58166666666667,19.769896728781028,64.37780749579947,2
87.0,54.35,47.86,87.68,60.5,29.1,66.7,11.9,6,6.3,0,51.105,-6.490000000000002,1.859375,1,57.69833333333333,19.56347864431749,66.3199233716475,2
72.6,89.6,41.45,65.82,83.81,87.69999999999999,71.09,27.5,8,6.9,1,65.525,-48.14999999999999,3.928571428571429,1,73.245,18.21399983529153,100.88842975206612,2
91.62,50.19,89.57,86.04,71.51,29.3,86.46,29.3,7,5.3,0,69.88,39.38,5.425925925925927,0,68.845,24.30802398386179,75.14189041693953,1
66.42,55.4,95.34,62.33,79.33,40.3,95.49,27.4,8,8.5,0,75.37,39.940000000000005,3.186046511627907,0,71.365,22.457979205618656,107.44504667268896,0
52.01,76.66,71.78,58.45,63.65,62.2,72.33,11.6,8,7.1,1,74.22,-4.879999999999996,1.6111111111111112,0,67.51166666666666,7.07625724989324,129.80516567326794,2
59.76,92.87,89.22,53.91,97.39,17.4,51.83,19.5,2,9.0,0,91.045,-3.6500000000000057,2.142857142857143,0,67.10333333333332,31.45825911691025,112.28804105310128,1
58.32,83.28,46.99,56.57,60.84,88.10000000000001,61.41,5.1,6,5.3,1,65.135,-36.29,0.9444444444444444,1,66.19833333333334,16.02979153534651,113.50880201188843,2
57.44,94.72,79.52,60.12,89.49,73.0,67.17,21.5,5,7.9,1,87.12,-15.200000000000005,2.6875,0,77.33666666666667,13.215385982507916,134.63904363974004,1
77.78,91.28,90.11,93.74,68.71,30.6,88.18,18.1,1,8.4,0,90.695,-1.1700000000000017,2.1294117647058823,0,77.10333333333334,24.50563418209508,99.13002485643268,0
62.21,52.02,82.4,73.61,79.32,18.5,73.9,27.4,6,8.4,1,67.21000000000001,30.380000000000003,3.223529411764705,0,63.29166666666666,24.39009833245177,101.738734394256,1
69.06,77.61,62.69,57.26,94.44,92.7,68.27,17.2,5,5.3,0,70.15,-14.920000000000002,3.1851851851851856,0,75.49499999999999,15.544015890367586,109.31798436142483,1
58.06,73.82,89.71,91.37,92.77,29.4,77.95,7.0,10,4.7,1,81.76499999999999,15.89,1.4583333333333337,0,75.83666666666666,24.02244256245952,130.61775175106212,0
93.72,92.3,74.77,67.14,91.09,21.4,57.2,6.3,8,5.6,1,83.535,-17.53,1.105263157894737,0,67.31666666666665,26.28919524570249,71.8274292217954,2
89.94,50.84,65.83,84.69,82.27,7.5,97.89,7.6,5,6.6,0,58.335,14.989999999999997,1.1343283582089554,0,64.83666666666666,32.48071899861003,72.08879994070121,1
71.06,77.35,59.74,91.6,57.99,56.6,78.88,15.7,9,7.8,0,68.545,-17.609999999999992,1.9873417721518989,0,70.36,14.336854606223776,99.01491697157331,1
88.4,84.51,87.85,53.23,91.28,65.0,63.07,9.3,8,6.7,0,86.18,3.339999999999989,1.3676470588235297,0,74.15666666666667,15.700901460319615,83.88763197586727,1
60.84,96.07,77.11,86.89,62.12,93.2,99.34,13.9,5,8.7,0,86.59,-18.959999999999997,1.5795454545454548,0,85.78833333333334,14.007214450656017,141.0064650449266,0
82.76,82.61,42.81,79.1,73.8,57.3,60.42,11.5,1,8.7,0,62.71,-39.8,1.306818181818182,1,66.00666666666667,15.185152836460574,79.75672627678429,2
66.54,84.25,99.58,66.77,82.81,36.9,75.92,22.6,4,6.2,0,91.915,15.329999999999998,3.5873015873015874,0,74.37166666666666,21.30049522116016,111.76986273920446,0
65.85,45.81,98.28,87.45,62.27,54.6,89.41,6.5,2,5.0,0,72.045,52.47,1.2745098039215688,1,72.97000000000001,21.494895207932508,110.81245254365986,0
90.43,98.68,77.52,73.39,68.06,59.8,72.93,10.4,2,8.4,0,88.1,-21.16000000000001,1.223529411764706,0,75.06333333333333,13.062536762308715,83.0071141582808,1
63.3,71.04,50.76,64.92,98.77,43.1,99.27,25.3,8,7.3,1,60.900000000000006,-20.28000000000001,3.4189189189189197,0,71.31,23.64243980641592,112.65402843601896,1
76.75,89.14,91.59,74.74,78.25,39.6,52.11,12.7,7,4.9,1,90.365,2.450000000000003,2.54,0,70.90500000000002,20.795652189820835,92.38436482084693,1
69.0,76.21,93.58,94.75,72.22,2.9,78.87,26.6,2,8.1,0,84.895,17.370000000000005,3.243902439024391,0,69.755,34.03762080404563,101.09420289855072,0
63.46,65.66,84.76,68.37,51.25,31.4,82.94,17.1,8,5.9,0,75.21000000000001,19.10000000000001,2.85,0,64.06333333333333,20.18341959794392,100.95073011870994,1
89.67,65.55,83.66,81.43,58.44,7.4,98.85,11.7,6,5.2,1,74.60499999999999,18.11,2.2075471698113205,0,65.88833333333332,32.00101336937108,73.47868108992229,1
63.82,93.42,69.86,51.33,57.07,15.1,55.14,24.8,4,7.3,1,81.64,-23.56,3.351351351351352,0,56.98666666666667,25.624278851641204,89.29280267418783,2
71.58,84.29,53.69,64.52,85.91,84.9,73.99,21.1,7,8.2,0,68.99000000000001,-30.60000000000001,2.542168674698796,0,74.55,13.1688556830121,104.14920368818105,1
71.99,48.47,60.18,54.07,89.95,48.8,64.97,26.9,10,7.7,0,54.325,11.71,3.4487179487179485,1,61.07333333333335,15.545863329730732,84.83585683196742,2
83.98,81.38,63.65,57.81,90.94,48.7,92.62,28.8,10,5.7,1,72.515,-17.729999999999997,4.965517241379311,0,72.51666666666667,18.353524638789867,86.3499245852187,1
87.1,91.76,52.94,62.41,83.88,30.7,63.53,5.9,5,6.5,0,72.35,-38.82000000000001,0.893939393939394,0,64.20333333333333,21.90683241974217,73.71220818982013,2
55.59,89.7,66.19,51.76,90.59,26.9,96.73,7.8,6,4.3,1,77.945,-23.510000000000005,1.772727272727273,0,70.31166666666667,27.3158264869776,126.48258079990404,1
94.08,52.14,82.73,53.68,52.84,49.6,57.06,20.8,5,6.7,1,67.435,30.590000000000003,3.058823529411765,0,58.00833333333333,12.35025249404508,61.65851757369615,2
81.83,97.93,75.06,63.35,53.44,2.7,78.08,7.9,9,9.0,0,86.495,-22.870000000000005,0.8681318681318682,0,61.75999999999999,32.59243900047985,75.47354271049736,1
63.48,70.13,88.98,53.9,78.98,20.1,91.41,13.8,2,4.7,0,79.555,18.85000000000001,2.8750000000000004,0,67.25,26.844480997031773,105.93887838689352,1
51.66,58.87,76.56,74.65,62.75,98.7,51.31,13.7,6,4.6,0,67.715,17.690000000000005,2.914893617021277,0,70.47333333333334,16.809267285240804,136.41760227126085,2
80.98,59.64,55.66,77.0,57.96,8.299999999999999,84.05,9.4,3,8.5,0,57.65,-3.980000000000004,1.0930232558139537,0,57.10166666666667,26.506668154761865,70.51329546390055,2
83.97,87.4,64.87,93.38,81.08,26.6,91.47,22.7,1,5.3,0,76.135,-22.53,4.203703703703704,0,74.13333333333334,25.4577372652533,88.28549878925014,0
63.23,63.58,83.63,53.24,68.58,34.300000000000004,76.91,27.8,8,5.7,0,73.60499999999999,20.05,4.793103448275862,0,63.373333333333335,17.712533039254055,100.22668564499976,1
95.41,53.24,62.85,91.25,56.38,81.0,54.7,24.7,9,7.6,1,58.045,9.61,3.207792207792208,0,66.57000000000001,15.834062018319871,69.77256052824653,2
70.74,78.28,97.93,98.99,70.36,80.39999999999999,84.78,20.7,9,4.6,1,88.105,19.65000000000001,4.404255319148937,0,85.12333333333333,11.344691563311304,120.3326736405617,0
96.86,79.07,84.76,66.33,56.75,96.5,85.6,10.4,2,5.0,0,81.91499999999999,5.690000000000012,2.03921568627451,0,78.16833333333334,14.383559248901737,80.70238832679469,1
85.96,69.72,78.83,64.77,59.5,10.0,94.05,16.0,3,8.6,1,74.275,9.11,1.8390804597701151,0,62.81166666666667,28.579782656043182,73.07080812781139,1
53.74,80.93,83.77,64.77,87.14,96.8,60.39,16.5,2,8.1,1,82.35,2.839999999999989,2.0121951219512195,0,78.96666666666665,13.844823822160636,146.9420667410991,1
75.71,99.31,49.04,74.9,69.13,39.3,63.2,21.4,2,8.1,0,74.175,-50.27,2.609756097560976,1,65.81333333333333,21.00821521849647,86.92819090388765,2
51.66,85.49,86.83,53.98,75.81,43.5,51.24,19.3,2,5.6,1,86.16,1.3400000000000034,3.3859649122807025,0,66.14166666666667,18.859759719218765,128.0326493741128,2
84.53,51.11,40.36,55.59,68.89,99.4,76.05,15.8,5,8.0,0,45.735,-10.75,1.9506172839506173,1,65.23333333333333,21.018457285601784,77.1718127686423,2
63.58,44.62,87.95,60.36,84.57,47.6,90.82,9.2,7,8.9,0,66.285,43.330000000000005,1.022222222222222,1,69.32000000000001,20.99532995692137,109.02799622522808,1
80.31,83.88,48.6,92.67,81.07,51.4,50.53,9.8,9,7.5,1,66.24,-35.279999999999994,1.2894736842105263,1,68.02499999999999,19.943547076686237,84.70302577512139,2
57.75,94.53,84.06,58.35,92.67,39.2,57.53,9.3,1,8.0,0,89.295,-10.47,1.1481481481481484,0,71.05666666666667,22.567665069002302,123.04184704184703,1
96.33,57.2,52.21,53.51,67.96,89.2,67.04,13.6,3,7.9,0,54.705,-4.990000000000002,1.7,0,64.52,13.810322226508694,66.97809612789369,2
92.44,67.91,98.28,69.61,97.34,69.3,65.84,14.4,1,8.8,0,83.095,30.370000000000005,1.6179775280898876,0,78.04666666666667,15.369168704476722,84.42953988172508,1
89.41,79.85,80.94,50.94,66.53,79.80000000000001,51.18,22.6,9,8.6,0,80.395,1.0900000000000034,2.5977011494252875,0,68.20666666666666,14.30361306337202,76.28527756030272,2
78.78,76.56,46.5,89.15,73.05,3.8,82.08,29.7,9,8.4,0,61.53,-30.06,3.494117647058824,1,61.85666666666666,31.943048487373066,78.51823643902851,2
56.61,91.57,51.75,67.88,54.37,51.7,73.96,26.0,1,6.2,0,71.66,-39.81999999999999,4.126984126984127,0,65.205,15.87285828072562,115.18282988871223,2
77.4,66.55,87.22,86.76,64.79,23.5,82.9,11.7,5,9.0,0,76.88499999999999,20.67,1.2857142857142856,0,68.62,24.22274220644723,88.65633074935401,1
85.56,86.85,89.55,77.4,55.44,13.6,52.48,5.8,4,8.8,1,88.19999999999999,2.700000000000003,0.6516853932584269,0,62.55333333333334,28.59395717046989,73.11048776686926,2
84.2,83.65,97.86,65.55,59.77,1.1,88.99,21.1,8,8.0,1,90.755,14.209999999999994,2.6049382716049387,0,66.15333333333334,34.945690816847026,78.56690419635787,1
69.22,40.26,58.67,64.67,96.88,34.0,64.25,18.0,2,7.8,1,49.465,18.410000000000004,2.278481012658228,1,59.78833333333333,22.213390030940047,86.37436193778291,2
81.12,79.64,81.33,98.87,64.65,50.5,90.64,14.8,1,8.8,1,80.485,1.6899999999999975,1.6629213483146068,0,77.605,17.564972815236576,95.66691321499016,0
87.19,95.02,51.95,94.53,83.66,59.8,65.52,12.1,4,6.5,1,73.485,-43.06999999999999,1.8333333333333333,0,75.08,18.489950784142177,86.11079252207821,1
95.7,67.45,75.52,70.43,59.18,68.8,80.26,29.4,10,8.8,1,71.485,8.069999999999993,3.3033707865168536,0,70.27333333333333,7.217887964402514,73.43086032741203,1
68.71,71.63,75.18,74.18,97.93,87.8,97.0,8.6,8,7.0,0,73.405,3.550000000000012,1.2112676056338028,0,83.95333333333333,11.87192935738192,122.1850288652792,0
62.95,55.71,60.57,64.0,53.42,65.8,76.45,8.4,6,5.5,0,58.14,4.859999999999999,1.5000000000000002,0,62.65833333333333,8.24460409399182,99.53666931427055,2
69.28,97.83,72.67,75.89,70.49,22.1,63.95,25.1,7,7.8,0,85.25,-25.16,3.177215189873418,0,67.155,24.895856482555487,96.93273672055427,1
76.46,69.5,55.46,90.97,52.28,40.0,69.15,14.9,3,5.2,0,62.48,-14.04,2.811320754716981,0,62.89333333333334,17.68103579167993,82.25651756909933,2
57.58,74.4,65.77,53.19,88.95,77.9,70.83,5.8,1,6.9,1,70.08500000000001,-8.63000000000001,0.8285714285714285,0,71.84,12.014298148456284,124.76554359152485,2
67.45,44.87,42.56,77.21,69.65,88.0,75.83,20.4,3,8.1,0,43.715,-2.309999999999995,2.4878048780487805,2,66.35333333333332,18.51905469149726,98.37410427477144,2
74.66,86.97,46.85,57.74,75.36,27.7,59.69,17.5,7,4.3,1,66.91,-40.12,3.977272727272728,1,59.05166666666667,20.8774073262622,79.0941155460309,2
83.86,41.25,71.89,81.57,84.36,45.7,55.2,29.9,7,4.2,1,56.57,30.64,6.953488372093023,1,63.328333333333326,18.507686421232304,75.51673423960568,2
85.3,98.87,65.34,72.77,52.16,99.2,72.45,22.8,1,5.7,0,82.105,-33.53,3.931034482758621,0,76.79833333333333,18.774820815833817,90.03321610003908,1
74.22,86.08,53.97,73.44,69.67,36.3,54.82,29.3,4,4.7,0,70.025,-32.11,6.104166666666667,0,62.38,17.579566547557423,84.04742656965779,2
51.12,94.38,85.56,54.61,96.38,97.7,61.02,15.3,10,8.5,0,89.97,-8.819999999999993,1.7790697674418603,0,81.60833333333333,19.019276975391747,159.6407146583203,1
58.41,70.18,58.84,53.85,63.72,49.0,72.93,28.2,1,7.9,0,64.51,-11.340000000000003,3.525,0,61.42000000000001,9.30296081900811,105.15322718712552,2
62.83,79.37,95.28,67.05,82.77,57.0,59.47,28.7,4,4.6,1,87.325,15.909999999999997,6.106382978723405,0,73.49,14.869102192129828,116.96641731656852,1
95.71,98.67,79.73,74.12,53.11,87.0,60.8,18.1,4,4.8,1,89.2,-18.94,3.693877551020409,0,75.57166666666667,16.77061408138255,78.95900811479122,1
98.44,73.93,63.04,65.41,60.7,7.9,96.4,11.5,1,6.5,1,68.485,-10.890000000000008,1.7424242424242424,0,61.23,29.200469859233436,62.200325071109305,1
63.18,54.71,89.85,97.18,90.19,50.6,71.97,20.4,5,4.6,1,72.28,35.13999999999999,4.340425531914894,0,75.75,19.779084913109607,119.89553656220322,1
67.92,54.8,44.47,62.8,51.3,58.8,82.41,17.3,9,7.3,1,49.635,-10.329999999999998,2.337837837837838,1,59.09666666666667,13.04226156257674,87.00922654102867,2
78.59,53.29,55.94,90.73,99.46,26.5,90.9,18.7,1,8.5,0,54.615,2.6499999999999986,2.1744186046511627,0,69.46999999999998,28.64230018696124,88.39547016159814,1
85.44,69.39,57.47,71.77,71.55,93.5,61.79,6.7,5,6.0,0,63.43,-11.920000000000002,1.098360655737705,0,70.91166666666668,12.470570823609746,82.99586454431962,2
70.5,56.4,52.93,88.97,64.6,42.400000000000006,97.71,22.4,1,6.6,1,54.665,-3.469999999999999,3.343283582089553,0,67.16833333333332,21.664994268789144,95.27423167848698,1
56.32,40.64,86.22,79.9,99.59,64.3,92.56,25.0,8,7.0,0,63.43,45.58,3.5211267605633805,1,77.20166666666667,21.58210223001149,137.07682291666666,0
65.65,57.53,96.16,73.34,81.36,39.900000000000006,50.58,24.0,5,8.5,0,76.845,38.63,2.7906976744186047,0,66.47833333333332,20.922644590650258,101.26174155877123,2
90.88,82.65,82.0,72.56,55.19,10.5,90.88,16.9,3,8.8,1,82.325,-0.6500000000000057,1.8988764044943816,0,65.63,29.636312861083105,72.21610915492958,1
91.4,41.09,55.55,55.23,75.2,9.6,60.71,27.0,10,4.3,0,48.32,14.459999999999994,6.136363636363637,1,49.56333333333333,22.442386385290373,54.22684172137126,2
94.89,46.93,78.2,66.16,54.14,8.8,52.94,8.7,7,8.8,1,62.565,31.270000000000003,0.9775280898876404,1,51.195,23.58162653423211,53.95194435662346,2
86.96,90.9,66.22,53.59,87.91,81.4,97.97,13.0,6,7.0,1,78.56,-24.680000000000007,1.8309859154929575,0,79.665,16.691088340788326,91.61108555657776,0
75.8,46.3,60.45,75.35,94.45,91.5,52.04,14.9,9,5.8,1,53.375,14.150000000000006,2.52542372881356,1,70.015,20.31810891790868,92.36807387862795,2
75.71,89.58,69.15,52.97,77.29,99.5,92.55,12.1,3,7.3,0,79.36500000000001,-20.429999999999996,1.6351351351351353,0,80.17333333333333,17.233897605204305,105.8953022498129,1
59.31,55.06,88.65,80.83,54.51,4.699999999999999,82.2,24.1,9,8.3,0,71.855,33.59,2.869047619047619,0,60.99166666666667,31.15857725677902,102.83538470184904,1
95.36,61.29,67.38,66.18,76.4,62.0,96.73,29.4,6,4.6,0,64.335,6.089999999999996,6.255319148936171,0,71.66333333333334,13.41770273432329,75.150307606264,1
96.87,94.34,53.79,55.83,99.11,59.8,62.77,6.4,2,6.0,0,74.065,-40.55,1.0491803278688523,0,70.94,20.270135668021567,73.23216682151336,2
82.33,63.33,79.34,56.89,86.34,59.8,96.32,22.5,7,4.4,1,71.33500000000001,16.010000000000005,5.0,0,73.67,16.040955083784755,89.48135552046641,1
64.39,99.83,89.13,96.3,92.29,21.4,88.29,23.5,9,7.8,1,94.48,-10.700000000000005,2.9746835443037978,0,81.20666666666666,29.621842391496628,126.11689185691358,0
84.94,55.15,48.16,90.09,51.53,94.5,56.38,15.4,10,4.1,1,51.655,-6.990000000000002,3.6666666666666674,1,65.96833333333333,20.642119480970617,77.66462601051724,2
88.29,78.74,84.69,53.82,91.08,35.8,87.55,14.9,6,4.5,1,81.715,5.950000000000003,3.239130434782609,0,71.94666666666667,22.150611428731864,81.48903235549516,1
67.16,87.1,66.06,50.83,98.52,69.6,80.65,5.1,6,5.3,1,76.58,-21.039999999999992,0.9444444444444444,0,75.46,16.873208349332973,112.35854675402024,1
59.13,75.81,74.04,61.68,99.91,84.2,98.99,27.1,1,5.5,1,74.92500000000001,-1.769999999999996,4.839285714285714,0,82.43833333333335,15.017959137867788,139.41879474603982,0
54.97,66.14,49.59,81.36,90.32,10.4,70.04,11.7,4,7.2,0,57.865,-16.549999999999997,1.6027397260273972,1,61.30833333333333,28.53878372787927,111.5305318052271,2
57.16,81.74,68.9,53.73,64.77,70.7,89.14,11.4,7,6.4,0,75.32,-12.83999999999999,1.7538461538461538,0,71.49666666666666,12.525916599860734,125.08164217401443,1
90.49,97.65,71.76,67.05,96.61,94.6,94.07,27.7,2,4.6,0,84.70500000000001,-25.89,5.893617021276596,0,86.95666666666666,13.738765107048982,96.09533281762258,0
73.57,40.58,97.4,64.31,72.83,88.80000000000001,82.91,17.8,5,9.0,1,68.99000000000001,56.82000000000001,1.956043956043956,1,74.47166666666668,20.282084130253157,101.2255901409089,1
91.76,50.73,91.83,92.97,78.72,84.3,93.01,11.2,7,5.8,1,71.28,41.1,1.8983050847457628,0,81.92666666666666,16.321880610599585,89.28363847718686,0
94.19,98.03,65.18,88.77,50.77,47.0,96.24,26.9,1,5.5,1,81.605,-32.849999999999994,4.803571428571429,0,74.33166666666666,22.96073467175357,78.91672859822344,0
83.01,80.37,43.93,50.6,64.74,95.0,56.33,14.5,4,6.4,1,62.150000000000006,-36.440000000000005,2.230769230769231,1,65.16166666666666,19.300888494229135,78.49857446893948,2
89.73,69.85,76.16,90.73,74.45,17.1,79.24,29.2,4,8.4,1,73.005,6.310000000000002,3.4352941176470586,0,67.92166666666667,25.866481335246714,75.69560533452209,1
92.63,58.29,89.17,65.33,67.18,4.8,69.24,18.9,3,5.1,1,73.73,30.880000000000003,3.634615384615385,0,59.00166666666667,28.49635725257996,63.69606678901725,2
89.88,98.61,53.11,65.5,87.52,63.7,50.89,12.2,1,4.5,0,75.86,-45.5,2.6521739130434785,0,69.88833333333334,19.16148158850632,77.75738021065125,2
55.34,84.94,99.65,75.81,70.78,58.1,61.67,16.6,7,6.8,0,92.295,14.710000000000008,2.405797101449276,0,75.15833333333333,15.414532645093937,135.8119503674256,1
71.67,86.67,99.64,55.99,96.44,3.0,50.1,27.2,8,8.1,1,93.155,12.97,3.317073170731708,0,65.30666666666667,36.89069783382617,91.12134319333984,1
60.86,70.14,87.83,77.43,91.33,51.900000000000006,56.76,19.5,6,6.3,0,78.985,17.689999999999998,3.0468750000000004,0,72.565,16.071929255692982,119.23266513309234,1
78.42,91.8,59.48,76.4,69.5,28.6,59.52,18.0,6,6.5,0,75.64,-32.32,2.7272727272727275,0,64.21666666666667,21.214283552990107,81.8881237779478,2
83.69,89.73,49.57,69.26,80.81,76.6,90.6,12.6,8,4.2,0,69.65,-40.16,2.9302325581395348,1,76.09500000000001,15.291091197164445,90.9248416776198,1
72.47,87.63,58.34,89.97,87.27,26.3,52.03,7.1,5,8.6,0,72.985,-29.289999999999992,0.8160919540229885,0,66.92333333333333,25.766807847823653,92.34625822179292,2
95.73,92.5,76.11,95.01,87.32,5.699999999999999,65.35,25.9,1,5.2,0,84.305,-16.39,4.886792452830188,0,70.33166666666666,33.53957985226808,73.4687837320241,1
66.34,92.24,99.38,60.62,94.28,17.1,60.08,13.0,2,6.4,1,95.81,7.140000000000001,2.0,0,70.61666666666666,31.400125902083044,106.44658828258466,1
84.16,71.04,44.68,66.72,52.12,29.4,94.36,8.3,5,8.2,1,57.86,-26.360000000000007,1.0000000000000002,1,59.72,22.71711249256824,70.96007604562737,2
74.08,54.51,55.94,60.83,61.69,12.3,55.92,10.7,7,5.4,1,55.225,1.4299999999999995,1.945454545454545,0,50.19833333333333,18.791855061878977,67.7623290136789,2
51.54,55.17,52.99,91.89,62.18,5.5,79.24,13.7,10,6.6,1,54.08,-2.18,2.044776119402985,0,57.82833333333334,29.686105447947643,112.20087957573408,2
83.6,92.58,83.85,61.73,65.42,85.9,87.67,12.4,5,5.3,1,88.215,-8.730000000000004,2.2962962962962967,0,79.525,12.741533267232796,95.1255980861244,0
86.34,70.3,65.6,84.3,88.75,48.6,73.2,21.7,9,5.9,1,67.94999999999999,-4.700000000000003,3.6166666666666663,0,71.79166666666667,14.313923873860258,83.14994981082542,1
71.45,55.89,88.68,68.65,74.13,60.6,99.38,24.6,7,7.1,1,72.285,32.790000000000006,3.4166666666666674,0,74.555,16.69712639947365,104.34569629111267,0
60.77,98.69,45.5,57.71,53.39,94.8,55.16,28.5,6,6.1,0,72.095,-53.19,4.596774193548388,1,67.54166666666667,23.018720569716,111.14310789314904,2
71.67,71.48,85.65,56.01,84.72,54.900000000000006,79.36,18.8,5,8.6,0,78.565,14.170000000000002,2.160919540229885,0,72.02,13.788753388178351,100.48834937909864,1
60.51,90.64,92.57,95.59,78.26,36.2,96.99,13.0,8,4.3,0,91.605,1.9299999999999928,2.954545454545455,0,81.70833333333333,23.267487545213527,135.0327769514681,0
61.69,84.14,83.12,77.26,59.29,69.7,98.12,28.7,5,5.7,0,83.63,-1.019999999999996,4.948275862068965,0,78.605,13.311904071168785,127.41935483870968,0
88.95,63.78,90.13,84.27,98.78,96.1,75.98,16.7,1,5.9,0,76.955,26.349999999999994,2.783333333333333,0,84.84000000000002,13.201843810619785,95.37942664418212,0
94.48,81.95,67.17,82.78,62.67,15.3,66.58,6.7,8,8.3,0,74.56,-14.78,0.7976190476190476,0,62.74166666666667,24.720658095339346,66.40735252610781,2
61.0,88.65,87.82,62.77,73.94,46.1,96.79,7.9,2,6.6,0,88.235,-0.8300000000000125,1.1791044776119404,0,76.01166666666667,19.001287763377164,124.60928961748635,0
59.83,89.45,59.42,83.88,53.35,26.3,89.69,9.0,1,4.1,0,74.435,-30.03,2.1428571428571432,0,67.015,25.314187919030704,112.0090255724553,1
79.0,85.56,52.9,88.85,88.39,56.1,99.58,19.9,1,8.0,0,69.23,-32.660000000000004,2.45679012345679,0,78.56333333333333,19.267799736001685,99.44725738396625,0
62.72,86.41,53.97,83.34,79.55,37.0,93.99,16.5,7,8.2,0,70.19,-32.44,1.987951807228916,0,72.37666666666667,22.02741897423905,115.39647108843538,1
73.22,51.17,49.26,78.78,74.69,92.9,95.84,6.8,9,4.7,1,50.215,-1.910000000000004,1.4166666666666667,1,73.77333333333333,19.952384986929925,100.75571337521625,1
83.98,54.06,61.51,88.25,57.61,44.400000000000006,50.44,16.3,3,6.7,0,57.785,7.449999999999996,2.397058823529412,0,59.37833333333334,15.321704104526578,70.705326665079,2
96.3,76.69,49.75,73.14,51.84,62.7,54.63,27.3,7,6.7,0,63.22,-26.94,4.014705882352941,1,61.458333333333336,11.36864357197756,63.81966078227761,2
90.65,49.07,88.92,80.33,65.05,92.2,71.28,8.2,7,5.0,0,68.995,39.85,1.607843137254902,1,74.47500000000001,16.13423286059799,82.15664644236072,1
70.01,64.57,52.49,83.37,73.91,77.30000000000001,96.5,12.2,5,6.9,0,58.53,-12.079999999999991,1.7428571428571429,0,74.69000000000001,15.190084924054904,106.68475932009714,1
55.58,91.78,57.0,79.0,55.96,59.5,61.07,10.7,4,6.0,1,74.39,-34.78,1.7540983606557377,0,67.385,14.63185258263628,121.23965455199712,2
59.25,61.22,60.86,88.57,84.35,79.6,78.32,25.7,4,7.2,1,61.04,-0.3599999999999994,3.5205479452054798,0,75.48666666666666,11.765685133755136,127.40365682137832,1
93.66,73.11,52.34,69.86,56.45,47.8,94.69,22.3,2,6.6,1,62.725,-20.77,3.3283582089552244,0,65.70833333333333,17.30373071527255,70.15623887821197,1
62.39,95.9,58.37,60.73,67.39,66.6,86.42,14.4,1,4.5,0,77.135,-37.53000000000001,3.130434782608696,0,72.56833333333334,15.102385793862728,116.31404605438908,1
50.61,74.13,41.6,59.16,62.23,86.6,63.74,14.1,5,5.7,0,57.865,-32.529999999999994,2.431034482758621,1,64.57666666666667,15.098130568605724,127.59665415267077,2
55.51,95.39,55.6,79.16,57.51,88.80000000000001,52.38,22.1,1,6.4,1,75.495,-39.79,3.4000000000000004,0,71.47333333333334,18.669750578587458,128.75758121659766,2
88.59,65.06,82.46,69.92,82.86,25.7,80.61,17.9,1,5.2,1,73.75999999999999,17.39999999999999,3.3773584905660377,0,67.76833333333333,21.864223212057333,76.49659480001505,1
96.57,68.06,43.74,50.11,82.33,59.7,64.93,20.5,3,4.1,1,55.900000000000006,-24.32,4.880952380952381,1,61.47833333333333,13.689954589649547,63.66193779986884,2
88.83,76.59,64.33,74.29,84.17,53.4,67.54,8.9,10,4.3,0,70.46000000000001,-12.260000000000003,2.022727272727273,0,70.05333333333334,10.73652209361424,78.86224623813277,1
85.29,90.16,74.64,58.87,65.69,94.6,83.61,29.2,2,7.5,0,82.4,-15.519999999999996,3.842105263157895,0,77.92833333333334,14.02604351435809,91.36866377457302,1
91.47,70.04,84.93,67.51,77.43,65.8,93.31,20.8,3,7.5,1,77.48500000000001,14.89,2.736842105263158,0,76.50333333333334,10.87701736077803,83.6376225356219,0
99.3,73.4,96.99,56.21,60.3,78.1,86.95,27.4,8,5.0,1,85.195,23.58999999999999,5.372549019607844,0,75.325,15.537393282014843,75.85599194360525,1
58.46,99.33,59.96,94.53,50.79,7.7,71.93,22.9,2,4.2,1,79.645,-39.37,5.325581395348837,0,64.04,33.47739774833163,109.5449880260007,1
94.15,76.47,89.04,88.23,72.58,97.0,95.8,14.4,5,5.2,0,82.755,12.570000000000007,2.716981132075472,0,86.52,10.005492491626788,91.89591078066914,0
54.48,65.0,89.43,85.84,55.03,85.1,90.69,16.7,3,7.5,0,77.215,24.430000000000007,2.1973684210526314,0,78.515,14.82286173449648,144.11710719530103,0
81.53,95.81,98.61,81.77,53.43,71.6,73.35,8.9,10,5.0,0,97.21,2.799999999999997,1.7450980392156863,0,79.09500000000001,16.82411572713407,97.01336931190974,0
89.51,91.13,83.76,78.54,66.84,99.4,72.82,28.6,8,4.9,0,87.445,-7.36999999999999,5.720000000000001,0,82.08166666666666,11.960301696306272,91.70111346963095,1
66.36,74.79,53.49,90.83,54.28,93.6,60.45,12.7,10,4.4,0,64.14,-21.300000000000004,2.822222222222222,0,71.24,17.974806813982728,107.35382760699216,2
77.65,47.49,81.85,98.39,86.44,96.1,58.16,12.7,5,7.2,0,64.67,34.35999999999999,1.73972602739726,1,78.07166666666666,20.755110615621074,100.54303498604848,1
54.85,98.03,60.13,54.86,59.21,7.199999999999999,69.35,6.9,9,7.3,0,79.08,-37.9,0.9324324324324326,0,58.13,29.419798095840157,105.9799453053783,2
77.84,83.41,64.84,60.38,71.0,33.7,71.37,16.3,10,5.0,1,74.125,-18.569999999999997,3.196078431372549,0,64.11666666666666,16.804066968048733,82.3698184309695,2
97.54,82.27,53.32,77.62,98.87,60.8,61.05,25.6,2,7.3,1,67.795,-28.95,3.45945945945946,0,72.32166666666667,17.04534120123932,74.14564964800766,2
67.62,87.53,76.5,83.39,73.04,19.9,74.93,12.1,1,4.4,1,82.015,-11.03,2.6888888888888887,0,69.215,24.77378513671256,102.35876959479444,1
51.25,94.32,89.37,97.59,93.04,99.4,82.29,7.6,3,4.9,0,91.845,-4.949999999999989,1.52,0,92.66833333333334,6.180502946093194,180.81626016260165,0
89.04,83.6,45.56,78.68,61.01,7.1,84.57,18.4,5,6.9,0,64.58,-38.03999999999999,2.628571428571429,1,60.08666666666667,30.058229932360728,67.4827792752321,2
70.93,86.49,76.75,58.16,64.38,23.0,82.02,18.2,5,8.9,1,81.62,-9.739999999999997,2.022222222222222,0,65.13333333333333,23.240595230472618,91.82762347854693,1
54.5,61.44,97.99,90.24,74.54,14.0,87.85,8.9,8,4.7,1,79.715,36.55,1.8541666666666667,0,71.01,30.77494045485709,130.29357798165137,0
93.82,59.37,75.46,82.67,72.01,48.1,72.6,9.8,1,5.2,0,67.41499999999999,16.089999999999996,1.8490566037735847,0,68.36833333333334,12.472156857042275,72.87181126980745,1
51.63,92.21,69.27,62.31,72.85,68.0,63.94,9.6,6,4.6,0,80.74,-22.94,2.042553191489362,0,71.42999999999999,10.858451086596094,138.34979662986635,1
74.43,49.53,95.86,65.0,77.96,20.0,56.32,12.0,4,8.0,0,72.695,46.33,1.4814814814814816,1,60.77833333333333,25.89606025376576,81.65838147700299,2
64.5,84.94,93.38,95.07,63.26,57.7,52.89,17.2,7,4.4,0,89.16,8.439999999999998,3.822222222222222,0,74.53999999999999,18.78367908584471,115.5658914728682,1
95.53,58.89,67.15,57.37,97.73,11.4,84.91,18.4,1,4.6,1,63.02,8.260000000000005,3.914893617021277,0,62.90833333333333,29.71377486396952,65.8519138839457,1
79.99,85.08,85.4,90.37,70.87,17.9,53.75,11.0,5,6.1,1,85.24000000000001,0.3200000000000074,1.774193548387097,0,67.22833333333334,27.613909115999256,84.04592240696755,1
88.13,86.11,55.71,87.13,62.19,5.8,79.4,18.4,7,6.5,1,70.91,-30.4,2.787878787878788,0,62.723333333333336,30.69354959379359,71.17137561935021,1
52.45,69.77,62.71,59.42,50.3,39.900000000000006,80.76,9.9,5,7.6,0,66.24,-7.059999999999995,1.2857142857142858,0,60.47666666666667,14.358605317601938,115.30346361614234,2
51.72,83.47,78.63,95.97,73.62,32.3,64.0,24.0,9,4.5,0,81.05,-4.840000000000003,5.217391304347826,0,71.33166666666666,21.863728334084893,137.9189224026811,1
54.64,81.41,48.66,73.27,95.51,69.3,88.27,24.6,9,6.8,1,65.035,-32.75,3.565217391304348,1,76.07,16.493939493038045,139.2203513909224,1
83.53,59.86,40.27,59.78,80.73,92.3,84.03,16.8,7,5.4,0,50.065,-19.59,3.0545454545454547,1,69.495,19.487814397720435,83.19765353765115,2
64.27,40.45,77.25,53.01,58.27,67.2,62.57,22.4,10,6.4,0,58.85,36.8,3.446153846153846,1,59.79166666666666,12.568233633516948,93.03200041491624,2
65.54,76.28,47.5,93.11,79.05,51.900000000000006,57.37,9.9,4,8.3,1,61.89,-28.78,1.1785714285714286,1,67.53500000000001,17.95735253315477,103.04394263045468,2
64.22,44.25,80.82,59.98,83.58,4.4,59.77,16.2,3,7.9,0,62.535,36.56999999999999,2.025,1,55.46666666666666,29.002268646894965,86.36977058029689,2
60.6,72.92,83.31,66.12,64.37,85.19999999999999,89.62,26.4,2,8.5,0,78.11500000000001,10.39,3.069767441860465,0,76.92333333333333,10.590778378696564,126.93619361936194,1
90.31,81.01,67.33,75.04,58.67,7.800000000000001,57.04,14.3,7,7.0,0,74.17,-13.680000000000009,2.014084507042253,0,57.815000000000005,26.184253856086865,64.01838113165763,2
60.14,50.06,90.48,90.08,65.97,18.0,62.01,29.2,4,6.7,1,70.27000000000001,40.42,4.294117647058823,0,62.76666666666667,27.167608409034955,104.36758674204634,2
75.72,93.9,79.06,71.93,79.1,9.4,82.72,15.7,7,7.0,1,86.48,-14.840000000000003,2.211267605633803,0,69.35166666666667,30.237277930836743,91.58962845571403,1
97.36,90.84,89.99,71.1,59.5,4.3,61.22,5.7,1,6.6,1,90.415,-0.8500000000000085,0.8507462686567165,0,62.82499999999999,31.717693327226684,64.52855382087098,1
94.5,96.53,65.21,79.52,60.1,14.4,81.8,7.0,10,5.8,0,80.87,-31.320000000000007,1.186440677966102,0,66.26,28.50298159842229,70.11640211640213,1
85.63,75.93,93.85,90.77,80.12,16.7,74.06,28.2,8,5.2,1,84.89,17.919999999999987,5.320754716981132,0,71.905,28.19004842138445,83.97173887656196,1
64.45,93.41,42.55,96.35,91.14,61.7,86.88,8.6,9,6.6,1,67.97999999999999,-50.86,1.283582089552239,1,78.67166666666667,21.658209913717855,122.0662011895526,1
50.03,64.28,58.65,62.01,75.22,7.0,98.03,24.7,10,7.0,0,61.465,-5.630000000000003,3.47887323943662,0,60.86499999999999,30.022061721340854,121.65700579652209,1
82.9,84.32,86.81,87.03,90.11,48.9,93.6,20.4,3,8.4,0,85.565,2.490000000000009,2.4,0,81.795,16.428690452984984,98.6670687575392,0
88.04,92.79,78.78,56.25,98.98,26.1,74.74,25.1,4,5.5,0,85.785,-14.010000000000003,4.482142857142858,0,71.27333333333334,26.70327595383508,80.9556262305013,1
84.22,49.31,83.19,95.31,79.19,87.5,79.85,25.2,2,8.3,0,66.25,33.879999999999995,3.0,1,79.05833333333334,15.735669565247823,93.8712103221721,1
84.71,86.91,46.49,87.99,67.13,54.400000000000006,66.38,11.2,8,8.8,0,66.7,-40.42,1.2584269662921348,1,68.21666666666665,16.78051210978576,80.5296501790422,2
83.57,60.5,43.72,90.5,79.71,27.7,57.81,27.7,9,6.6,0,52.11,-16.78,4.134328358208956,1,59.99,22.94387935812076,71.78413306210363,2
69.42,70.13,83.29,81.45,89.05,75.19999999999999,93.31,10.2,10,4.5,1,76.71000000000001,13.16000000000001,2.217391304347826,0,82.07166666666667,8.563775841687283,118.2248151349275,0
62.26,83.93,64.98,77.86,82.83,79.5,50.37,22.0,1,4.2,1,74.45500000000001,-18.950000000000003,5.116279069767442,0,73.245,13.099927862396802,117.64375200770962,2
97.12,50.25,81.62,68.64,86.16,9.7,78.53,17.2,3,6.1,0,65.935,31.370000000000005,2.774193548387097,0,62.48333333333333,28.837237500611373,64.33621636463481,1
87.99,81.74,60.59,59.76,55.89,7.4,90.45,29.2,3,7.3,1,71.16499999999999,-21.14999999999999,3.945945945945946,0,59.30499999999999,28.917087508945293,67.39970451187634,2
75.65,94.13,67.7,63.77,99.35,78.8,57.15,15.6,8,6.2,0,80.91499999999999,-26.429999999999996,2.4761904761904763,0,76.81666666666666,17.038445547251854,101.54218990967172,1
70.74,42.72,90.28,51.65,84.64,45.6,78.58,28.9,8,8.1,0,66.5,47.56,3.524390243902439,1,65.57833333333333,21.25181631453337,92.70332673640564,1
74.98,83.8,45.54,81.91,80.47,29.9,66.5,26.4,2,5.6,1,64.67,-38.26,4.631578947368421,1,64.68666666666667,22.32071474363369,86.27189472748289,2
65.37,70.08,63.25,96.77,80.06,90.0,90.87,9.5,4,5.7,1,66.66499999999999,-6.829999999999998,1.637931034482759,0,81.83833333333332,13.100270862339706,125.1924940084646,0
95.56,64.53,66.33,81.27,50.15,72.8,73.38,12.2,2,4.9,0,65.43,1.7999999999999972,2.44,0,68.07666666666667,10.597115959857504,71.23970978094042,2
79.32,43.2,91.43,53.79,61.41,31.9,77.8,18.8,7,8.9,0,67.315,48.23,2.088888888888889,1,59.92166666666666,21.986588108814583,75.54420911077491,2
53.59,58.89,48.85,65.99,55.32,86.5,58.72,29.7,7,8.3,0,53.870000000000005,-10.04,3.5357142857142856,1,62.37833333333333,13.063588200286576,116.3992038315606,2
95.02,75.26,71.69,75.35,71.24,85.60000000000001,86.99,20.0,9,7.0,0,73.475,-3.5700000000000074,2.8169014084507045,0,77.68833333333333,6.899870771736721,81.75998035501298,1
54.08,43.19,43.54,63.86,75.25,18.4,96.72,10.3,3,6.5,0,43.365,0.3500000000000014,1.5606060606060608,2,56.82666666666666,27.63862490549533,105.07889546351085,2
91.36,54.55,89.71,52.82,67.73,68.60000000000001,98.09,23.2,9,6.8,1,72.13,35.16,3.3623188405797104,0,71.91666666666667,18.4198715160195,78.71789258610626,1
58.72,44.26,85.27,91.26,93.85,50.6,93.03,18.8,4,8.2,1,64.765,41.01,2.265060240963856,1,76.37833333333333,22.71199103263883,130.07209355131698,0
83.19,98.26,46.12,73.9,56.11,47.400000000000006,82.24,11.6,2,7.3,0,72.19,-52.14000000000001,1.5675675675675675,1,67.33833333333332,20.95277968830548,80.94522578835597,1
70.83,50.95,61.02,83.17,63.42,80.0,95.41,8.7,9,4.5,0,55.985,10.07,1.891304347826087,0,72.32833333333333,16.573650674087066,102.11539366558428,1
91.32,95.51,48.83,96.91,59.22,11.2,71.23,21.9,7,6.1,1,72.17,-46.68000000000001,3.532258064516129,1,63.81666666666667,32.152252590863164,69.88246459337131,2
57.77,70.67,57.18,70.1,96.08,39.4,66.69,7.2,8,5.0,1,63.925,-13.490000000000002,1.411764705882353,0,66.68666666666665,18.58184454424981,115.43477006520106,2
80.51,50.45,72.04,93.38,65.62,64.4,97.2,6.0,2,8.5,0,61.245000000000005,21.590000000000003,0.6976744186046512,0,73.84833333333333,18.080458419704588,91.7256655487931,1
61.6,89.81,43.06,50.93,79.85,5.300000000000001,81.93,5.2,6,8.5,0,66.435,-46.75,0.6046511627906977,1,58.48,31.9719864881743,94.93506493506491,2
95.3,81.88,91.65,92.73,91.23,91.0,73.52,9.5,2,6.5,0,86.765,9.77000000000001,1.4393939393939394,0,87.00166666666667,7.69770203805439,91.2924099335432,0
89.04,60.29,77.06,88.49,91.85,91.0,57.88,28.5,8,6.6,1,68.675,16.770000000000003,4.253731343283582,0,77.76166666666666,15.426366282007782,87.3334082060497,1
92.08,98.38,75.03,55.6,82.33,95.3,57.51,29.6,7,8.7,0,86.705,-23.349999999999994,3.363636363636364,0,77.35833333333333,18.22818632411537,84.01209093541848,1
76.2,76.45,86.98,62.46,50.77,63.8,78.63,15.3,8,4.1,0,81.715,10.53,3.642857142857144,0,69.84833333333334,13.185949213714828,91.66447944007,1
60.65,62.24,72.4,69.58,65.8,86.0,88.09,18.2,6,8.1,0,67.32000000000001,10.160000000000004,2.2195121951219514,0,74.01833333333333,10.678577464562716,122.0417697169552,1
85.7,47.81,83.72,97.89,59.61,1.3,70.07,17.6,10,8.0,0,65.765,35.91,2.17283950617284,1,60.06666666666667,33.7464277615671,70.08945935433684,2
60.22,66.02,70.0,55.05,98.68,36.9,88.39,28.6,3,8.7,1,68.00999999999999,3.980000000000004,3.2500000000000004,0,69.17333333333333,22.323024585988943,114.86770729547216,1
56.39,67.87,91.56,52.92,77.08,42.5,69.69,19.6,8,7.9,0,79.715,23.69,2.45,0,66.93666666666667,17.38542684741064,118.7030797422711,1
88.98,58.58,74.79,87.23,93.87,85.9,61.4,26.3,8,5.4,0,66.685,16.210000000000008,4.781818181818182,0,76.96166666666666,14.532663096166056,86.49321945006368,1
78.77,96.01,71.18,56.33,96.73,25.0,98.6,13.2,2,4.5,0,83.595,-24.83,2.869565217391304,0,73.97500000000001,29.419145296898076,93.912657102958,0
91.46,48.73,76.61,51.2,72.41,50.1,72.89,6.4,5,6.3,1,62.67,27.880000000000003,1.0000000000000002,1,61.99,13.2269013756057,67.77826372184562,2
74.72,83.77,73.81,77.19,53.83,57.0,65.26,29.3,5,6.1,0,78.78999999999999,-9.959999999999994,4.725806451612904,0,68.47666666666666,11.788454804030366,91.64436117059245,1
77.64,44.11,92.81,72.0,53.65,13.0,97.36,22.1,4,4.7,0,68.46000000000001,48.7,4.604166666666667,1,62.155,31.906789716297062,80.05538382277177,1
98.37,69.31,83.73,59.24,96.39,26.3,78.55,8.9,1,5.7,1,76.52000000000001,14.420000000000002,1.5344827586206895,0,68.92,24.4007901511406,70.06201077564297,1
75.26,87.18,78.51,66.45,64.62,3.5,89.64,29.5,4,4.0,1,82.845,-8.670000000000002,7.195121951219513,0,64.98333333333333,31.831108473734727,86.34511471343785,1
52.63,47.29,47.28,56.94,87.06,32.8,62.81,29.8,9,7.0,1,47.285,-0.009999999999998,4.19718309859155,2,55.696666666666665,18.4476217075987,105.82684147191084,2
69.21,72.6,58.31,74.38,62.04,8.299999999999999,65.29,5.1,7,5.7,1,65.455,-14.289999999999992,0.8793103448275862,0,56.82,24.546941968400056,82.09796272214999,2
64.37,78.82,87.04,66.19,75.71,26.7,79.1,21.7,6,8.7,1,82.93,8.220000000000013,2.4659090909090917,0,68.92666666666666,21.753445397606946,107.0788669670136,1
99.48,90.62,73.67,91.5,56.73,21.9,66.24,16.6,4,8.6,0,82.14500000000001,-16.950000000000003,1.9080459770114944,0,66.77666666666667,25.854997711596628,67.1257204128133,1
81.32,89.18,74.08,62.33,57.14,93.7,56.61,12.0,2,4.7,1,81.63,-15.100000000000009,2.5,0,72.17333333333333,16.256501058550906,88.75225446794558,2
66.28,83.26,83.84,83.47,51.41,16.0,86.0,8.4,1,8.2,0,83.55000000000001,0.5799999999999983,1.0120481927710845,0,67.33,28.367688661574103,101.58418829209414,1
67.14,69.97,72.24,60.03,80.3,72.4,94.54,26.3,3,6.9,0,71.10499999999999,2.269999999999996,3.757142857142857,0,74.91333333333333,11.607204084820198,111.57779763677884,1
53.86,82.89,91.77,80.23,53.8,22.7,56.87,8.3,4,6.3,1,87.33,8.879999999999995,1.2968750000000002,0,64.71,25.49101881055365,120.1448199034534,1
99.46,97.49,44.14,52.21,62.98,91.1,65.5,6.7,9,5.1,1,70.815,-53.35,1.2884615384615388,1,68.90333333333332,21.205886604116948,69.27743146323479,2
60.23,96.43,76.0,94.4,66.49,31.0,63.87,28.0,2,7.5,1,86.215,-20.430000000000007,3.68421052631579,0,71.36500000000001,24.04006052405027,118.4874647185788,1
73.94,52.37,42.75,81.21,55.27,89.80000000000001,62.23,22.2,3,5.3,1,47.56,-9.619999999999996,4.111111111111112,1,63.93833333333333,18.0442039632306,86.47326661256875,2
59.32,58.5,76.11,55.81,69.23,65.5,53.44,21.9,4,5.9,1,67.305,17.61,3.65,0,63.098333333333336,8.720283061154992,106.3694088559227,2
61.57,95.22,79.1,60.94,50.11,50.4,92.06,19.0,5,7.6,0,87.16,-16.120000000000005,2.467532467532468,0,71.30499999999999,20.28368580904368,115.81127172324182,1
92.19,86.64,74.71,61.43,57.5,40.2,51.81,24.9,7,8.3,0,80.675,-11.930000000000009,2.964285714285714,0,62.048333333333325,16.542736674041166,67.30484145062732,2
63.67,51.14,93.05,90.81,90.07,16.4,72.79,21.5,5,4.3,0,72.095,41.91,4.886363636363637,0,69.04333333333334,30.32528955618836,108.43934872519765,1
81.38,44.03,53.55,95.38,98.08,75.19999999999999,96.26,24.3,7,6.2,0,48.79,9.519999999999996,3.857142857142857,1,77.08333333333333,23.635820837590277,94.72024248382075,1
64.2,78.52,53.63,81.59,60.62,76.10000000000001,61.46,9.6,5,4.8,1,66.075,-24.889999999999997,1.959183673469388,0,68.65333333333334,11.507739424694435,106.93665628245068,2
70.12,51.05,55.72,65.31,83.18,17.4,70.63,6.1,1,4.4,1,53.385,4.670000000000002,1.3555555555555554,0,57.215,22.56168854496489,81.59583571021106,2
51.81,99.36,99.07,73.48,83.84,37.7,62.91,13.1,9,7.5,0,99.215,-0.2900000000000062,1.723684210526316,0,76.06,23.596385316399623,146.8056359776105,1
77.89,95.71,63.96,51.49,59.69,69.80000000000001,94.23,11.2,6,8.9,0,79.835,-31.749999999999996,1.2444444444444445,0,72.48,18.420816485704425,93.05430735652844,1
62.24,60.03,65.27,82.68,50.48,92.4,68.22,19.4,5,4.8,0,62.65,5.239999999999995,3.959183673469388,0,69.84666666666668,15.286424914500667,112.22150814053128,2
89.36,81.47,58.49,87.82,99.35,11.4,76.54,8.2,8,7.8,0,69.98,-22.98,1.0379746835443038,0,69.17833333333333,31.35505280918319,77.41532378394508,1
76.1,42.59,40.01,95.16,72.13,76.2,55.74,12.6,6,8.9,0,41.3,-2.5800000000000054,1.4,2,63.63833333333333,21.388003568979197,83.62461673236969,2
95.75,72.35,76.25,50.11,50.17,78.3,52.79,27.4,6,4.3,0,74.3,3.9000000000000057,6.227272727272728,0,63.32833333333334,13.648686994237456,66.13925152306354,2
88.6,51.46,43.25,73.85,79.19,49.8,57.23,8.1,10,8.2,1,47.355,-8.21,0.9759036144578314,1,59.13,14.288066349230045,66.73814898419866,2
97.34,66.42,80.67,69.3,61.28,14.3,63.27,9.3,6,7.4,0,73.545,14.25,1.24,0,59.206666666666656,23.03041612013701,60.824601054722265,2
89.45,44.54,98.74,85.13,52.02,19.5,78.33,14.6,7,7.2,0,71.64,54.2,2.0,1,63.04333333333333,29.514959370913363,70.47885224520215,1
72.6,68.92,50.87,96.76,86.68,98.5,82.9,7.2,6,4.6,0,59.895,-18.050000000000004,1.5319148936170215,0,80.77166666666666,18.132459752241743,111.25573921028466,1
59.15,56.57,63.57,96.13,81.8,14.3,99.57,29.2,8,7.3,1,60.07,7.0,3.945945945945946,0,68.65666666666667,31.653670666554085,116.07213299520993,1
95.56,89.91,73.65,96.97,79.52,90.8,80.35,22.0,8,7.6,1,81.78,-16.25999999999999,2.857142857142857,0,85.19999999999999,8.732289505049632,89.15864378401004,0
56.59,78.79,80.06,92.11,56.2,14.9,90.09,18.9,7,5.2,0,79.42500000000001,1.269999999999996,3.5660377358490565,0,68.69166666666666,29.28176047758513,121.38481474936675,1
94.19,48.1,50.28,57.66,91.72,67.4,55.76,9.3,4,7.1,1,49.19,2.18,1.291666666666667,1,61.81999999999999,16.1281468247285,65.6332944049262,2
70.41,76.88,93.46,52.98,71.62,67.2,65.38,25.2,9,7.2,1,85.16999999999999,16.58,3.452054794520548,0,71.25333333333332,13.489033570521894,101.19774653221604,1
54.67,64.64,60.88,85.48,76.09,12.1,65.41,10.3,9,6.3,1,62.760000000000005,-3.759999999999998,1.6093750000000002,0,60.76666666666667,25.49734862033044,111.151759039083,2
57.19,67.05,93.68,67.7,85.7,50.5,73.79,12.8,8,8.3,0,80.36500000000001,26.63000000000001,1.5238095238095235,0,73.07000000000001,15.226881492938732,127.76709214897711,1
58.15,77.83,81.67,79.39,97.65,61.8,95.72,23.1,6,4.9,1,79.75,3.8400000000000034,4.62,0,82.34333333333332,13.15145264473346,141.60504442533676,0
74.48,60.46,77.67,52.25,62.57,61.900000000000006,52.33,23.8,4,5.1,1,69.065,17.21,4.5769230769230775,0,61.196666666666665,9.305425657468158,82.16523451485857,2
57.83,61.47,50.14,83.79,53.7,21.1,75.53,24.1,2,4.8,0,55.805,-11.329999999999998,4.918367346938776,0,57.62166666666667,22.024925349854577,99.63974868868524,2
97.27,97.23,45.8,57.09,94.24,83.2,55.65,17.2,4,7.4,1,71.515,-51.43000000000001,2.293333333333333,1,72.20166666666667,22.056459749167967,74.22809362256262,2
76.05,68.12,42.93,50.22,51.51,5.5,88.07,17.1,2,7.7,1,55.525000000000006,-25.190000000000005,2.1923076923076925,1,51.05833333333334,27.580798695227564,67.13784790707868,2
58.95,96.33,51.0,55.53,94.08,57.8,60.69,19.3,10,7.5,1,73.66499999999999,-45.33,2.5394736842105265,0,69.23833333333333,20.37415756949638,117.45264348317782,2
73.43,59.19,44.03,85.94,71.65,92.4,52.92,24.5,5,4.2,0,51.61,-15.159999999999997,5.697674418604652,1,67.68833333333335,19.02380973061565,92.18076172318308,2
95.48,90.39,76.0,79.75,72.67,27.5,69.85,15.0,10,6.7,1,83.195,-14.39,2.2058823529411766,0,69.36,21.715240730878392,72.64348554671135,1
95.47,70.35,87.52,75.37,67.04,82.30000000000001,54.1,16.0,3,5.6,0,78.935,17.17,2.8070175438596494,0,72.78000000000002,11.85243434911158,76.23337173981358,1
99.95,79.33,71.03,54.72,76.63,11.7,74.65,18.8,7,5.2,1,75.18,-8.299999999999997,3.547169811320755,0,61.34333333333334,25.83188081938028,61.37402034350509,2
96.41,81.8,94.57,85.54,61.73,64.3,83.56,18.8,3,5.8,0,88.185,12.769999999999996,3.186440677966102,0,78.58333333333334,12.86181428363303,81.50952529129069,0
79.4,71.72,44.76,75.77,51.79,30.1,86.67,7.6,2,6.2,0,58.24,-26.96,1.2063492063492065,1,60.135,21.405151482762275,75.7367758186398,2
66.47,42.91,72.85,85.31,91.79,92.9,88.93,27.9,10,4.4,1,57.88,29.94,6.199999999999999,1,79.115,19.159573847035333,119.02361967805024,1
72.24,75.5,44.0,98.5,73.99,20.3,56.78,18.6,10,6.6,0,59.75,-31.5,2.776119402985075,1,61.51166666666668,27.375053181074676,85.14904023624956,2
94.46,66.02,84.84,62.97,58.73,42.2,62.9,6.9,4,4.9,0,75.43,18.820000000000007,1.38,0,62.94333333333333,13.689196713710658,66.63490719175665,2
66.35,64.2,75.25,96.53,90.01,45.0,90.7,11.0,10,6.8,0,69.725,11.049999999999995,1.5942028985507248,0,76.94833333333334,19.643103030495634,115.97337352424016,0
62.56,66.2,64.28,52.45,71.96,17.0,60.88,27.1,4,4.5,1,65.24000000000001,-1.9200000000000017,5.891304347826088,0,55.461666666666666,19.914808978914827,88.65355924978687,2
90.99,91.7,65.44,60.9,95.95,71.5,69.93,21.5,5,5.3,0,78.57,-26.260000000000005,3.981481481481482,0,75.90333333333334,14.429517894464343,83.4194233798586,1
93.37,60.52,43.25,68.72,58.34,16.299999999999997,67.29,6.5,3,8.7,0,51.885000000000005,-17.270000000000003,0.7386363636363638,1,52.403333333333336,19.88066866749373,56.12437970797187,2
81.97,71.37,75.12,93.89,83.24,2.4,71.77,25.1,5,6.6,1,73.245,3.75,3.7462686567164183,0,66.29833333333333,32.44934478023657,80.88121670529868,1
69.21,84.56,50.57,78.47,91.18,32.5,68.47,20.7,5,4.5,0,67.565,-33.99,4.5,0,67.625,22.29169778190975,97.7098685161104,2
69.22,71.23,74.78,83.75,85.13,77.4,65.97,22.7,10,8.0,1,73.005,3.549999999999997,2.802469135802469,0,76.37666666666667,7.33989554875726,110.33901569873832,1
87.56,48.71,42.57,63.05,54.41,2.9,68.07,23.1,4,8.7,1,45.64,-6.140000000000001,2.6250000000000004,2,46.61833333333333,23.33641139221424,53.241586721486215,2
60.5,82.1,86.42,81.85,65.27,26.5,53.07,19.0,6,7.4,0,84.25999999999999,4.320000000000007,2.533333333333333,0,65.86833333333333,23.04462055809699,108.8732782369146,2
93.11,60.45,50.51,67.2,76.21,57.2,56.21,10.8,3,5.5,0,55.48,-9.940000000000005,1.9285714285714288,0,61.29666666666666,9.132170972264298,65.83252783446102,2
94.74,73.82,51.64,97.85,74.61,18.4,90.22,19.3,5,6.3,1,62.73,-22.179999999999996,3.0156250000000004,0,67.75666666666666,28.947434198330367,71.51854197452677,1
63.5,94.31,68.71,61.21,63.61,43.2,96.22,21.9,5,6.7,0,81.50999999999999,-25.60000000000001,3.2205882352941173,0,71.21,20.53134286889194,112.14173228346456,1
98.77,75.07,66.83,97.51,97.73,5.4,96.93,20.0,5,8.4,0,70.94999999999999,-8.239999999999995,2.3529411764705883,0,73.24499999999999,35.767894961822954,74.15713273261112,0
90.38,81.21,78.18,55.53,64.06,63.3,61.32,18.9,4,8.8,1,79.695,-3.029999999999987,2.123595505617977,0,67.26666666666667,10.125677590495693,74.42649553736078,2
69.59,93.3,88.68,97.56,67.79,12.8,69.24,24.9,6,9.0,1,90.99,-4.61999999999999,2.7362637362637363,0,71.56166666666668,31.349816214240665,102.83326148392968,1
66.61,56.39,55.56,92.57,87.32,33.5,65.98,7.8,10,4.1,0,55.975,-0.8299999999999983,1.8571428571428572,0,65.22,21.974771898702382,97.91322624230595,2
68.55,61.57,54.75,50.07,86.78,78.3,98.87,16.3,6,5.5,0,58.16,-6.82,2.910714285714286,0,71.72333333333333,19.323293370092657,104.62922441040602,1
78.29,81.18,53.2,74.12,71.16,43.2,93.4,29.4,3,8.2,1,67.19,-27.980000000000004,3.5421686746987957,0,69.37666666666667,18.37945120689589,88.61497849874398,1
65.22,86.06,51.4,89.39,58.66,7.3,74.11,9.7,9,5.9,0,68.73,-34.660000000000004,1.6166666666666665,0,61.153333333333336,30.28878450295863,93.7646938566902,2
54.95,93.65,81.73,59.02,84.78,41.2,60.44,23.8,2,4.8,0,87.69,-11.920000000000002,4.857142857142858,0,70.13666666666667,19.78204101367366,127.63724598119504,1
68.62,74.58,78.0,92.69,77.59,35.8,89.8,12.9,9,6.5,0,76.28999999999999,3.4200000000000017,1.9545454545454548,0,74.74333333333334,20.416196185055306,108.92354027008648,0
73.24,97.84,79.45,73.81,57.68,78.60000000000001,51.15,9.6,3,6.9,1,88.64500000000001,-18.39,1.3714285714285714,0,73.08833333333334,16.749461384374925,99.79291825960314,1
52.09,49.19,84.07,98.58,61.23,91.9,88.11,25.3,1,6.7,0,66.63,34.879999999999995,3.7205882352941178,1,78.84666666666668,19.30156124946028,151.36622512318425,0
72.93,86.93,69.87,90.95,69.94,14.6,92.51,18.3,8,5.5,1,78.4,-17.060000000000002,3.2678571428571432,0,70.8,29.317462373131814,97.07939119703823,1
95.81,42.82,68.35,88.75,55.93,51.5,94.37,24.1,2,4.9,1,55.585,25.529999999999998,4.82,1,66.95333333333333,20.839655147498643,69.88136241867585,1
99.78,68.37,81.17,87.68,99.1,22.9,82.16,16.3,9,4.5,0,74.77000000000001,12.799999999999995,3.543478260869566,0,73.56333333333333,26.74662495842544,73.72552949822943,1
81.93,40.56,96.58,60.7,96.55,17.0,77.97,9.5,4,5.9,0,68.57,56.02,1.5833333333333333,1,64.89333333333333,31.87681017082272,79.20582611172138,1
91.47,62.88,97.63,84.48,77.93,37.400000000000006,70.49,12.1,10,7.0,0,80.255,34.74999999999999,1.704225352112676,0,71.80166666666668,20.640691283643253,78.49750373528663,1
50.66,68.85,83.52,78.21,62.89,83.0,71.5,5.5,6,7.5,0,76.185,14.670000000000002,0.7236842105263158,0,74.66166666666666,8.281694069854709,147.37794446637716,1
72.21,53.46,57.9,70.2,66.12,65.3,81.67,15.5,2,8.1,0,55.68,4.439999999999998,1.8902439024390243,0,65.775,9.861553123114026,91.08849189862902,2
91.35,69.48,48.7,51.15,70.47,76.9,77.57,22.3,7,7.1,0,59.09,-20.78,3.0972222222222228,1,65.71166666666667,12.681323931934973,71.9339536580916,2
79.55,74.32,73.4,69.36,59.92,55.7,67.27,25.3,2,7.1,1,73.86,-0.9199999999999876,3.5138888888888893,0,66.66166666666666,7.447341583858406,83.79844961240309,2
73.04,53.11,85.35,96.7,61.5,98.3,58.17,15.8,1,4.1,1,69.22999999999999,32.239999999999995,3.7619047619047623,0,75.52166666666666,20.31718820768924,103.39768163563345,1
68.63,95.81,80.5,82.06,52.36,12.9,67.27,26.0,3,8.5,0,88.155,-15.310000000000002,3.0232558139534884,0,65.14999999999999,29.52879001923377,94.92933119626986,1
58.84,55.58,54.96,74.35,67.06,10.4,88.22,24.7,9,4.8,1,55.27,-0.6199999999999974,5.040816326530613,0,58.42833333333332,26.61733150912515,99.3003625651484,2
54.96,40.28,48.45,68.12,92.45,69.9,90.68,20.6,2,7.2,1,44.365,8.170000000000002,2.8219178082191783,2,68.31333333333335,21.287654325140352,124.29645803008252,2
86.25,67.19,69.07,56.01,56.51,39.1,86.69,7.5,6,8.9,0,68.13,1.8799999999999957,0.8333333333333334,0,62.428333333333335,15.974019427391047,72.38067632850242,2
98.76,40.87,52.1,82.7,89.02,73.2,96.32,6.5,3,4.3,0,46.485,11.230000000000004,1.4772727272727275,1,72.36833333333333,21.73175410929055,73.27696773322532,1
57.41,64.29,97.14,90.73,98.0,65.4,53.65,12.7,9,6.4,1,80.715,32.849999999999994,1.9538461538461536,0,78.20166666666667,19.327674890339672,136.2161063693898,1
78.06,67.39,64.41,69.5,61.86,86.6,97.73,9.3,2,6.1,0,65.9,-2.980000000000004,1.5000000000000002,0,74.58166666666666,14.30477321269606,95.54402596293448,1
50.94,74.88,94.7,93.21,51.28,10.9,93.35,14.6,1,8.4,1,84.78999999999999,19.820000000000007,1.7176470588235293,0,69.71999999999998,33.348490220698146,136.86690223792695,0
80.14,81.75,58.24,60.83,93.13,46.5,67.21,19.1,10,5.8,0,69.995,-23.51,3.237288135593221,0,67.94333333333333,16.91213016348522,84.78080026620081,2
59.61,52.58,72.94,61.37,92.62,44.7,92.56,27.5,9,4.8,0,62.76,20.36,5.612244897959184,0,69.46166666666666,20.226448444219432,116.52686909355252,1
82.71,85.31,41.24,90.87,51.07,68.5,76.99,27.0,9,9.0,0,63.275000000000006,-44.07,2.967032967032967,1,68.99666666666667,19.49618184842013,83.41998146133076,2
55.95,55.29,95.68,60.91,86.83,96.5,74.96,11.0,7,5.0,1,75.485,40.39000000000001,2.1568627450980395,0,78.36166666666666,17.601535633764083,140.0565981531129,1
94.87,43.1,66.51,83.64,83.18,29.5,75.11,22.0,1,4.2,1,54.80500000000001,23.410000000000004,5.116279069767442,1,63.50666666666667,22.400597908686876,66.94072590562523,2
94.4,81.51,71.27,73.37,56.67,59.6,53.61,28.6,8,8.3,0,76.39,-10.240000000000007,3.4047619047619047,0,66.00500000000001,10.992458778635472,69.92055084745763,2
89.55,51.47,41.31,86.88,64.42,40.5,96.61,16.7,8,6.4,1,46.39,-10.159999999999997,2.569230769230769,1,63.531666666666666,23.705922818288823,70.94546808114647,2
81.2,89.46,44.96,50.52,94.54,55.4,94.63,29.2,10,8.2,1,67.21,-44.49999999999999,3.5180722891566267,1,71.585,23.6309066690214,88.15886699507388,1
69.39,61.53,46.65,81.14,96.94,93.4,73.05,18.2,9,5.8,0,54.09,-14.880000000000004,3.0847457627118646,1,75.45166666666667,19.211273166208084,108.73564874861891,2
65.19,49.04,66.0,58.95,97.22,97.2,81.66,6.6,3,4.0,0,57.52,16.96,1.6097560975609757,1,75.01166666666667,20.21606926844748,115.06621669990288,1
67.7,51.69,49.05,85.35,64.25,53.5,95.91,17.3,5,8.0,0,50.37,-2.640000000000001,2.135802469135802,1,66.625,19.586107065979192,98.41211225997046,1
65.23,93.56,51.13,77.45,55.63,14.6,50.45,18.2,10,6.7,0,72.345,-42.43,2.676470588235294,0,57.13666666666666,26.95077117016629,87.59262098216567,2
56.62,43.52,79.39,54.52,58.28,47.7,55.19,29.3,1,4.3,1,61.455,35.87,6.65909090909091,1,56.43333333333334,12.479188541995295,99.6703167314259,2
81.59,83.36,95.28,63.33,52.96,77.4,86.33,15.0,1,6.8,0,89.32,11.920000000000002,2.173913043478261,0,76.44333333333331,15.650866642670834,93.69203742288676,0
62.74,61.37,81.47,50.16,52.16,67.30000000000001,61.18,17.7,2,5.0,0,71.42,20.1,3.4705882352941178,0,62.27333333333334,11.356083244969048,99.2561895654022,2
95.15,47.79,80.63,66.06,93.51,65.4,92.12,26.8,9,7.5,1,64.21,32.84,3.5263157894736845,1,74.25166666666667,17.75679635144433,78.03643370117358,1
97.94,84.76,92.47,97.91,52.26,35.3,62.45,12.5,7,7.4,0,88.61500000000001,7.709999999999994,1.6666666666666667,0,70.85833333333333,24.791556156616444,72.34871690150433,1
98.71,68.04,46.15,58.54,58.29,80.60000000000001,99.22,6.9,7,6.3,0,57.095,-21.890000000000008,1.0781250000000002,1,68.47333333333334,18.93834170846716,69.3681828926485,1
83.07,89.07,41.83,92.88,66.05,47.6,96.69,28.1,1,8.3,0,65.44999999999999,-47.24,3.345238095238096,1,72.35333333333334,23.9883210472652,87.09923357810683,1
97.02,69.17,89.9,50.56,68.74,98.5,97.64,27.5,8,8.3,0,79.535,20.730000000000004,3.273809523809524,0,79.085,19.272759791996577,81.51412079983508,0
69.8,99.15,74.79,78.21,77.02,35.6,76.02,29.3,2,5.2,1,86.97,-24.36,5.528301886792453,0,73.46499999999999,20.673239465550623,105.25071633237822,1
80.91,44.88,80.81,69.16,50.31,84.0,89.87,27.8,7,7.5,0,62.845,35.93,3.657894736842105,1,69.83833333333332,18.584575773115365,86.3160713550035,1
96.21,82.46,95.78,69.33,51.06,38.2,83.45,18.1,6,8.8,0,89.12,13.320000000000007,2.033707865168539,0,70.04666666666667,21.776877339661592,72.8060146207948,1
66.7,63.53,87.93,98.56,81.8,68.60000000000001,50.9,8.2,7,5.1,0,75.73,24.40000000000001,1.576923076923077,0,75.22,17.444420311377506,112.77361319340328,1
74.49,52.97,88.92,97.17,62.66,21.7,65.61,5.2,8,4.9,1,70.945,35.95,1.04,0,64.83833333333334,26.9532079105005,87.04300353515015,1
52.68,42.57,41.45,67.42,65.92,51.4,86.42,12.4,1,7.4,0,42.010000000000005,-1.1199999999999974,1.653333333333333,2,59.196666666666665,17.355774447332124,112.3702860035434,2
78.72,59.67,42.98,76.97,64.23,44.0,54.32,20.8,6,7.6,1,51.325,-16.690000000000005,2.7012987012987018,1,57.028333333333336,12.89139777784654,72.44452913279133,2
51.8,69.65,54.6,67.69,86.69,19.0,76.64,17.2,1,8.7,1,62.125,-15.050000000000004,1.9545454545454548,0,62.37833333333333,23.739104799184545,120.42149292149293,2
58.14,94.81,70.11,74.69,82.52,75.1,81.7,19.0,10,7.4,1,82.46000000000001,-24.700000000000003,2.533333333333333,0,79.82166666666667,8.69946990722232,137.29216832932005,1
72.85,83.67,61.34,63.29,87.42,21.9,57.59,6.5,5,6.0,0,72.505,-22.33,1.0655737704918034,0,62.53499999999999,23.42479775793166,85.84076870281399,2
88.71,84.24,71.33,67.88,56.3,71.9,67.32,27.6,1,6.3,0,77.785,-12.909999999999997,4.312500000000001,0,69.82833333333333,9.02603438208977,78.71528952015933,1
83.25,74.61,92.99,88.43,88.88,98.8,66.72,25.6,5,5.1,0,83.8,18.379999999999995,4.923076923076924,0,85.07166666666666,12.0264631819445,102.18818818818818,0
92.68,60.33,70.99,85.67,55.46,5.699999999999999,76.4,28.5,3,8.2,1,65.66,10.659999999999997,3.4337349397590367,0,59.09166666666666,28.33001617836931,63.7588116817724,2
58.11,56.74,82.35,53.48,66.75,54.2,54.41,21.3,5,8.9,0,69.545,25.609999999999992,2.3666666666666667,0,61.32166666666666,11.424800071190155,105.52687431882062,2
84.27,97.98,52.85,73.94,94.26,89.2,88.06,9.9,7,5.7,1,75.415,-45.13,1.706896551724138,0,82.715,16.76812660973193,98.15474071437048,1
50.67,57.71,63.78,94.53,61.63,37.8,66.2,23.5,9,6.5,1,60.745000000000005,6.07,3.560606060606061,0,63.60833333333334,18.26291260086043,125.53450430892704,2
93.97,57.48,72.48,91.81,57.51,70.9,56.04,5.9,4,7.6,1,64.98,15.000000000000009,0.7662337662337664,0,67.70333333333335,13.846447438482794,72.04781667908199,2
74.43,58.84,89.93,82.49,61.05,72.2,81.69,19.5,3,8.6,0,74.385,31.090000000000003,2.241379310344828,0,74.36666666666666,12.52950544381807,99.91490886291368,1
86.8,75.16,45.36,98.43,63.22,87.8,77.34,21.7,6,5.8,0,60.26,-29.8,3.677966101694916,1,74.55166666666666,18.62470447192832,85.8890168970814,1
92.81,70.8,74.5,85.86,85.6,17.2,80.01,17.4,10,4.4,0,72.65,3.700000000000003,3.866666666666666,0,68.99499999999999,26.06825483226677,74.34004956362459,1
73.67,51.74,54.54,90.71,94.01,32.3,97.02,12.2,1,5.2,0,53.14,2.799999999999997,2.30188679245283,0,70.05333333333333,27.30998620773483,95.09071987692865,1
98.24,81.52,59.57,57.18,74.4,25.1,57.31,11.9,1,5.9,0,70.545,-21.95,1.9833333333333332,0,59.18000000000001,19.49266220914937,60.24022801302932,2
82.74,92.08,87.17,60.69,61.9,33.1,90.86,5.5,8,7.5,1,89.625,-4.909999999999997,0.7236842105263158,0,70.96666666666667,23.34850887458697,85.77068729352995,1
76.82,53.15,40.36,90.93,93.03,56.7,88.68,17.6,2,8.0,0,46.755,-12.79,2.17283950617284,1,70.47500000000001,23.045071273484925,91.74043217912003,1
51.37,55.11,67.87,95.38,98.15,21.5,74.05,18.5,9,4.8,1,61.49,12.760000000000003,3.775510204081633,0,68.67666666666666,28.35828321084805,133.69022127052108,1
96.17,95.92,60.45,84.63,70.49,35.099999999999994,87.34,21.4,8,6.3,1,78.185,-35.47,3.34375,0,72.32166666666667,22.19761556263796,75.20189941423175,1
57.45,93.52,52.16,55.75,66.79,89.60000000000001,72.28,9.7,5,7.0,0,72.84,-41.36,1.3661971830985915,0,71.68333333333334,17.071492807211285,124.77516681172034,2
71.58,64.18,73.79,93.44,62.28,98.7,87.71,29.0,8,7.6,0,68.98500000000001,9.61,3.7662337662337664,0,80.01666666666667,15.444098765116292,111.7863462792214,1
70.42,98.67,59.6,59.72,61.56,93.5,50.03,18.8,6,8.2,1,79.135,-39.07,2.265060240963856,0,70.51333333333334,20.280585461634647,100.1325381047051,2
76.62,74.86,81.85,54.87,59.32,28.4,96.22,5.9,1,5.6,1,78.35499999999999,6.989999999999995,1.0350877192982455,0,65.92,23.770533860222827,86.03497781258157,1
79.85,61.44,62.62,58.66,52.56,95.8,82.95,27.5,10,6.1,0,62.03,1.1799999999999995,4.435483870967743,0,69.005,16.660669554372657,86.41828428303067,2
61.73,88.88,93.15,80.15,80.59,45.2,70.04,22.2,1,5.5,1,91.015,4.27000000000001,3.9642857142857135,0,76.335,17.2150849547715,123.6594848533938,1
71.35,66.54,99.72,82.61,63.03,61.0,66.53,26.7,9,4.9,1,83.13,33.17999999999999,5.34,0,73.23833333333333,15.052993611460368,102.64657790235928,1
94.2,49.04,43.45,88.31,86.52,49.6,51.57,24.9,4,8.8,1,46.245000000000005,-5.589999999999996,2.797752808988764,2,61.415,20.32733209253,65.1963906581741,2
95.26,86.23,96.74,95.54,77.52,71.10000000000001,86.29,14.8,3,5.5,0,91.485,10.509999999999993,2.6428571428571432,0,85.57,9.993069598476737,89.8278395968927,0
91.35,70.87,59.58,60.14,69.36,38.3,86.21,25.6,5,5.7,0,65.225,-11.290000000000006,4.413793103448276,0,64.07666666666667,15.900322847875344,70.14413428206532,2
86.49,54.46,94.09,69.67,77.27,45.8,73.31,7.9,10,5.8,1,74.275,39.63,1.3389830508474578,0,69.10000000000001,17.126106387617707,79.89362932130884,1
62.97,93.5,97.85,88.55,81.98,95.5,93.03,20.4,3,5.6,0,95.675,4.349999999999994,3.5789473684210527,0,91.735,5.686210513162521,145.6804827695728,0
85.26,82.99,94.74,83.02,59.88,60.8,73.67,28.6,5,5.1,1,88.865,11.75,5.500000000000001,0,75.85000000000001,13.75148282913519,88.96317147548676,1
86.37,49.19,41.61,75.64,78.23,8.4,70.67,24.6,7,6.4,0,45.4,-7.579999999999998,3.784615384615385,2,53.95666666666667,26.79279131905944,62.47153718497936,2
62.49,77.56,91.47,56.76,90.11,56.3,82.32,16.2,7,5.1,1,84.515,13.909999999999997,3.115384615384616,0,75.75333333333333,15.739704783339066,121.22472929001972,1
92.9,57.08,57.01,91.14,81.41,96.8,86.44,18.5,1,6.4,1,57.045,-0.0700000000000002,2.8461538461538463,0,78.31333333333333,17.242962235841805,84.29852888410477,1
80.68,57.43,80.49,66.78,78.89,29.3,59.79,10.6,3,7.5,1,68.96,23.059999999999995,1.3947368421052633,0,62.11333333333334,18.681448195112356,76.98727483060651,2
51.3,77.22,67.2,54.42,70.32,95.5,73.55,20.8,2,7.4,0,72.21000000000001,-10.019999999999996,2.773333333333333,0,73.03500000000001,13.493645541513231,142.3684210526316,1
78.27,98.28,88.77,94.04,57.71,83.0,95.1,29.0,9,6.8,0,93.525,-9.510000000000003,4.202898550724638,0,86.14999999999999,14.93393451170856,110.06771432221797,0
89.59,75.86,76.42,91.51,50.05,8.4,92.99,14.4,1,8.8,0,76.14,0.5600000000000023,1.6179775280898876,0,65.87166666666667,32.1156655958843,73.52569111135915,1
71.6,80.47,58.88,55.68,55.33,27.3,78.35,26.8,3,4.0,1,69.675,-21.59,6.536585365853659,0,59.335,19.308577109668125,82.87011173184358,2
95.76,58.77,80.18,59.9,79.41,14.5,96.08,16.4,3,4.8,0,69.47500000000001,21.410000000000004,3.346938775510204,0,64.80666666666666,28.35099833633141,67.67613478139793,1
68.34,98.26,64.5,61.9,89.83,67.9,53.54,20.3,5,7.9,1,81.38,-33.760000000000005,2.5375,0,72.655,17.439976777507475,106.31401814457126,2
64.12,78.89,89.19,85.63,85.32,98.3,77.54,9.2,7,4.2,0,84.03999999999999,10.299999999999995,2.13953488372093,0,85.81166666666667,7.536262778504119,133.8297982948638,0
62.61,44.52,72.35,64.31,87.67,78.8,72.58,14.0,4,7.4,0,58.435,27.82999999999999,1.8666666666666667,1,70.03833333333334,14.720363333378245,111.86445189799288,2
60.11,87.83,88.4,94.81,79.31,45.2,87.71,26.8,1,5.0,1,88.11500000000001,0.5700000000000074,5.254901960784315,0,80.54333333333334,18.002188385489877,133.99323462540897,0
89.01,89.27,48.31,84.89,79.68,17.0,92.46,21.3,7,5.4,0,68.78999999999999,-40.96,3.872727272727273,1,68.60166666666666,29.86276304474632,77.0718645845036,1
52.92,90.92,99.47,59.84,86.15,0.7000000000000001,83.92,19.8,6,7.5,1,95.195,8.549999999999997,2.605263157894737,0,70.16666666666667,36.5137375061314,132.59007306626356,0
81.81,45.61,81.06,58.0,92.28,45.3,54.09,28.3,7,7.9,1,63.335,35.45,3.5375,1,62.723333333333336,19.509551165177196,76.66951880373223,2
59.04,96.89,88.16,72.04,60.54,68.0,78.64,18.0,3,4.1,0,92.525,-8.730000000000004,4.285714285714287,0,77.37833333333334,13.405384614648945,131.06086269196027,0
51.79,88.99,54.98,99.92,98.32,57.8,68.79,10.8,7,6.8,0,71.985,-34.01,1.565217391304348,0,78.13333333333334,20.183392843292392,150.86567548432774,1
74.06,72.54,62.94,95.24,52.01,53.2,89.32,19.9,7,7.2,0,67.74000000000001,-9.600000000000009,2.7260273972602738,0,70.875,18.264181065681537,95.69943289224952,1
75.85,80.7,83.24,61.22,51.76,67.0,52.47,15.4,10,8.3,1,81.97,2.539999999999992,1.8333333333333333,0,66.065,13.586531198212445,87.0995385629532,2
62.58,84.71,46.12,99.39,70.64,70.3,87.48,19.2,3,4.6,0,65.41499999999999,-38.59,4.085106382978724,1,76.44,18.4803625505562,122.1476510067114,1
87.83,97.51,85.68,50.96,66.3,36.0,69.65,24.9,5,4.3,0,91.595,-11.829999999999998,5.659090909090909,0,67.68333333333334,22.37317560532404,77.0617480739307,1
67.09,70.66,97.37,56.6,89.71,17.4,58.18,17.5,4,7.9,1,84.015,26.710000000000008,2.1875,0,64.98666666666666,28.542137037486643,96.86490783524616,1
91.71,59.48,55.91,83.13,78.4,9.7,71.47,8.1,3,5.6,1,57.69499999999999,-3.5700000000000003,1.4210526315789476,0,59.68166666666665,26.651822764431454,65.07650928651908,2
98.54,69.49,93.64,59.12,54.61,48.3,94.0,25.8,1,6.8,0,81.565,24.15000000000001,3.739130434782609,0,69.86,19.804588357246917,70.89506799269331,1
73.76,99.91,81.73,68.65,56.64,65.0,81.17,10.0,1,5.7,1,90.82,-18.179999999999996,1.7241379310344829,0,75.51666666666667,15.3602105020298,102.38159797541576,1
73.59,84.64,97.17,51.35,58.91,43.8,58.53,26.9,2,6.7,1,90.905,12.53,3.955882352941176,0,65.73333333333333,20.65005246159599,89.32373057933596,1
69.9,94.76,89.6,61.08,70.78,8.6,54.79,14.7,6,6.9,1,92.18,-5.160000000000011,2.1,0,63.26833333333335,31.00582036758045,90.51263710061994,2
72.96,56.73,81.86,50.94,93.86,17.2,78.69,12.4,6,9.0,1,69.295,25.130000000000003,1.362637362637363,0,63.21333333333333,27.699598312370284,86.64108187134504,1
61.49,94.41,78.93,83.66,71.26,48.7,96.72,7.2,4,8.0,1,86.67,-15.47999999999999,0.888888888888889,0,78.94666666666666,17.61344675714173,128.38944001734697,0
88.27,95.98,77.85,52.2,62.66,35.8,74.17,29.4,8,8.4,1,86.91499999999999,-18.13000000000001,3.4588235294117644,0,66.44333333333333,21.063846435697982,75.27283712850723,1
67.95,53.6,97.26,77.77,70.84,41.1,70.46,17.2,8,7.1,1,75.43,43.66,2.388888888888889,0,68.50500000000001,19.468731597102057,100.8167770419426,1
62.19,42.06,95.18,95.58,72.34,97.3,98.0,17.3,3,5.0,1,68.62,53.120000000000005,3.3921568627450984,1,83.41,22.47135687936979,134.12124135713137,0
50.77,61.99,81.92,90.08,85.0,86.6,60.79,16.4,8,7.2,0,71.955,19.93,2.246575342465753,0,77.73,12.933055323472484,153.10222572385263,1
75.72,50.29,52.5,60.94,83.33,25.7,77.65,17.8,1,5.9,1,51.395,2.210000000000001,2.966666666666667,0,58.40166666666666,20.82494217679048,77.12845571403416,2
50.38,49.06,61.25,87.66,62.02,29.5,85.92,21.9,1,4.8,0,55.155,12.189999999999998,4.469387755102041,1,62.568333333333335,22.149133090635097,124.19280137620748,2
82.48,75.17,61.02,86.58,69.81,51.0,91.73,26.2,9,8.9,1,68.095,-14.15,2.911111111111111,0,72.55166666666666,15.339026587977044,87.9627384416424,1
72.75,78.13,46.62,64.09,83.71,27.8,63.3,8.6,8,8.7,0,62.375,-31.51,0.9772727272727274,1,60.60833333333334,20.650051250945275,83.31042382588775,2
61.47,69.39,58.29,98.05,66.43,85.5,87.57,22.6,2,7.9,0,63.84,-11.1,2.825,0,77.53833333333334,15.13300818299741,126.14012255300688,1
62.03,94.13,78.92,64.31,73.27,75.6,58.22,24.1,5,5.7,1,86.525,-15.209999999999994,4.155172413793104,0,74.075,12.45300726732302,119.41802353699823,1
59.33,72.61,64.22,53.37,60.44,46.8,96.36,18.8,4,4.2,1,68.41499999999999,-8.39,4.372093023255815,0,65.63333333333334,17.474861563590903,110.6241923703579,1
69.05,84.14,89.14,87.6,88.69,5.9,83.73,8.8,2,6.5,0,86.64,5.0,1.3333333333333337,0,73.2,33.04917003496457,106.01013758146271,0
79.01,99.99,47.1,67.95,51.98,40.6,68.24,9.5,9,4.0,1,73.545,-52.88999999999999,2.317073170731708,1,62.64333333333335,21.42646649979101,79.28532253301272,2
99.5,99.06,42.15,92.83,85.94,49.5,58.08,28.2,8,8.8,1,70.605,-56.91,3.1685393258426964,1,71.26,24.282542700466934,71.61809045226131,2
83.63,98.21,70.52,84.17,79.71,51.900000000000006,56.24,22.6,6,5.3,0,84.365,-27.69,4.185185185185186,0,73.45833333333333,17.5290312529434,87.83729921479534,1
79.0,41.06,51.98,75.36,50.43,29.6,99.54,11.5,2,8.0,1,46.52,10.919999999999996,1.4197530864197532,1,57.995,25.35353998951626,73.41139240506328,2
62.85,95.89,69.66,72.73,64.55,97.5,55.09,9.7,7,7.1,0,82.775,-26.230000000000004,1.3472222222222223,0,75.90333333333335,17.187350775109778,120.7690267833466,1
69.89,69.5,44.37,78.48,95.93,47.7,76.0,20.6,8,7.3,1,56.935,-25.130000000000003,2.783783783783784,1,68.66333333333334,19.61627963367842,98.24486097200364,2
69.84,41.85,43.9,82.94,59.69,54.900000000000006,85.97,24.6,3,5.4,1,42.875,2.049999999999997,4.472727272727273,2,61.54166666666666,18.979792850994624,88.1180794196258,2
72.07,84.31,87.74,95.47,58.9,82.2,66.94,12.8,3,8.3,1,86.025,3.4299999999999926,1.5238095238095235,0,79.25999999999999,13.675763964035063,109.97641182183987,1
74.82,88.13,72.61,64.04,55.58,7.0,57.49,6.2,6,8.4,1,80.37,-15.519999999999996,0.7294117647058824,0,57.475,27.43433378086663,76.81769580326116,2
90.4,71.54,62.61,94.74,57.79,32.8,64.66,15.4,10,6.7,1,67.075,-8.930000000000007,2.264705882352941,0,64.02333333333333,20.08067595143816,70.82227138643067,2
99.18,77.4,77.0,56.2,61.14,53.1,51.8,13.7,5,5.4,1,77.2,-0.4000000000000057,2.4909090909090907,0,62.77333333333334,11.629284873398996,63.29233044296566,2
51.3,63.47,98.92,94.93,90.38,32.8,58.3,24.0,5,5.0,1,81.195,35.45,4.705882352941177,0,73.13333333333334,25.991075134874023,142.56010396361273,1
53.81,49.5,40.34,57.09,71.14,79.7,74.53,10.0,4,4.6,1,44.92,-9.159999999999997,2.127659574468085,2,62.04999999999999,15.513408394031275,115.31313882178031,2
92.77,98.95,86.73,62.29,95.56,15.5,71.08,20.8,5,6.1,0,92.84,-12.22,3.35483870967742,0,71.68499999999999,30.935850238841024,77.27174733211166,1
75.84,99.08,63.54,56.47,91.23,69.7,88.11,11.9,2,4.7,1,81.31,-35.54,2.479166666666667,0,78.02166666666666,17.106320956496365,102.87667018284104,1
98.1,86.42,41.47,54.86,92.56,84.2,88.14,9.4,3,5.5,0,63.945,-44.95,1.6785714285714288,1,74.60833333333333,21.09516382175466,76.05334692490656,1
87.59,73.13,94.18,54.18,51.15,39.900000000000006,67.06,20.9,2,6.5,1,83.655,21.05000000000001,3.1666666666666665,0,63.26666666666666,19.197349469826992,72.23046770940365,2
57.16,74.63,63.02,89.79,99.6,97.0,72.1,5.8,3,5.8,1,68.825,-11.609999999999992,0.9830508474576272,0,82.69,14.867110008337194,144.66410076976908,1
85.13,98.7,47.58,65.97,62.35,72.4,79.05,14.7,5,5.0,0,73.14,-51.120000000000005,2.8823529411764706,1,71.00833333333334,17.220173537646673,83.41164493519716,1
52.01,91.46,71.68,80.82,82.15,54.3,69.07,21.8,3,5.9,0,81.57,-19.779999999999987,3.633333333333333,0,74.91333333333334,12.88843460885249,144.03640325578417,1
52.84,81.92,59.11,74.69,57.04,99.8,72.22,18.9,10,4.8,0,70.515,-22.81,3.857142857142857,0,74.13,15.756035034233708,140.29144587433763,1
67.46,51.78,58.78,93.34,87.57,78.2,71.43,21.5,4,6.8,1,55.28,7.0,3.1159420289855078,0,73.51666666666667,16.164161180422155,108.97815989722304,1
59.63,75.33,52.58,54.53,51.45,87.8,59.67,9.8,1,6.7,1,63.955,-22.75,1.4411764705882355,0,63.56,14.764795968790086,106.59064229414724,2
77.19,63.5,83.83,75.49,64.45,10.5,72.36,28.6,6,7.3,0,73.66499999999999,20.33,3.864864864864866,0,61.68833333333333,26.175478155454325,79.91751954052769,1
74.41,76.54,65.39,64.84,89.51,55.5,96.57,16.3,2,7.0,1,70.965,-11.150000000000006,2.295774647887324,0,74.72500000000001,15.833828027359647,100.42333019755412,1
86.7,65.95,75.31,67.48,97.21,6.5,84.85,20.0,1,8.3,1,70.63,9.36,2.380952380952381,0,66.21666666666665,31.490391973849206,76.37447135717031,1
75.38,55.67,65.87,76.34,95.02,28.700000000000003,89.36,24.9,10,5.6,1,60.77,10.200000000000005,4.36842105263158,0,68.49333333333333,24.312470599810844,90.86406650747324,1
97.67,50.57,54.74,86.61,63.95,94.9,96.7,25.0,7,5.6,1,52.655,4.170000000000002,4.385964912280702,0,74.57833333333333,20.639865713387447,76.3574622026552,1
95.04,69.93,97.04,71.63,67.31,99.5,66.86,21.9,6,7.1,0,83.48500000000001,27.11,3.041666666666667,0,78.71166666666667,15.269644942390334,82.81951459034792,1
71.16,93.46,42.14,98.25,63.66,7.4,62.06,13.3,7,4.8,0,67.8,-51.31999999999999,2.714285714285715,1,61.16166666666666,33.69841564030372,85.94950346636686,2
93.1,84.39,59.93,84.74,76.93,77.0,93.09,27.3,8,5.8,0,72.16,-24.46,4.627118644067797,0,79.34666666666668,11.240609710628098,85.22735409953457,1
86.8,92.29,84.42,78.56,74.49,36.2,95.75,5.5,7,4.3,1,88.355,-7.870000000000003,1.2500000000000002,0,76.95166666666667,21.51168372458713,88.65399385560676,0
75.31,85.23,43.11,82.26,55.1,23.700000000000003,50.03,19.4,5,6.2,1,64.17,-42.120000000000005,3.079365079365079,1,56.57166666666668,23.613185652653197,75.11839950427125,2
92.16,48.04,84.31,68.85,74.79,96.3,95.17,23.7,5,7.0,0,66.175,36.27,3.3380281690140845,1,77.91000000000001,18.226873566248276,84.53776041666669,1
78.57,71.32,43.37,53.22,54.29,65.6,97.72,9.0,6,4.4,0,57.345,-27.95,2.0,1,64.25333333333333,19.125298080465743,81.77845657799838,2
79.57,77.01,89.03,52.71,72.43,7.9,85.45,24.1,1,4.1,1,83.02000000000001,12.019999999999996,5.738095238095239,0,64.08833333333334,30.336630278702128,80.54333710359852,1
89.1,66.07,52.96,72.92,94.43,31.6,94.79,19.6,10,4.0,0,59.515,-13.109999999999992,4.7804878048780495,0,68.795,24.46037509933157,77.21099887766556,1
50.48,58.24,60.85,62.6,99.74,68.3,65.2,11.7,5,6.2,0,59.545,2.6099999999999994,1.857142857142857,0,69.155,15.381115369179176,136.99484944532492,2
57.42,68.6,72.78,82.71,82.11,49.8,90.51,12.0,3,8.4,1,70.69,4.180000000000007,1.411764705882353,0,74.41833333333334,14.348900190142334,129.60350632764423,1
81.09,45.02,52.96,83.15,55.21,46.6,78.81,11.2,3,4.0,1,48.99,7.939999999999998,2.731707317073171,1,60.29166666666666,16.52691310156457,74.35154355243145,2
76.68,86.74,57.81,93.1,55.65,92.2,98.51,27.8,5,5.1,1,72.275,-28.929999999999996,5.346153846153847,0,80.66833333333334,18.926892419693907,105.20126934446183,0
96.64,73.98,95.45,97.65,75.88,5.0,64.25,14.5,4,4.2,0,84.715,21.47,3.372093023255814,0,68.70166666666667,33.795231271093066,71.09030077262693,1
60.03,89.3,51.16,56.36,69.2,35.3,65.9,29.3,6,8.1,0,70.22999999999999,-38.14,3.5731707317073176,0,61.20333333333334,18.27969985165694,101.95457826642236,2
86.69,75.8,95.31,62.54,89.18,76.10000000000001,84.98,18.0,3,4.1,1,85.555,19.510000000000005,4.285714285714287,0,80.65166666666669,11.65008569353319,93.03456761641098,0
79.26,44.12,89.28,97.32,77.6,76.8,73.81,9.4,6,6.1,1,66.7,45.16,1.5161290322580647,1,76.48833333333333,18.18681106369851,96.50307006476574,1
57.43,89.21,62.84,52.9,81.01,55.4,62.11,16.6,6,5.3,0,76.025,-26.36999999999999,3.074074074074075,0,67.245,14.586238377319903,117.09037088629636,2
73.68,66.88,83.93,59.9,55.48,58.9,87.13,11.5,8,6.0,1,75.405,17.05000000000001,1.8852459016393444,0,68.70333333333333,13.588072220394867,93.24556641331884,1
53.36,68.42,71.95,72.9,65.74,91.2,83.86,8.0,10,7.3,0,70.185,3.530000000000001,1.0810810810810811,0,75.67833333333333,9.807500021242246,141.8259620189905,1
74.57,52.87,43.27,65.34,58.27,44.6,88.59,29.2,5,7.1,0,48.07,-9.599999999999994,4.055555555555556,1,58.82333333333335,16.783796551038943,78.88337579902554,2
71.69,81.78,76.59,95.03,76.37,3.4000000000000004,77.83,9.8,6,7.1,1,79.185,-5.189999999999998,1.3611111111111114,0,68.49999999999999,32.65775007559461,95.5502859534105,1
54.49,83.89,67.95,84.3,71.2,31.9,99.62,12.0,6,8.8,1,75.92,-15.939999999999998,1.348314606741573,0,73.14333333333333,23.12027566156309,134.2325809016945,0
87.31,70.05,53.4,96.84,68.7,0.8,68.23,12.3,5,6.2,1,61.725,-16.65,1.9523809523809528,0,59.67000000000001,32.09098814309089,68.34268697743673,2
84.52,80.66,85.13,85.47,70.34,9.8,84.42,7.9,6,4.8,0,82.895,4.469999999999999,1.612244897959184,0,69.30333333333334,29.70203135589663,81.99637166745545,1
58.77,62.73,43.09,82.2,83.01,87.10000000000001,77.98,25.2,2,8.4,0,52.91,-19.639999999999997,2.9647058823529413,1,72.685,16.78056107524418,123.67704611196189,2
82.69,99.7,53.43,94.68,83.73,91.6,82.56,23.3,5,7.9,0,76.565,-46.27,2.9125,0,84.28333333333333,16.45905303067788,101.92687547869554,0
51.61,78.68,67.18,71.42,71.01,42.8,76.45,5.2,10,5.6,1,72.93,-11.5,0.912280701754386,0,67.92333333333333,12.976120632402688,131.60886133178323,1
51.05,59.65,49.52,60.74,94.44,43.6,57.59,23.1,3,8.3,1,54.585,-10.129999999999995,2.75,1,60.92333333333335,17.698965694827102,119.34051583414956,2
85.99,78.47,80.86,69.27,62.55,47.6,71.19,27.3,4,4.4,0,79.66499999999999,2.390000000000001,6.066666666666666,0,68.32333333333334,12.099791182771158,79.45497538473467,1
71.91,70.53,40.33,53.78,78.67,94.6,82.87,29.3,9,8.6,1,55.43,-30.200000000000003,3.3678160919540234,1,70.13,19.947644472468426,97.52468363231816,2
87.89,83.71,74.43,50.08,69.42,44.0,76.69,5.4,1,4.3,0,79.07,-9.279999999999989,1.2272727272727275,0,66.38833333333334,15.79381577284814,75.53570751317936,1
90.52,72.63,92.22,63.14,94.1,66.3,72.81,13.8,1,8.7,0,82.425,19.590000000000003,1.5681818181818183,0,76.86666666666667,13.169619078267472,84.91677713949036,1
87.52,69.81,55.42,93.24,79.78,86.4,55.22,10.6,6,7.9,0,62.615,-14.39,1.325,0,73.31166666666667,15.937152087705842,83.76561547836685,2
57.57,87.64,64.99,82.11,54.92,91.0,63.57,29.9,2,4.9,1,76.315,-22.65000000000001,5.98,0,74.03833333333334,14.797461156112783,128.60575531237336,1
89.6,81.11,94.68,71.87,81.14,21.4,70.22,25.9,10,8.7,1,87.89500000000001,13.570000000000007,2.9431818181818183,0,70.07,25.385468284039987,78.203125,1
66.0,45.76,42.44,63.86,71.8,95.8,54.14,7.1,1,5.4,1,44.1,-3.3200000000000003,1.2909090909090908,2,62.3,19.745938316524743,94.3939393939394,2
89.31,80.73,99.14,99.58,68.0,89.7,68.16,16.9,2,8.8,0,89.935,18.41,1.8988764044943816,0,84.21833333333332,14.295163401188065,94.2988840368753,0
94.82,53.35,98.78,69.94,57.09,33.4,77.64,14.6,9,8.3,0,76.065,45.43,1.738095238095238,0,65.03333333333332,22.459321153291047,68.5860929480419,1
85.62,56.96,82.95,79.2,97.25,25.5,93.79,9.1,2,8.4,0,69.955,25.99,1.0705882352941176,0,72.60833333333333,27.09369034787743,84.80300552830334,0
92.16,45.29,72.05,87.01,67.13,36.5,99.78,18.7,4,7.7,1,58.67,26.76,2.3974358974358974,1,67.96,24.068620234654087,73.74131944444444,1
66.7,41.25,43.71,77.73,89.74,84.1,62.35,23.2,7,8.0,1,42.48,2.460000000000001,2.8641975308641974,2,66.48,20.737102979924654,99.67016491754124,2
67.36,99.92,44.89,56.73,66.47,60.0,53.39,18.8,9,7.3,0,72.405,-55.03,2.540540540540541,1,63.56666666666666,19.192903549663,94.36856690419636,2
53.42,94.74,53.35,77.78,63.17,86.5,84.35,16.2,2,8.0,0,74.045,-41.38999999999999,2.0,0,76.64833333333333,15.552735343555057,143.48246599276175,1
83.01,84.34,51.26,89.82,99.28,46.6,59.51,7.7,4,4.9,0,67.8,-33.080000000000005,1.54,0,71.80166666666666,22.11378793121311,86.49761072963096,2
68.59,74.26,84.0,95.97,63.07,9.9,61.65,18.6,4,5.3,0,79.13,9.739999999999997,3.444444444444445,0,64.80833333333332,29.85506819062162,94.48656266705542,1
87.55,61.51,55.82,55.51,80.78,53.5,61.71,20.0,1,7.1,1,58.665,-5.689999999999998,2.777777777777778,0,61.47166666666666,10.03892706750411,70.21321149819151,2
77.31,47.22,63.29,99.68,57.07,25.4,97.15,16.1,2,6.5,1,55.255,16.07,2.43939393939394,1,64.96833333333332,28.935847260218026,84.03613159142843,1
62.6,76.35,50.66,63.49,73.41,24.5,95.66,20.0,3,8.5,0,63.505,-25.69,2.3255813953488373,0,64.01166666666666,24.420856182097022,102.25505857294992,1
55.52,71.45,41.62,81.57,65.14,72.30000000000001,78.18,19.8,2,6.3,1,56.535,-29.830000000000005,3.0937500000000004,1,68.37666666666667,14.29267318127252,123.1568203650336,2
87.66,43.83,85.7,65.81,58.72,48.2,57.94,20.7,7,4.8,0,64.765,41.870000000000005,4.224489795918368,1,60.03333333333333,14.837994024350689,68.48429538367937,2
79.07,93.41,66.64,98.93,72.95,78.4,53.42,16.8,8,4.4,1,80.025,-26.77,3.733333333333333,0,77.29166666666667,16.91987637858701,97.7509379874373,1
74.4,92.47,79.65,82.17,73.98,11.8,66.68,19.1,2,5.5,1,86.06,-12.819999999999991,3.410714285714286,0,67.79166666666667,28.74360688338655,91.11783154121864,1
65.03,67.81,94.75,73.76,80.92,54.6,79.53,17.2,2,4.7,0,81.28,26.94,3.583333333333333,0,75.22833333333334,13.525610399041762,115.68250551027732,1
93.88,78.46,50.27,62.89,62.25,74.80000000000001,53.17,29.5,1,4.3,1,64.365,-28.18999999999999,6.704545454545455,0,63.64000000000001,11.269874888391618,67.78866638261611,2
64.83,94.91,78.8,99.47,97.43,6.5,82.77,22.2,4,5.4,0,86.85499999999999,-16.11,4.036363636363636,0,76.64666666666666,35.35275868537938,118.22715820864823,0
62.45,51.59,70.05,82.33,83.29,51.5,55.99,18.4,6,6.2,1,60.82,18.459999999999997,2.9206349206349205,0,65.79166666666667,14.83140777764089,105.35094742460636,2
54.88,66.37,85.35,55.02,75.09,26.9,82.48,25.9,10,4.6,1,75.86,18.97999999999999,5.510638297872341,0,65.20166666666667,21.79139409644704,118.8077016520894,1
72.47,80.48,64.08,97.64,92.81,46.8,59.15,26.2,2,8.3,0,72.28,-16.400000000000006,3.119047619047618,0,73.49333333333333,20.05933564868654,101.41207856124372,1
60.78,98.12,93.21,55.95,77.85,36.1,79.51,20.3,7,4.8,1,95.665,-4.910000000000011,4.142857142857143,0,73.45666666666666,23.47944775046182,120.85664143906986,1
64.3,44.65,52.26,64.18,80.57,4.5,64.7,6.3,7,6.1,1,48.455,7.609999999999999,1.0161290322580645,1,51.81,26.214541003038757,80.57542768273717,2
85.98,66.6,68.02,82.73,56.92,96.4,87.67,10.9,3,7.0,0,67.31,1.4200000000000017,1.535211267605634,0,76.39000000000001,14.918552208575738,88.84624331239824,1
84.83,80.04,63.28,77.45,64.98,45.8,55.99,13.2,4,5.4,1,71.66,-16.760000000000005,2.4,0,64.59,12.90716390226761,76.1405163267712,2
64.48,41.39,88.49,80.92,81.85,43.8,96.8,13.9,1,7.4,1,64.94,47.1,1.8533333333333333,1,72.20833333333333,23.645298405109347,111.98562861869311,1
76.64,41.89,72.64,96.63,57.28,6.9,96.92,7.4,1,5.8,1,57.265,30.75,1.2542372881355934,1,62.04333333333333,34.62525706282434,80.95424495476688,1
96.58,94.28,76.67,61.94,99.63,22.5,60.75,28.7,10,7.2,1,85.475,-17.61,3.9315068493150687,0,69.295,27.98477496782849,71.74880927728309,1
75.01,80.3,57.12,88.11,81.26,95.7,69.74,22.4,3,6.2,0,68.71,-23.18,3.555555555555556,0,78.705,13.657522103222094,104.92600986535128,1
79.06,72.54,53.38,88.41,75.01,66.8,88.07,22.6,2,6.0,1,62.96000000000001,-19.160000000000004,3.704918032786886,0,74.03500000000001,13.310009391431697,93.6440677966102,1
94.19,96.95,87.42,93.68,89.49,85.7,62.67,28.0,2,7.2,0,92.185,-9.53,3.8356164383561646,0,85.985,12.14461979643661,91.2888841702941,0
61.17,55.01,76.55,88.32,96.34,4.699999999999999,54.03,17.1,6,7.2,1,65.78,21.54,2.3424657534246576,0,62.491666666666674,33.09955009764735,102.16064519644706,2
84.47,75.95,76.45,93.15,87.75,97.6,50.45,22.0,1,4.0,0,76.2,0.5,5.365853658536586,0,80.225,16.997933697952817,94.97454717651236,1
73.36,77.58,83.95,92.6,97.37,61.0,62.77,20.8,3,5.3,0,80.765,6.3700000000000045,3.851851851851853,0,79.21166666666666,15.073684906706346,107.97664485641585,1
78.96,83.85,47.78,70.29,90.83,10.7,96.56,5.5,7,4.4,1,65.815,-36.06999999999999,1.2222222222222223,1,66.66833333333334,32.480293974449594,84.43304626815267,1
95.91,76.11,89.67,83.83,89.27,73.5,94.02,26.3,9,6.5,1,82.89,13.560000000000002,3.984848484848485,0,84.39999999999999,8.147308758111476,87.99916588468355,0
66.23,51.32,60.37,96.85,89.43,99.8,53.66,13.4,9,5.8,0,55.845,9.049999999999995,2.2711864406779663,0,75.23833333333334,22.49676191514385,113.60159041723288,2
96.11,42.3,74.25,91.03,66.37,97.5,78.89,5.1,7,5.0,0,58.275,31.950000000000003,1.0,1,75.05666666666666,19.609452482582647,78.09454444560052,1
70.07,52.29,87.6,62.8,87.94,38.7,84.74,22.6,8,5.1,0,69.945,35.309999999999995,4.346153846153847,0,69.01166666666667,20.91977286364904,98.4896056324628,1
59.23,75.33,69.88,98.33,92.08,73.4,88.4,28.4,4,4.8,0,72.60499999999999,-5.450000000000003,5.795918367346939,0,82.90333333333332,11.57309408354856,139.96848443919183,0
58.18,94.98,64.46,59.6,51.08,52.8,55.5,27.8,2,6.3,0,79.72,-30.52000000000001,4.343750000000001,0,63.07,16.363123173770955,108.40495015469234,2
98.0,79.68,51.65,88.84,75.12,37.2,84.68,29.1,8,6.1,1,65.665,-28.03000000000001,4.693548387096775,0,69.52833333333334,20.50167058233711,70.94727891156462,1
77.43,84.7,85.41,67.38,83.48,1.0,92.55,20.7,7,4.1,0,85.055,0.7099999999999937,4.928571428571429,0,69.08666666666667,34.370424301522185,89.22467605148736,0
86.67,83.94,46.8,84.98,82.99,53.4,72.42,13.7,8,7.8,0,65.37,-37.14,1.7341772151898736,1,70.75500000000001,16.75529975858385,81.63724472135688,2
63.49,94.01,98.64,79.9,85.55,82.0,75.37,9.8,4,8.1,1,96.325,4.629999999999996,1.1951219512195124,0,85.91166666666668,8.835069703554502,135.31527274636426,0
78.44,86.77,60.85,61.37,83.64,49.400000000000006,66.74,17.8,3,5.3,0,73.81,-25.919999999999995,3.2962962962962967,0,68.12833333333333,14.418395772993144,86.85407105218425,2
60.55,85.41,63.5,98.88,51.73,46.2,81.0,18.7,9,8.0,0,74.455,-21.91,2.308641975308642,0,71.11999999999999,20.62754953939028,117.45664739884393,1
53.33,94.57,74.12,80.01,84.7,11.9,55.13,10.8,4,4.4,0,84.345,-20.44999999999999,2.4000000000000004,0,66.73833333333333,29.899315989946437,125.1421963872742,1
67.12,64.88,62.09,63.03,65.25,89.2,63.78,17.0,8,4.5,1,63.485,-2.789999999999992,3.695652173913044,0,68.03833333333334,10.43231022672671,101.36819626539533,2
69.02,75.57,59.57,56.57,83.01,5.2,58.28,8.9,8,8.3,1,67.57,-15.999999999999991,1.0595238095238095,0,56.36666666666665,27.2419769228789,81.66714961846806,2
78.68,77.15,85.11,91.9,91.43,13.3,88.06,23.0,1,4.1,1,81.13,7.959999999999994,5.476190476190477,0,74.49166666666667,30.457487366272797,94.6767497034401,0
83.55,58.06,90.33,80.36,88.86,62.9,83.53,17.0,3,7.9,1,74.195,32.27,2.125,0,77.33999999999999,13.631720360981587,92.56732495511667,0
73.1,83.78,77.66,71.78,70.31,57.400000000000006,65.98,14.4,8,5.5,1,80.72,-6.1200000000000045,2.571428571428572,0,71.15166666666666,9.15194933698098,97.3347013223894,1
76.77,87.0,82.34,89.11,75.65,8.9,96.77,15.7,7,6.4,0,84.67,-4.659999999999997,2.4153846153846152,0,73.295,32.32055367718814,95.47349224957668,0
87.78,41.25,76.71,78.32,86.18,83.80000000000001,64.02,27.2,8,4.2,1,58.98,35.459999999999994,6.325581395348837,1,71.71333333333332,16.799932936374084,81.69666590719221,2
79.88,67.62,46.03,70.24,72.78,94.3,51.18,29.1,8,8.8,1,56.825,-21.590000000000003,3.269662921348315,1,67.02499999999999,17.20226700176462,83.907110665999,2
96.15,41.2,72.57,82.37,58.65,23.5,77.69,6.8,4,4.4,1,56.885,31.36999999999999,1.511111111111111,1,59.32999999999999,23.048544422587728,61.70566822672906,2
82.97,84.71,90.04,91.37,87.41,96.7,56.78,21.1,1,5.0,1,87.375,5.3300000000000125,4.137254901960785,0,84.50166666666667,14.167844460843954,101.84604877264874,1
54.11,71.09,59.39,76.95,72.39,69.7,94.47,17.3,9,8.8,1,65.24000000000001,-11.700000000000005,1.9438202247191008,0,73.99833333333333,11.582104155405728,136.7553748536931,1
88.11,72.18,80.54,65.62,69.95,0.7000000000000001,83.3,7.1,2,8.9,1,76.36000000000001,8.36,0.7888888888888889,0,62.04833333333334,30.77348496135377,70.42144289335302,1
94.7,99.67,76.45,60.59,79.42,37.7,94.25,26.4,2,6.9,0,88.06,-23.22,3.7714285714285714,0,74.67999999999999,22.79971052447816,78.85955649419218,0
96.77,46.11,61.02,61.17,79.67,7.6,92.84,14.3,3,7.1,1,53.565,14.910000000000004,1.9861111111111116,1,58.068333333333335,29.611105630601955,60.00654472804933,2
62.59,74.49,69.03,91.19,74.95,20.8,57.16,21.2,6,8.1,1,71.75999999999999,-5.459999999999994,2.5853658536585367,0,64.60333333333334,24.10552274203293,103.21670128348512,2
67.25,58.15,55.54,59.53,56.1,23.5,71.57,29.1,2,8.9,1,56.845,-2.6099999999999994,3.2333333333333334,0,54.065,16.084244153829545,80.39405204460967,2
90.68,69.86,73.07,70.73,75.46,48.9,74.66,14.2,1,6.6,0,71.465,3.2099999999999937,2.1194029850746268,0,68.77999999999999,9.977817396605332,75.84913983237757,1
61.3,82.41,73.75,87.99,79.55,30.1,67.05,9.3,8,8.5,1,78.08,-8.659999999999997,1.0813953488372094,0,70.14166666666667,20.89739353763207,114.42359978249048,1
58.86,71.57,92.25,63.63,58.88,83.9,58.15,24.8,8,4.7,0,81.91,20.680000000000007,5.166666666666667,0,71.39666666666666,14.02631194101524,121.2991278740514,1
84.09,96.95,57.06,54.35,93.73,20.6,57.92,24.6,6,6.3,1,77.005,-39.89,3.84375,0,63.435,28.38828120897777,75.43703175169462,2
52.3,65.16,52.44,84.6,95.59,23.9,64.69,18.7,7,4.7,1,58.8,-12.72,3.8958333333333335,0,64.39666666666666,25.158733407440582,123.12938177182916,2
56.76,78.6,76.7,58.17,76.1,20.9,67.87,12.6,7,6.2,1,77.65,-1.8999999999999917,2.0,0,63.05666666666667,22.009527633883163,111.09349307023729,2
79.95,49.36,56.1,83.9,56.37,46.6,68.76,28.4,7,7.6,1,52.73,6.740000000000002,3.6883116883116887,1,60.18166666666667,13.92053219768076,75.27412966437358,2
61.73,71.85,65.3,78.9,69.45,96.7,78.31,19.4,10,8.8,0,68.57499999999999,-6.549999999999997,2.179775280898876,0,76.75166666666667,11.0766518707896,124.3344673038501,1
55.56,70.65,73.48,75.35,72.19,66.3,64.5,29.2,9,5.3,0,72.065,2.8299999999999983,5.407407407407407,0,70.41166666666666,4.216033285763605,126.73086153107752,1
79.65,96.23,50.52,55.89,70.18,44.3,69.61,10.9,7,7.8,1,73.375,-45.71,1.3797468354430382,0,64.455,18.66958890816828,80.92278719397362,2
88.81,45.18,80.77,52.52,97.65,23.700000000000003,61.73,22.2,10,6.9,0,62.975,35.59,3.1714285714285717,1,60.25833333333333,26.247973953558144,67.85084262282776,2
64.78,78.64,59.26,67.46,59.23,9.5,99.56,8.6,2,5.1,1,68.95,-19.380000000000003,1.653846153846154,0,62.275000000000006,29.961413684938165,96.13306576103736,1
94.94,41.63,77.34,62.66,79.86,97.1,66.2,17.2,5,4.9,0,59.485,35.71,3.44,1,70.79833333333333,18.734212998326527,74.57165929358894,2
94.11,45.41,66.57,56.48,77.42,5.1,81.55,20.1,2,7.8,0,55.99,21.16,2.5443037974683547,1,55.42166666666666,28.01615777844397,58.890305670669065,2
79.18,80.15,82.18,85.9,58.71,21.4,67.88,13.4,9,5.5,0,81.165,2.030000000000001,2.3928571428571432,0,66.03666666666666,24.099192240958345,83.40069041003619,1
56.9,45.29,58.92,83.07,95.34,71.2,55.81,28.4,9,5.9,0,52.105,13.630000000000004,4.733333333333333,1,68.27166666666666,18.60733341096103,119.98535442296426,2
83.98,63.16,49.75,96.84,66.9,38.4,65.83,7.1,2,4.0,1,56.455,-13.409999999999997,1.7317073170731707,1,63.47999999999999,19.736920732474964,75.58942605382232,2
79.57,59.31,93.81,58.4,83.39,84.3,54.15,29.0,4,5.1,1,76.56,34.5,5.5769230769230775,0,72.22666666666667,16.858283028430467,90.77122868752882,2
66.7,72.46,79.34,98.91,87.19,80.3,73.67,7.6,8,8.6,1,75.9,6.88000000000001,0.8735632183908046,0,81.97833333333334,9.831047587447976,122.90604697651176,0
66.64,51.04,68.94,71.05,68.43,92.8,52.67,18.7,7,8.2,0,59.99,17.9,2.253012048192771,0,67.48833333333333,15.142593459069904,101.27300920368148,2
69.04,79.56,84.8,79.97,78.6,36.7,84.15,18.5,6,6.0,1,82.18,5.239999999999995,3.0327868852459017,0,73.96333333333332,18.43181452452977,107.13113171108536,0
92.62,56.85,81.67,96.94,81.05,16.9,94.28,8.8,3,4.8,1,69.26,24.82,1.7959183673469392,0,71.28166666666665,30.186917309766272,76.96141941985171,0
81.35,98.84,65.2,61.95,56.87,99.3,80.51,16.8,10,6.3,1,82.02000000000001,-33.64,2.6250000000000004,0,77.11166666666666,18.74822809405376,94.79000204876051,1
89.47,57.77,41.63,52.64,86.49,69.1,74.34,21.3,9,5.0,0,49.7,-16.14,4.176470588235294,1,63.66166666666667,16.163652330666686,71.15420438880817,2
65.6,76.57,75.55,54.99,54.26,21.3,53.73,18.5,8,7.3,0,76.06,-1.019999999999996,2.5,0,56.06666666666667,20.092741641365585,85.46747967479676,2
62.93,47.39,84.25,60.48,65.18,4.699999999999999,70.87,22.7,1,8.3,1,65.82,36.86,2.702380952380952,1,55.478333333333325,27.668435023807664,88.15880078393982,2
70.87,86.13,83.21,57.54,86.73,65.1,98.52,20.1,9,6.9,1,84.66999999999999,-2.9200000000000017,2.8714285714285714,0,79.53833333333331,15.240387680983272,112.23131555430128,0
78.63,89.41,97.12,89.44,51.7,0.7000000000000001,63.23,19.8,10,8.5,0,93.265,7.710000000000008,2.302325581395349,0,65.26666666666667,36.16335806678725,83.00479036839205,1
99.79,96.3,76.91,57.35,53.01,58.7,60.05,17.0,10,8.6,0,86.60499999999999,-19.39,1.9540229885057472,0,67.05333333333333,16.508883265280744,67.19444166082106,2
57.29,58.78,45.65,61.93,59.27,65.0,85.6,5.6,2,5.4,1,52.215,-13.130000000000004,1.018181818181818,1,62.705000000000005,13.024028178716444,109.45191132832956,2
97.88,40.18,62.97,57.57,77.08,18.5,76.63,29.4,1,7.3,0,51.575,22.79,3.972972972972973,1,55.48833333333334,22.69784431761454,56.69016482768016,2
78.26,72.16,48.25,79.1,84.7,10.7,57.78,5.6,1,7.1,0,60.205,-23.91,0.7777777777777778,1,58.78166666666666,27.156363833670124,75.11074197120708,2
76.48,86.65,88.18,76.58,65.21,47.9,83.46,15.0,5,5.3,1,87.415,1.5300000000000011,2.777777777777778,0,74.66333333333333,15.576115904379588,97.62465132496511,0
60.52,86.94,60.84,94.6,82.33,38.8,80.35,6.7,1,8.7,1,73.89,-26.099999999999994,0.7613636363636365,0,73.97666666666667,20.56082358921127,122.23507380480282,1
70.38,64.3,78.84,87.44,71.06,83.5,84.62,14.1,10,8.5,0,71.57,14.540000000000006,1.6395348837209305,0,78.29333333333334,8.935669346314617,111.24372454295728,1
59.26,59.71,92.37,59.91,71.58,79.0,92.17,6.3,5,8.2,0,76.04,32.660000000000004,0.7590361445783134,0,75.79,14.710335142341252,127.89402632467096,1
63.42,42.02,82.79,85.43,77.22,29.3,56.14,21.6,10,8.4,0,62.405,40.77,2.541176470588236,1,62.150000000000006,23.30464503055132,97.99747713655,2
86.61,54.29,53.65,82.21,50.65,42.7,99.64,29.2,2,6.2,1,53.97,-0.6400000000000006,4.634920634920635,0,63.85666666666666,22.068119690328547,73.72897663857137,1
71.99,99.01,83.37,88.74,75.63,14.4,65.91,6.0,6,6.2,0,91.19,-15.64,0.9523809523809524,0,71.17666666666666,30.01000610907413,98.87021345557253,1
71.37,66.18,79.92,82.49,94.59,63.3,81.58,15.5,8,7.2,1,73.05000000000001,13.739999999999997,2.1232876712328768,0,78.01,11.55588854221085,109.30362897576012,1
81.43,73.14,47.1,91.9,82.48,10.7,97.77,24.2,2,8.2,1,60.120000000000005,-26.04,2.91566265060241,1,67.18166666666666,32.8926584007232,82.50235375987555,1
76.76,84.01,99.56,94.56,56.26,0.8,62.52,24.6,5,5.7,0,91.785,15.549999999999995,4.241379310344828,0,66.285,36.39735690953397,86.35356956748305,1
81.34,50.81,99.88,71.33,91.72,57.9,64.81,29.6,4,8.9,1,75.345,49.06999999999999,3.288888888888889,0,72.74166666666666,19.30203866607532,89.42914515203671,1
51.44,54.42,60.98,94.82,81.55,23.0,82.72,5.4,3,8.0,1,57.7,6.559999999999995,0.6666666666666667,0,66.24833333333333,25.922500200919405,128.78758424053916,1
61.88,65.63,64.33,65.91,90.93,59.3,63.51,5.2,2,5.5,1,64.97999999999999,-1.2999999999999972,0.9285714285714288,0,68.26833333333333,11.354795315930035,110.3237448825684,2
76.88,46.3,81.48,88.27,94.97,87.8,76.18,6.7,10,8.3,1,63.89,35.18000000000001,0.7976190476190476,1,79.16666666666667,17.32997364875858,102.97433229275062,1
83.84,75.63,49.41,74.29,76.14,88.5,93.73,12.2,9,5.6,1,62.52,-26.22,2.1403508771929824,1,76.28333333333333,15.363788161344411,90.98680025445292,1
50.85,61.53,68.53,68.86,93.64,20.2,68.14,15.9,4,5.0,1,65.03,7.0,3.11764705882353,0,63.48333333333333,23.928012593332248,124.84431333988852,2
93.4,43.24,69.67,83.32,63.39,81.8,96.85,29.3,4,5.8,0,56.455,26.43,4.966101694915255,1,73.045,18.66467974544433,78.20663811563169,1
65.92,86.28,50.14,61.4,87.9,46.4,56.39,14.5,5,6.5,1,68.21000000000001,-36.14,2.196969696969697,0,64.75166666666667,18.059623934807355,98.2276496763754,2
50.61,83.63,76.12,67.12,54.77,90.9,50.7,19.7,8,6.8,0,79.875,-7.509999999999991,2.855072463768116,0,70.53999999999999,15.943832663447017,139.37956925508792,2
93.52,42.61,72.14,68.24,97.19,63.5,57.98,28.9,7,7.4,0,57.375,29.53,3.853333333333333,1,66.94333333333334,18.0435946160034,71.58183632734533,2
72.27,51.74,64.05,88.33,53.07,63.9,96.74,24.7,1,6.7,1,57.895,12.309999999999995,3.632352941176471,0,69.63833333333334,18.6702795015679,96.35856279691896,1
95.18,54.76,97.89,54.72,51.7,97.5,82.23,19.5,6,5.2,0,76.325,43.13,3.679245283018868,0,73.13333333333334,22.02450604818793,76.83687049099952,1
97.68,52.04,58.67,58.36,82.88,50.9,85.66,23.7,5,8.1,0,55.355,6.630000000000003,2.8902439024390247,0,64.75166666666667,15.47313855255832,66.28958503958503,2
82.66,84.36,50.59,79.47,77.02,79.2,75.75,7.5,7,5.9,0,67.475,-33.77,1.25,0,74.39833333333333,12.029542662406856,90.00524235825469,1
75.32,62.31,50.63,86.97,65.92,7.7,51.24,5.5,1,5.9,0,56.47,-11.68,0.9166666666666666,0,54.12833333333333,26.308664288911867,71.86448929013984,2
60.86,92.17,45.82,68.93,90.4,70.4,54.59,16.6,4,6.3,0,68.995,-46.35,2.5937500000000004,1,70.385,18.602284537120703,115.65067367729216,2
60.6,70.21,64.48,87.85,52.26,54.8,67.65,25.3,6,5.6,1,67.345,-5.72999999999999,4.438596491228071,0,66.20833333333333,12.76045989244379,109.25467546754676,2
74.73,52.31,49.6,76.64,63.03,55.2,90.46,11.7,6,7.9,1,50.955,-2.710000000000001,1.4625,1,64.54,16.0034283826935,86.36424461394353,2
81.48,69.84,83.9,87.7,84.44,1.1,97.84,29.1,3,4.4,1,76.87,14.060000000000002,6.466666666666667,0,70.80333333333334,35.30847698027581,86.89657993781705,0
90.1,76.47,52.51,55.07,94.11,13.1,74.81,16.5,2,8.5,0,64.49,-23.96,1.9186046511627908,0,61.01166666666666,28.02842586851189,67.71550129485757,2
93.79,98.57,98.33,72.04,68.57,3.0,70.71,11.8,3,5.7,1,98.45,-0.2399999999999948,2.03448275862069,0,68.53666666666666,34.9333546437594,73.07459928208408,1
71.0,82.77,74.18,81.67,82.63,83.6,60.14,8.0,1,7.8,1,78.475,-8.58999999999999,1.0126582278481011,0,77.49833333333333,9.176935036637593,109.15258215962442,1
78.22,69.67,79.41,86.68,54.27,1.4,85.28,22.2,9,6.6,0,74.53999999999999,9.739999999999997,3.313432835820896,0,62.78499999999999,32.37719367085418,80.2671950907696,1
58.96,70.41,53.67,66.72,85.68,31.1,74.75,15.4,8,4.9,0,62.04,-16.739999999999995,3.08,0,63.72166666666667,19.093064098427647,108.07609678878336,2
91.43,96.91,89.37,51.28,94.21,73.8,67.96,8.4,3,4.5,1,93.14,-7.539999999999992,1.8260869565217392,0,78.92166666666667,17.759123195323202,86.31922417878886,1
67.68,51.74,87.72,67.59,99.48,45.0,94.21,10.6,2,6.1,0,69.73,35.98,1.7096774193548387,0,74.29,22.9041655600024,109.76654846335695,0
89.52,85.6,98.82,76.35,66.86,0.4,52.97,27.6,1,7.5,0,92.21,13.22,3.631578947368421,0,63.5,34.65491422583527,70.93386952636283,1
68.07,60.21,95.83,90.63,51.59,29.6,81.6,13.0,2,5.8,0,78.02,35.62,2.203389830508475,0,68.24333333333334,25.595947856382782,100.25463983154596,1
55.96,65.8,60.67,50.96,54.99,93.0,55.99,23.5,1,7.9,1,63.235,-5.129999999999996,2.9375,0,63.568333333333335,15.29439559664476,113.59602096735765,2
65.29,79.55,49.99,82.87,99.07,19.6,80.6,27.5,2,7.0,1,64.77,-29.559999999999995,3.8732394366197194,1,68.61333333333334,28.78641114600197,105.0901107877674,1
96.18,76.93,95.68,80.46,82.91,11.6,79.08,12.3,5,6.8,1,86.305,18.75,1.782608695652174,0,71.11,29.89709283525741,73.9342898731545,0
98.96,43.08,94.59,68.14,82.38,41.5,81.26,18.1,6,8.8,1,68.83500000000001,51.510000000000005,2.033707865168539,1,68.49166666666666,21.96117339002328,69.21146591215306,1
87.17,52.28,89.75,54.64,69.16,95.1,76.9,19.2,6,9.0,0,71.015,37.47,2.10989010989011,0,72.97166666666668,17.693678437980797,83.71190394248787,1
75.44,85.64,60.54,69.14,58.79,27.6,64.71,6.4,5,5.9,0,73.09,-25.1,1.0666666666666669,0,61.07,19.01462384587189,80.95174973488866,2
55.96,59.75,42.6,97.66,61.13,55.3,57.42,23.7,6,4.9,1,51.175,-17.15,4.74,1,62.31,18.542409767880763,111.34739099356683,2
98.56,83.86,44.04,99.29,77.56,63.0,78.62,18.5,1,5.7,0,63.95,-39.82,3.189655172413793,1,74.395,18.91289057759284,75.48193993506493,1
65.63,42.85,57.06,75.82,80.38,88.3,66.04,29.3,2,7.4,1,49.955,14.21,3.9066666666666663,1,68.40833333333335,16.622599576079143,104.23332825435524,2
90.78,91.12,41.3,64.65,56.84,48.4,96.99,19.2,2,5.2,0,66.21000000000001,-49.82000000000001,3.6226415094339615,1,66.55,22.78226327650525,73.30909892046705,1
90.6,42.61,84.21,67.61,69.27,44.2,81.27,17.4,1,7.8,1,63.41,41.6,2.20253164556962,1,64.86166666666666,17.847236667525497,71.59124356144224,1
59.18,63.85,54.6,68.55,53.46,41.5,75.5,23.3,10,6.0,1,59.225,-9.25,3.819672131147541,0,59.57666666666668,12.176053000322668,100.67027148811538,2
69.51,96.46,89.05,85.79,77.56,21.9,65.24,20.0,1,7.9,1,92.755,-7.409999999999997,2.5,0,72.66666666666667,27.0670010652578,104.5413130005275,1
67.78,59.29,94.12,85.98,60.34,48.2,75.45,6.7,8,8.0,0,76.705,34.830000000000005,0.8271604938271605,0,70.56333333333333,17.596550419518785,104.10642274023805,1
80.34,51.86,45.89,96.4,77.98,40.6,91.87,21.2,5,5.2,0,48.875,-5.969999999999999,4.0,1,67.43333333333334,24.389023487353214,83.93494315824414,1
92.17,92.5,60.26,61.44,57.61,65.9,96.75,15.2,5,4.2,1,76.38,-32.24,3.5348837209302326,0,72.41000000000001,17.466695165371153,78.56135401974613,1
99.59,82.5,95.67,66.39,92.76,55.9,81.43,20.4,9,8.2,0,89.08500000000001,13.170000000000002,2.457831325301205,0,79.10833333333333,15.348831117276218,79.43401278575493,0
84.32,88.5,96.65,60.87,80.77,37.9,98.58,15.4,9,8.0,0,92.575,8.150000000000006,1.9012345679012348,0,77.21166666666666,23.609319699361663,91.56981340923464,0
88.4,99.9,93.69,92.84,56.82,30.6,76.04,24.6,8,8.2,1,96.795,-6.210000000000008,2.9638554216867474,0,74.98166666666667,26.797550945313397,84.82088989441931,0
73.96,60.81,87.85,79.5,55.26,96.7,75.71,8.0,1,6.7,0,74.33,27.039999999999992,1.1764705882352942,0,75.97166666666666,15.761506801910365,102.71993870560664,1
57.52,51.98,96.92,54.39,60.24,14.2,93.62,15.1,8,4.8,1,74.45,44.940000000000005,3.0816326530612246,0,61.89166666666667,30.546392531142967,107.60025498377377,1
78.14,61.25,88.49,80.35,96.87,52.9,90.12,19.5,7,7.1,1,74.87,27.239999999999995,2.708333333333333,0,78.33,17.484009837563008,100.2431533145636,0
94.44,88.57,94.82,78.61,94.77,84.80000000000001,71.0,28.5,3,8.1,1,91.695,6.25,3.4756097560975614,0,85.42833333333333,9.385110370510652,90.45778624876463,0
77.58,79.1,87.67,99.93,56.56,52.3,70.35,21.5,4,4.1,0,83.38499999999999,8.570000000000007,5.11904761904762,0,74.31833333333333,18.292085082534104,95.79573773309272,1
53.1,71.71,70.8,55.07,50.34,7.4,74.25,29.6,7,6.7,0,71.255,-0.9099999999999966,4.352941176470589,0,54.928333333333335,25.2462919389495,103.44318895166352,2
89.94,64.63,96.56,78.13,51.45,25.8,96.21,21.8,1,6.9,0,80.595,31.930000000000007,3.1142857142857143,0,68.79666666666667,27.482306793038077,76.49173523089468,0
64.58,56.57,96.13,67.14,73.12,95.3,81.45,7.5,5,4.9,1,76.35,39.56,1.5,0,78.285,15.75056157728987,121.22174047692783,1
62.17,69.89,99.18,90.24,58.87,72.5,63.45,9.5,3,4.2,0,84.535,29.290000000000006,2.2093023255813957,0,75.68833333333333,15.748197886319142,121.74414240523296,1
71.98,72.11,51.56,50.91,75.82,55.2,55.26,15.7,6,6.6,0,61.835,-20.55,2.343283582089553,0,60.14333333333333,10.91943710392924,83.55561730110215,2
93.9,98.83,45.56,51.03,65.66,30.9,63.77,17.1,10,4.5,0,72.195,-53.27,3.7173913043478266,1,59.29166666666666,23.18098998461167,63.14341498047567,2
67.9,64.69,45.2,57.63,76.41,94.6,74.63,14.0,3,6.7,1,54.945,-19.489999999999995,2.058823529411765,1,68.86,17.06540594301817,101.41384388807067,2
72.01,96.94,64.64,82.97,83.0,28.700000000000003,80.02,16.3,10,7.4,1,80.78999999999999,-32.3,2.1733333333333333,0,72.71166666666666,23.89010541346912,100.9744017034671,1
63.93,70.62,58.11,62.11,64.57,48.7,88.44,28.9,10,6.5,1,64.36500000000001,-12.510000000000003,4.378787878787879,0,65.425,13.42857661854003,102.33849522915688,2
74.92,53.15,46.53,50.66,60.27,55.6,92.61,22.1,7,4.1,1,49.84,-6.619999999999997,5.261904761904763,1,59.80333333333334,16.722511374391907,79.8229222281545,2
63.32,74.77,59.61,79.39,54.93,21.0,67.89,22.1,1,7.6,1,67.19,-15.159999999999997,2.8701298701298708,0,59.59833333333333,20.986977311339206,94.12244683091176,2
87.21,80.15,99.32,70.7,73.57,26.5,91.41,12.0,2,7.0,0,89.735,19.169999999999987,1.6901408450704227,0,73.60833333333333,25.48896813656188,84.40354699384628,0
73.49,70.43,98.57,96.21,59.76,44.0,52.64,30.0,3,7.8,0,84.5,28.139999999999983,3.79746835443038,0,70.26833333333333,22.738465574146964,95.61618360774708,1
79.12,41.58,64.66,99.53,85.64,63.1,52.38,26.1,1,8.1,1,53.12,23.08,3.1829268292682933,1,67.815,21.364791363362293,85.71157735085944,2
66.2,42.79,43.19,60.3,94.45,87.2,66.58,19.4,3,6.8,1,42.99,0.3999999999999986,2.8115942028985508,2,65.75166666666665,21.68086291333135,99.3227593152064,2
59.14,78.67,57.23,95.34,81.5,64.1,54.79,7.8,6,4.7,1,67.95,-21.440000000000005,1.625,0,71.93833333333335,15.850669912236098,121.64073948822006,2
82.69,76.57,84.49,89.41,60.41,32.2,62.69,12.5,5,5.5,0,80.53,7.920000000000002,2.232142857142857,0,67.62833333333333,20.834435357519688,81.7853831579796,1
60.55,77.98,96.93,59.68,82.0,67.5,76.92,28.3,4,8.4,0,87.45500000000001,18.950000000000003,3.3294117647058825,0,76.83500000000001,12.753358381226493,126.89512799339391,1
75.61,97.23,44.79,81.96,51.7,41.4,86.27,11.3,9,5.9,0,71.01,-52.440000000000005,1.8833333333333333,1,67.225,24.047526899870597,88.91019706388043,1
96.79,97.17,58.55,63.74,61.84,66.2,67.14,9.8,7,6.1,1,77.86,-38.620000000000005,1.580645161290323,0,69.10666666666667,14.091954678704678,71.39856045734751,2
90.21,73.9,57.44,81.11,91.7,14.3,83.14,18.2,3,4.6,0,65.67,-16.460000000000008,3.8723404255319154,0,66.93166666666666,28.23454367732312,74.1953959280198,1
57.19,58.87,41.36,88.07,95.46,34.1,79.58,27.6,10,6.2,1,50.115,-17.509999999999998,4.380952380952381,1,66.24,25.3559610348336,115.82444483301276,2
82.27,81.21,59.6,67.23,65.5,86.89999999999999,71.85,5.8,5,6.5,1,70.405,-21.609999999999992,0.8787878787878788,0,72.04833333333333,10.25285797554353,87.57546290668935,2
80.54,40.54,78.5,73.09,62.55,77.2,93.04,8.4,5,7.0,1,59.52,37.96,1.183098591549296,1,70.82000000000001,17.797974042008267,87.93146262726596,1
91.44,64.02,70.88,82.75,63.18,61.8,62.71,27.9,3,8.7,1,67.44999999999999,6.859999999999999,3.170454545454546,0,67.55666666666666,8.1261864774731,73.8808690580344,2
77.52,69.47,49.29,85.36,81.28,30.5,82.35,29.4,9,8.3,1,59.38,-20.18,3.5,1,66.375,22.028534903619896,85.62306501547988,2
60.29,82.11,47.15,84.88,52.14,89.39999999999999,54.19,20.5,6,7.5,0,64.63,-34.96,2.697368421052632,1,68.31166666666665,19.070300906557996,113.30513628573006,2
73.29,94.35,49.97,65.52,93.35,59.900000000000006,78.16,10.8,8,7.9,1,72.16,-44.38,1.35,1,73.54166666666664,18.181042232684756,100.34338472733884,1
54.88,83.99,41.65,89.56,58.55,24.6,96.32,20.0,5,6.6,0,62.81999999999999,-42.34,2.985074626865672,1,65.77833333333334,28.844778672520032,119.85847910592808,1
63.02,59.87,70.2,76.74,70.48,95.4,75.72,29.9,1,8.2,1,65.035,10.330000000000004,3.6024096385542173,0,74.73500000000001,11.761564096666737,118.58933671850208,1
90.32,65.23,90.27,63.97,65.91,56.900000000000006,81.24,12.0,7,8.8,1,77.75,25.039999999999992,1.348314606741573,0,70.58666666666666,12.510774023483382,78.15175671685857,1
93.04,85.28,78.82,54.93,70.84,54.2,63.5,14.8,2,5.7,1,82.05,-6.460000000000008,2.5517241379310347,0,67.92833333333333,12.690315073577434,73.00981656635138,2
60.25,59.92,50.05,79.37,70.23,62.6,90.11,22.7,9,7.7,1,54.985,-9.870000000000005,2.91025641025641,0,68.71333333333334,14.399289797301348,114.04702627939145,1
96.04,94.08,58.63,51.72,73.23,80.19999999999999,92.02,26.2,8,6.1,1,76.355,-35.45,4.225806451612904,0,74.98,17.284863898798854,78.0716368179925,1
67.42,69.59,44.99,56.3,80.09,47.6,94.89,24.2,7,7.3,1,57.290000000000006,-24.6,3.2702702702702706,1,65.57666666666667,19.591034343971398,97.26589538218136,2
80.9,75.87,64.94,57.47,83.17,33.5,85.79,21.7,8,8.8,1,70.405,-10.930000000000009,2.438202247191011,0,66.79,19.546149492930827,82.55871446229914,1
53.2,85.12,66.63,51.56,84.95,72.69999999999999,54.2,16.2,6,8.2,0,75.875,-18.49000000000001,1.9518072289156627,0,69.19333333333333,14.53638973977606,130.06265664160398,2
62.29,59.24,77.98,88.66,81.4,96.8,75.97,26.2,6,6.6,1,68.61,18.74,3.91044776119403,0,80.00833333333333,12.731803354853804,128.44490822496925,1
85.08,59.12,82.05,69.11,56.34,50.3,80.8,21.6,9,5.3,0,70.585,22.93,4.000000000000001,0,66.28666666666668,13.21333821056082,77.9109857389124,1
66.42,48.11,47.99,96.43,75.13,28.8,70.56,5.9,8,4.9,1,48.05,-0.1199999999999974,1.1800000000000002,2,61.17,24.159528968918245,92.09575429087624,2
96.96,90.27,94.19,60.91,63.58,64.6,75.51,12.3,9,7.1,0,92.23,3.9200000000000017,1.7083333333333337,0,74.84333333333332,14.41281605608934,77.18990649064907,1
73.8,54.57,77.27,66.73,97.37,78.5,79.21,15.7,9,8.3,0,65.92,22.7,1.8690476190476188,0,75.60833333333333,14.276563195204464,102.45031616982835,1
74.22,96.68,70.89,82.47,77.95,56.1,82.78,14.3,1,7.9,1,83.785,-25.790000000000006,1.7875,0,77.81166666666667,13.577359708966492,104.83921674301628,0
56.52,68.61,46.16,51.12,87.66,14.2,53.36,14.2,3,8.4,0,57.385,-22.450000000000003,1.6705882352941177,1,53.51833333333334,24.49189777593126,94.68919556499176,2
55.77,73.84,78.74,60.81,77.56,67.5,80.01,28.0,3,5.6,1,76.28999999999999,4.899999999999992,4.912280701754386,0,73.07666666666667,7.515287530538447,131.03221564760025,1
71.21,47.47,41.55,73.97,76.4,8.9,74.38,22.9,7,8.9,0,44.51,-5.920000000000002,2.5444444444444443,2,53.778333333333336,26.63555474674156,75.52076019285681,2
89.01,97.08,58.3,51.48,67.43,3.8,72.83,18.2,10,7.9,0,77.69,-38.78,2.275,0,58.48666666666666,31.031981997073064,65.70797288694153,2
75.85,62.9,97.76,54.94,50.79,23.2,93.9,7.2,6,7.8,0,80.33,34.86000000000001,0.9113924050632912,0,63.915,28.12878223457248,84.2649967040211,1
54.37,56.45,53.44,58.53,85.88,83.6,60.78,21.9,9,6.0,1,54.945,-3.010000000000005,3.5901639344262293,0,66.44666666666666,14.392933914482713,122.21200416896572,2
63.61,70.2,70.52,68.39,55.13,92.1,66.35,24.5,8,6.7,0,70.36,0.3199999999999932,3.602941176470588,0,70.44833333333334,12.037822754413131,110.75040612063094,2
82.67,74.48,51.16,99.14,68.91,11.6,74.8,17.3,9,8.7,1,62.82,-23.320000000000007,1.9659090909090915,0,63.348333333333336,29.642792322361714,76.62795855005847,2
99.27,91.15,63.23,52.07,86.91,42.0,60.47,11.1,8,4.8,0,77.19,-27.92000000000001,2.26530612244898,0,65.97166666666668,19.38063199863892,66.45680131627549,2
75.2,99.28,64.6,96.12,90.42,13.0,81.44,25.3,3,4.8,0,81.94,-34.68000000000001,5.16326530612245,0,74.14333333333333,32.44250154760984,98.59485815602837,1
83.53,76.66,74.65,79.74,87.66,94.5,87.76,22.9,10,8.9,1,75.655,-2.009999999999991,2.5444444444444443,0,83.495,7.690237317534485,99.95809888662755,0
96.02,78.39,68.31,65.58,92.42,59.400000000000006,60.87,14.1,5,4.1,1,73.35,-10.079999999999998,3.3571428571428577,0,70.82833333333333,12.546243129585312,73.76414635839755,2
55.17,99.96,58.34,94.02,84.48,66.7,63.82,11.6,1,4.6,0,79.15,-41.61999999999999,2.468085106382979,0,77.88666666666667,17.297822599005535,141.1757597728234,1
55.99,79.15,40.62,93.57,59.33,5.8,70.41,22.4,7,5.7,1,59.885000000000005,-38.53000000000001,3.862068965517241,1,58.14666666666667,31.289294441816143,103.85187831160326,2
75.39,53.4,99.94,56.79,85.11,38.6,58.46,28.0,8,5.2,1,76.67,46.54,5.283018867924529,0,65.38333333333334,22.654049233341635,86.72679842596278,2
77.06,87.15,93.63,89.64,81.38,1.5,71.84,26.3,5,5.4,0,90.39,6.47999999999999,4.781818181818182,0,70.85666666666667,34.81081939091159,91.94999567436628,1
86.54,92.87,68.27,97.46,84.63,29.9,67.72,18.2,9,7.3,0,80.57,-24.60000000000001,2.45945945945946,0,73.47499999999998,24.63685430407056,84.90293505893226,1
50.77,54.0,60.21,72.97,71.08,25.0,65.83,19.1,3,4.4,1,57.105,6.210000000000001,4.2444444444444445,0,58.181666666666665,17.698487411828918,114.5985161840982,2
85.86,58.82,81.94,71.89,86.34,76.8,55.78,29.4,4,4.4,0,70.38,23.12,6.533333333333333,0,71.92833333333334,12.363343264128302,83.77397313456014,2
98.89,59.92,54.13,89.57,85.03,19.4,83.65,28.9,8,4.7,0,57.025000000000006,-5.789999999999999,6.020833333333333,0,65.28333333333332,26.741540469215057,66.01611217851483,1
71.41,94.03,58.58,69.18,52.44,52.7,80.61,25.3,5,8.8,1,76.305,-35.45,2.842696629213483,0,67.92333333333333,16.75034407606801,95.11739718993606,1
88.51,75.64,70.79,64.49,87.54,47.5,55.41,22.8,2,6.6,1,73.215,-4.849999999999994,3.402985074626866,0,66.895,14.36466045543716,75.57903061800926,2
61.05,98.08,58.85,69.5,65.94,55.9,68.94,14.4,6,6.1,1,78.465,-39.23,2.3225806451612905,0,69.535,15.02117671822018,113.8984438984439,2
87.35,75.49,66.65,59.16,82.41,78.3,75.73,8.7,3,6.1,1,71.07,-8.83999999999999,1.403225806451613,0,72.95666666666666,8.510557365218018,83.52222858233162,1
69.93,93.4,65.87,88.32,59.58,33.6,84.67,15.6,1,8.5,1,79.635,-27.53,1.8139534883720927,0,70.90666666666668,22.5568274956091,101.39663472996808,1
82.14,77.02,92.62,99.41,60.98,28.1,70.53,27.9,2,6.6,1,84.82,15.600000000000009,4.164179104477612,0,71.44333333333333,25.49762707913555,86.97751805859913,1
70.78,87.86,95.75,89.4,77.5,57.0,76.03,23.5,5,6.5,1,91.805,7.890000000000001,3.560606060606061,0,80.58999999999999,13.763171146214814,113.85984741452388,0
65.75,93.15,41.37,86.58,94.43,46.7,65.82,12.9,10,8.8,1,67.26,-51.78000000000001,1.449438202247191,1,71.34166666666667,23.566428169467404,108.5044359949303,2
50.2,86.75,85.27,82.92,93.18,22.5,82.05,7.3,2,5.9,1,86.00999999999999,-1.480000000000004,1.2166666666666666,0,75.44500000000001,26.23561910838012,150.28884462151396,0
58.19,40.02,73.95,60.77,87.95,59.900000000000006,89.18,16.3,4,4.8,1,56.985,33.93,3.3265306122448983,1,68.62833333333334,18.87003912732209,117.9383628343931,1
86.2,72.51,43.28,64.7,64.72,29.1,78.77,27.4,9,8.6,1,57.895,-29.230000000000004,3.1494252873563218,1,58.84666666666666,18.86567641688648,68.2675947409126,2
79.43,96.61,43.5,93.79,99.64,72.8,86.06,29.1,10,6.8,1,70.055,-53.11,4.217391304347827,1,82.06666666666668,21.198927960315984,103.31948466154684,1
90.45,65.92,86.15,70.9,59.89,75.8,58.03,26.8,6,8.7,0,76.035,20.230000000000004,3.045454545454546,0,69.44833333333334,10.541213244530567,76.78091026349733,2
74.66,90.74,71.06,50.95,70.75,16.9,99.15,24.3,1,8.0,1,80.9,-19.679999999999996,3.0,0,66.59166666666665,29.645803356742867,89.19323153853021,1
55.52,44.49,48.61,63.63,84.33,89.3,51.52,7.8,10,8.2,0,46.55,4.119999999999997,0.9397590361445785,2,63.64666666666667,19.11036019196568,114.6373679154659,2
55.1,42.69,93.93,76.98,77.3,48.1,52.22,20.6,2,6.1,1,68.31,51.24000000000001,3.322580645161291,1,65.20333333333333,20.38716131948405,118.3363581367211,2
53.66,63.19,81.13,60.05,76.67,13.3,79.16,20.6,5,5.3,0,72.16,17.939999999999998,3.8148148148148153,0,62.25,25.503587982870176,116.00819977636974,1
72.62,58.31,44.5,54.64,75.53,18.1,56.09,19.2,5,8.9,1,51.405,-13.810000000000002,2.1333333333333333,1,51.19499999999999,19.072213033625648,70.49710823464609,2
83.65,54.18,63.19,77.75,58.13,90.5,87.73,6.9,6,8.0,0,58.685,9.009999999999998,0.851851851851852,0,71.91333333333334,15.557928739606266,85.96931659693166,1
86.5,50.12,95.86,58.15,65.25,53.5,96.84,15.9,9,7.8,0,72.99,45.74,2.0126582278481013,0,69.95333333333333,21.069226532235746,80.87090558766859,1
67.63,83.31,93.25,51.82,96.18,54.5,92.47,8.9,7,5.2,1,88.28,9.939999999999998,1.679245283018868,0,78.58833333333332,20.18027494031404,116.20336142737445,0
78.25,50.21,97.16,85.33,56.32,97.6,69.13,16.5,2,6.9,1,73.685,46.95,2.357142857142857,0,75.95833333333333,20.498621823592597,97.0713525026624,1
85.47,72.87,40.2,80.77,74.89,40.3,58.94,22.3,4,8.6,0,56.535,-32.67,2.563218390804598,1,61.32833333333334,17.829238252563307,71.75422175422176,2
50.18,68.69,49.4,97.99,67.08,25.2,85.74,10.9,4,7.1,0,59.045,-19.29,1.513888888888889,1,65.68333333333332,25.926930143514223,130.89544307160884,1
86.45,50.03,58.56,87.27,61.6,85.8,59.93,8.7,6,8.7,1,54.295,8.530000000000001,0.9886363636363636,0,67.19833333333334,15.507651552271431,77.73086562560246,2
74.4,41.32,90.33,59.6,75.36,3.9,83.49,28.0,1,5.9,0,65.825,49.01,4.666666666666667,1,59.0,32.24261465824383,79.30107526881719,1
59.14,41.15,93.45,75.3,62.74,65.9,59.12,28.7,7,6.6,0,67.3,52.3,4.283582089552239,1,66.27666666666666,17.407054508637202,112.0674106639612,2
55.0,95.19,73.74,90.87,54.83,81.0,94.81,24.0,2,7.1,1,84.465,-21.450000000000003,3.333333333333333,0,81.74,15.644679606818416,148.6181818181818,0
80.77,51.91,69.46,76.77,73.79,73.0,75.41,27.5,3,8.2,0,60.685,17.549999999999997,3.313253012048193,0,70.05666666666667,9.230227877288115,86.73599933968883,1
85.72,83.52,97.43,67.29,76.95,45.9,97.62,11.5,4,5.1,0,90.475,13.91000000000001,2.2115384615384617,0,78.11833333333333,19.693005272600388,91.1319800902162,0
96.97,73.02,44.62,67.67,54.73,59.2,64.88,19.4,5,8.4,1,58.81999999999999,-28.4,2.2823529411764705,1,60.68666666666667,10.1419123771933,62.58292942834554,2
58.74,49.57,74.35,93.21,82.96,27.5,59.46,9.2,9,7.4,0,61.96,24.779999999999998,1.2266666666666666,1,64.50833333333333,23.997351034367657,109.82011122460558,2
73.09,99.13,97.54,78.77,94.09,58.7,85.28,28.7,7,6.3,1,98.335,-1.5899999999999892,4.484375,0,85.585,15.284400871476777,117.09536188261048,0
88.41,84.95,76.56,63.96,60.86,70.7,77.39,26.9,7,7.9,0,80.755,-8.39,3.3625,0,72.40333333333332,9.0222318007612,81.89495909210872,1
78.33,93.14,96.06,57.37,51.6,11.9,60.65,10.6,9,4.7,0,94.6,2.9200000000000017,2.208333333333333,0,61.78666666666666,30.88993212466914,78.87995233839737,1
77.31,56.31,93.33,89.1,58.62,70.3,69.03,20.8,2,6.6,1,74.82,37.02,3.104477611940299,0,72.78166666666665,15.366354696760926,94.14262924158147,1
78.97,91.54,77.52,63.36,59.76,7.1,59.12,15.7,3,5.0,0,84.53,-14.02000000000001,3.07843137254902,0,59.73333333333334,28.67691382744431,75.64053860115658,2
77.15,43.24,75.98,96.13,63.07,84.1,58.3,19.4,3,6.8,0,59.61,32.74,2.8115942028985508,1,70.13666666666667,19.069597443749743,90.9094836897818,2
62.93,88.41,73.75,50.28,73.89,88.5,80.31,9.7,3,7.4,0,81.08,-14.659999999999997,1.2933333333333332,0,75.85666666666667,14.140324843039023,120.54134223210976,1
60.69,87.64,59.16,90.35,98.81,85.3,55.45,10.0,10,6.6,0,73.4,-28.480000000000004,1.492537313432836,0,79.45166666666667,17.791021799398333,130.91393420113144,1
52.78,80.99,80.61,65.64,71.19,83.80000000000001,91.74,6.8,7,7.2,1,80.8,-0.3799999999999954,0.9315068493150684,0,78.995,9.288545095977089,149.66843501326258,0
87.28,56.72,60.26,66.69,73.52,16.200000000000003,78.52,10.2,6,4.3,0,58.49,3.539999999999999,2.3181818181818183,0,58.65166666666666,22.31096090863561,67.19943476932477,2
94.16,47.64,83.46,85.24,81.52,76.3,72.11,6.4,7,4.6,1,65.55,35.81999999999999,1.3617021276595749,1,74.37833333333333,13.96590479226701,78.99143302180686,1
98.73,76.48,95.7,75.48,89.72,9.4,87.46,18.8,8,7.1,1,86.09,19.22,2.611111111111112,0,72.37333333333332,31.827046778905935,73.30429791687766,0
63.66,51.57,51.11,64.13,62.79,30.2,90.38,23.6,1,6.5,0,51.34,-0.4600000000000008,3.575757575757576,0,58.36333333333334,19.84867921718386,91.67975704262228,2
99.43,79.03,64.32,64.43,79.37,11.8,58.39,6.9,6,5.4,0,71.675,-14.710000000000008,1.2545454545454546,0,59.556666666666665,24.90091537808734,59.898085755472856,2
70.31,83.51,90.8,80.1,72.63,42.5,94.26,23.3,10,8.6,1,87.155,7.289999999999992,2.6781609195402303,0,77.3,18.703714069670763,109.9416868155312,0
84.34,53.63,52.25,87.67,59.99,47.5,50.96,5.3,5,8.7,1,52.94,-1.3800000000000026,0.6022727272727273,0,58.66666666666666,14.7890049248307,69.5597185993202,2
59.15,55.64,45.53,98.48,99.45,38.0,65.7,9.7,5,8.8,1,50.585,-10.11,1.089887640449438,1,67.13333333333334,26.368870788614878,113.4967596506058,2
99.44,44.26,41.64,52.87,91.27,38.0,90.1,6.6,5,7.3,1,42.95,-2.619999999999997,0.8918918918918919,2,59.69,24.50681701078293,60.02614641995173,2
89.85,82.33,58.5,62.41,67.19,83.3,50.25,27.7,9,5.0,0,70.41499999999999,-23.83,5.431372549019608,0,67.33,13.220909197177024,74.93600445186422,2
89.63,96.43,60.76,84.79,64.99,64.3,66.47,15.4,8,7.3,1,78.595,-35.67000000000001,2.081081081081081,0,72.95666666666666,14.284721441689609,81.39759753058871,1
90.49,46.43,75.26,67.38,73.42,76.9,66.31,22.1,8,7.2,0,60.845,28.830000000000005,3.0273972602739727,1,67.61666666666666,11.21532641819518,74.72280546653406,2
78.74,53.05,48.48,81.44,71.14,84.1,52.74,23.1,2,8.1,1,50.765,-4.57,2.817073170731708,1,65.15833333333335,15.739461765469194,82.75124883583102,2
55.81,89.11,90.5,84.88,61.54,39.8,81.96,12.7,6,6.6,0,89.805,1.3900000000000006,1.8955223880597016,0,74.63166666666667,20.02396405976266,133.7245415994744,0
55.7,66.72,41.12,60.9,56.59,72.0,91.8,23.6,8,8.9,0,53.92,-25.6,2.6222222222222222,1,64.855,16.898903810602626,116.4362657091562,2
83.68,62.71,82.79,73.01,82.07,57.8,70.77,15.9,5,4.7,1,72.75,20.080000000000005,3.3125,0,71.52499999999999,10.069283489901355,85.47442638623325,1
68.17,70.66,52.88,65.14,76.52,33.9,77.04,18.2,2,5.2,1,61.77,-17.779999999999994,3.4339622641509435,0,62.69,16.684214095965086,91.9612732873698,2
99.7,57.11,82.42,97.86,80.86,54.400000000000006,79.29,20.5,3,6.3,0,69.765,25.31,3.2031250000000004,0,75.32333333333334,16.578085132688475,75.54998328318288,1
89.24,44.54,66.83,84.39,51.25,50.0,93.75,5.9,2,5.7,0,55.685,22.29,1.017241379310345,1,65.12666666666667,20.191390904706555,72.97923203346781,1
61.5,40.94,95.6,93.08,95.69,26.0,64.16,24.2,2,4.1,1,68.27,54.66,5.761904761904763,1,69.245,30.52602676405824,112.59349593495936,1
82.54,92.62,59.65,97.61,71.72,75.4,59.67,11.3,3,6.8,1,76.135,-32.970000000000006,1.63768115942029,0,76.11166666666666,16.098518461854393,92.21185687747354,1
53.25,79.2,61.73,88.41,97.22,75.7,56.96,17.3,6,7.4,0,70.465,-17.470000000000006,2.306666666666666,0,76.53666666666666,15.35612537936138,143.73082942097025,1
68.93,58.6,57.81,91.66,77.18,28.6,76.79,23.4,2,4.9,0,58.205,-0.7899999999999991,4.68,0,65.10666666666667,21.9802635713648,94.45331012137918,2
68.08,88.28,58.7,97.54,99.08,50.4,84.94,18.6,5,7.2,1,73.49000000000001,-29.58,2.5479452054794525,0,79.82333333333334,20.46618055883087,117.24931453192325,0
51.79,45.72,54.4,71.05,67.6,83.0,70.46,21.1,2,6.8,1,50.06,8.68,3.057971014492754,1,65.37166666666666,13.26969241040148,126.22449636351932,2
76.22,99.04,86.78,92.43,61.07,32.5,54.3,11.5,3,7.3,1,92.91,-12.260000000000003,1.5540540540540542,0,71.02,25.90072354201713,93.17764366308056,1
53.24,68.07,85.35,84.15,68.85,47.1,90.27,23.0,7,4.5,1,76.71,17.28,5.0,0,73.96499999999999,16.011545521903873,138.92749812171297,0
79.71,97.84,76.42,89.52,83.62,51.7,68.15,19.1,7,8.4,0,87.13,-21.42,2.247058823529412,0,77.875,16.4258062207004,97.69790490528166,1
66.76,63.94,90.46,54.43,82.64,54.8,87.26,10.8,10,8.1,1,77.19999999999999,26.52,1.3170731707317076,0,72.255,16.467951603037946,108.23097663271416,1
98.79,45.5,71.65,99.61,90.34,33.0,76.78,21.4,9,7.7,1,58.575,26.15000000000001,2.743589743589744,1,69.48,25.716866838711127,70.33100516246583,1
97.91,73.68,40.01,77.11,87.55,65.0,56.78,14.8,9,7.1,0,56.845,-33.67000000000001,2.055555555555556,1,66.68833333333333,16.765814524402526,68.11187144656658,2
89.33,42.65,61.19,66.55,90.3,93.8,99.51,6.7,5,5.0,0,51.92,18.54,1.3137254901960786,1,75.66666666666667,22.334925714375384,84.70465315869995,1
62.89,72.6,71.13,59.45,78.16,96.5,69.43,27.9,9,7.0,0,71.865,-1.4699999999999989,3.929577464788733,0,74.545,12.365740980628695,118.5323580855462,1
60.43,61.69,95.37,86.6,70.81,71.39999999999999,97.66,13.6,4,7.2,1,78.53,33.68000000000001,1.8630136986301369,0,80.58833333333332,14.71915679197238,133.35815544155773,0
52.03,65.92,43.34,73.53,60.84,27.4,72.08,9.3,3,4.3,1,54.63,-22.58,2.113636363636364,1,57.185,18.207193907903545,109.90774553142418,2
89.58,82.7,63.53,87.8,70.93,6.4,51.69,18.3,4,4.3,1,73.11500000000001,-19.17,4.15909090909091,0,60.50833333333333,29.531412033065177,67.54669941207115,2
76.89,58.99,91.29,83.67,98.89,35.9,58.3,12.6,4,8.7,1,75.14,32.300000000000004,1.431818181818182,0,71.17333333333333,24.030917308056857,92.56513634196035,1
53.14,73.72,93.56,87.87,79.21,41.0,69.45,19.2,1,8.6,0,83.64,19.840000000000003,2.206896551724138,0,74.135,18.50289788114284,139.50884456153557,1
75.63,81.77,57.74,61.04,66.29,61.900000000000006,97.23,29.3,8,6.4,1,69.755,-24.029999999999998,4.507692307692308,0,70.995,15.38849537804135,93.87147957159858,1
64.62,79.05,75.61,91.55,83.02,88.5,50.96,19.0,6,6.4,1,77.33,-3.4399999999999977,2.923076923076923,0,78.115,14.53925548300187,120.88362735995048,1
74.27,45.52,47.16,91.78,85.89,89.80000000000001,92.82,7.5,7,7.6,0,46.34,1.6399999999999937,0.974025974025974,2,75.495,22.7130744286193,101.6493873704053,1
51.32,76.84,78.07,82.61,61.34,76.10000000000001,89.8,16.2,3,6.2,1,77.455,1.2299999999999898,2.571428571428571,0,77.46000000000001,9.39423865994472,150.9353078721746,0
99.87,99.34,64.4,54.85,64.98,27.6,89.8,5.4,5,8.3,1,81.87,-34.94,0.6428571428571429,0,66.82833333333333,25.59828776826033,66.91532325356296,1
89.23,48.33,49.53,71.92,93.02,74.80000000000001,64.3,5.7,4,4.9,0,48.93,1.2000000000000028,1.14,2,66.98333333333333,16.87095097102314,75.06817587507938,2
87.89,60.0,81.28,78.14,58.08,72.4,56.27,15.5,8,4.9,1,70.64,21.28,3.1,0,67.695,10.935987838325351,77.02241438161337,2
79.68,62.42,54.45,90.81,96.16,4.0,59.22,15.9,1,6.9,0,58.435,-7.969999999999999,2.271428571428572,0,61.17666666666668,32.9295057154927,76.77794511378849,2
85.69,70.44,46.25,66.17,74.48,33.5,70.84,19.9,1,8.2,1,58.345,-24.19,2.397590361445783,1,60.28000000000001,16.523199448048796,70.34659820282414,2
91.75,94.0,96.18,89.24,52.0,28.1,82.21,23.0,1,6.9,1,95.09,2.180000000000007,3.2857142857142856,0,73.62166666666667,27.5011464609508,80.24159854677566,0
82.63,53.45,81.11,65.81,67.76,27.6,97.33,14.0,6,6.2,1,67.28,27.66,2.2222222222222223,0,65.51,23.84800452868122,79.28113276049862,1
97.31,79.98,47.23,71.07,98.1,43.6,72.29,20.0,8,5.2,1,63.605,-32.75000000000001,3.7735849056603774,1,68.71166666666667,20.49913892500528,70.61110540197993,2
88.06,93.67,48.04,54.51,98.45,56.6,70.63,20.4,4,7.1,1,70.855,-45.63,2.833333333333333,1,70.31666666666668,21.312945987513476,79.85085926262397,2
88.66,80.38,66.61,83.9,73.8,58.0,61.42,25.0,3,8.4,0,73.495,-13.769999999999996,2.9411764705882355,0,70.685,10.408530635973552,79.72591924204828,1
93.23,99.13,73.62,84.45,86.79,53.5,61.93,18.4,3,4.2,0,86.375,-25.50999999999999,4.27906976744186,0,76.57000000000001,16.915988886257878,82.13021559583825,1
97.83,76.97,62.75,57.19,79.08,97.4,57.57,18.1,9,4.8,0,69.86,-14.22,3.693877551020409,0,71.82666666666667,15.70306042358198,73.41987801969404,2
62.57,84.61,99.13,72.5,75.31,7.800000000000001,64.74,11.6,3,5.1,0,91.87,14.519999999999996,2.230769230769231,0,67.34833333333334,31.46672745403733,107.636780139577,1
53.74,89.67,73.2,85.29,89.6,42.6,64.91,24.1,9,7.5,0,81.435,-16.47,3.171052631578948,0,74.21166666666666,18.35936972411272,138.0939089442997,1
77.05,60.2,91.06,70.09,86.7,91.5,84.15,18.2,10,7.8,1,75.63,30.86,2.3037974683544307,0,80.61666666666667,12.685838823927517,104.6290287691975,0
88.46,64.72,92.52,67.45,97.88,56.8,98.88,19.3,7,5.6,1,78.62,27.8,3.3859649122807025,0,79.70833333333333,18.770240719465125,90.10663953576004,0
53.87,81.67,80.01,74.84,72.49,73.7,63.98,14.8,1,7.6,1,80.84,-1.6599999999999966,1.9220779220779225,0,74.44833333333334,6.280431248462697,138.1999876245282,1
93.99,94.69,68.86,91.94,50.58,79.3,78.39,7.9,3,8.6,1,81.775,-25.83,0.9080459770114944,0,77.29333333333334,16.16862105025245,82.23569883320921,1
70.06,77.41,64.49,96.71,97.1,18.3,51.41,12.6,5,7.8,1,70.94999999999999,-12.920000000000002,1.5949367088607596,0,67.57,30.053788446716663,96.44590351127604,2
63.39,47.97,77.45,68.75,77.8,99.5,50.6,23.8,1,4.8,1,62.71,29.480000000000004,4.857142857142858,1,70.34500000000001,19.230817715323496,110.97176210758796,2
76.32,45.02,72.44,89.25,91.29,44.7,57.25,17.5,2,6.3,1,58.73,27.419999999999995,2.7343750000000004,1,66.65833333333333,20.925738616991914,87.34058350803635,2
88.97,96.33,66.46,99.13,69.6,12.4,87.02,14.1,5,4.9,0,81.395,-29.870000000000005,2.82,0,71.82333333333332,32.068709151861206,80.72758607770409,1
77.27,79.45,77.1,72.86,65.69,35.8,61.24,16.9,5,4.7,0,78.275,-2.3500000000000085,3.520833333333333,0,65.35666666666667,16.02175104870459,84.58220094042535,2
68.68,74.46,47.76,50.04,99.55,38.5,68.45,7.4,7,8.4,1,61.11,-26.7,0.8705882352941177,1,63.126666666666665,22.348644403333875,91.9141914191419,2
52.98,60.03,84.52,91.46,83.04,9.7,69.24,15.2,7,4.1,0,72.275,24.489999999999995,3.61904761904762,0,66.33166666666666,29.989104966081708,125.20133383666791,1
60.9,72.82,61.36,59.06,91.35,66.2,96.57,16.6,8,7.0,1,67.09,-11.459999999999994,2.338028169014085,0,74.56,15.835096463236336,122.43021346469622,1
55.01,71.49,85.35,56.25,82.54,40.1,86.02,23.6,7,8.3,0,78.41999999999999,13.86,2.8095238095238098,0,70.29166666666667,18.624160025801608,127.7797976125553,1
87.35,75.15,52.49,84.93,79.45,28.1,65.65,8.8,5,6.8,1,63.82000000000001,-22.660000000000004,1.2753623188405798,0,64.29500000000002,21.09303368413373,73.60618202633087,2
97.71,90.14,86.7,75.53,67.85,50.9,86.13,10.5,3,8.4,1,88.42,-3.4399999999999977,1.2352941176470589,0,76.20833333333333,14.922730871615514,77.99440521270427,0
82.49,92.85,75.34,64.08,64.47,75.5,67.97,27.1,8,6.8,0,84.095,-17.50999999999999,3.9275362318840585,0,73.36833333333334,10.79409360097765,88.94209399119086,1
85.72,47.86,92.95,66.71,79.51,85.0,95.0,20.0,6,5.0,1,70.405,45.09,3.9215686274509807,1,77.83833333333332,17.885801538277974,90.80533519987556,0
95.43,92.45,86.34,52.26,59.81,84.7,66.09,12.0,5,5.5,0,89.39500000000001,-6.109999999999999,2.142857142857143,0,73.60833333333333,16.387797187745115,77.13332634740996,1
66.89,48.22,63.15,60.34,95.7,66.6,97.13,28.6,8,6.9,1,55.685,14.93,4.085714285714286,1,71.85666666666667,20.010048142537453,107.4251258284746,1
75.3,65.61,65.31,95.06,84.03,35.2,95.63,28.1,7,6.4,0,65.46000000000001,-0.2999999999999971,4.323076923076924,0,73.47333333333333,23.07234419530592,97.57414785303231,1
70.76,89.16,79.82,74.65,55.95,56.5,88.44,18.4,1,6.8,1,84.49,-9.340000000000003,2.6666666666666665,0,74.08666666666666,14.86365724398496,104.70133785566232,1
92.88,60.64,85.47,65.01,85.5,29.4,80.96,14.3,9,8.9,0,73.055,24.83,1.588888888888889,0,67.83,21.59772580620469,73.02971576227391,1
91.12,75.04,77.47,74.52,93.85,59.6,79.42,5.6,1,7.3,1,76.255,2.4299999999999926,0.7567567567567568,0,76.65,10.972846485757469,84.11984196663741,1
87.29,87.45,95.44,81.31,52.9,76.6,65.84,10.0,6,6.0,0,91.445,7.989999999999995,1.639344262295082,0,76.58999999999999,15.312212119742854,87.7420093939741,1
54.83,46.19,93.85,83.65,98.18,5.0,79.92,5.8,3,7.1,0,70.02,47.66,0.8055555555555556,1,67.79833333333333,35.80641250763146,123.65189373214176,1
64.73,57.52,46.05,90.76,75.77,65.7,94.13,6.8,5,5.4,0,51.785,-11.470000000000006,1.2363636363636363,1,71.65499999999999,18.85702070847885,110.69828518461298,1
76.09,57.75,69.33,70.56,89.75,72.1,65.04,18.4,7,7.7,1,63.54,11.579999999999998,2.358974358974359,0,70.75500000000001,10.644049511346704,92.98856617163888,2
92.11,73.5,82.71,51.85,79.91,28.1,86.42,5.1,7,7.0,1,78.10499999999999,9.209999999999994,0.7183098591549295,0,67.08166666666666,22.696039669216887,72.82777838092136,1
94.52,65.53,56.66,98.67,57.11,5.8,72.67,28.6,1,4.8,0,61.095,-8.870000000000005,5.836734693877552,0,59.40666666666667,30.468062404207245,62.85089575398506,2
85.38,97.6,49.14,99.92,79.77,5.699999999999999,56.28,7.0,9,7.5,1,73.37,-48.46,0.9210526315789476,1,64.735,35.62012338552465,75.81986413680019,2
95.94,64.23,66.8,86.87,74.83,11.5,90.92,26.2,8,6.7,1,65.515,2.569999999999993,3.852941176470588,0,65.85833333333333,28.665082184892945,68.64533388923633,1
61.99,86.38,56.16,53.03,74.55,74.9,55.24,18.9,1,6.6,1,71.27,-30.22,2.82089552238806,0,66.71,13.751046505630034,107.61413131150184,2
79.63,79.7,91.92,90.0,67.5,25.7,98.24,20.1,1,8.3,1,85.81,12.22,2.392857142857143,0,75.51,26.67828105407093,94.82607057641592,0
76.74,41.07,70.01,81.92,52.07,26.7,65.78,6.0,5,4.3,0,55.540000000000006,28.940000000000005,1.3636363636363638,1,56.258333333333326,20.298838800942946,73.31031187559725,2
95.76,71.31,56.02,76.24,67.55,6.7,98.17,15.7,10,5.7,1,63.665000000000006,-15.29,2.706896551724138,0,62.665,30.723678653442526,65.43964076858813,1
51.74,92.66,85.6,55.08,88.14,16.7,62.09,14.4,10,7.1,0,89.13,-7.060000000000002,2.0000000000000004,0,66.71166666666666,28.799586397493048,128.93634840871022,1
59.75,44.73,77.66,58.36,84.09,12.1,79.53,13.4,9,8.5,1,61.19499999999999,32.93,1.558139534883721,1,59.41166666666667,27.574699575274916,99.43375174337515,2
94.73,70.72,58.48,71.25,59.09,92.8,68.09,15.5,7,4.5,0,64.6,-12.240000000000002,3.3695652173913047,0,70.07166666666666,12.468172948217658,73.96987930609802,2
83.59,54.71,95.09,99.19,79.61,43.4,93.06,29.1,1,5.5,0,74.9,40.38,5.196428571428572,0,77.51,23.274979699239267,92.72640267974636,0
70.35,78.03,83.84,89.19,62.34,20.5,90.46,8.0,9,5.7,0,80.935,5.810000000000002,1.3793103448275863,0,70.72666666666666,26.64076400305867,100.53541814735846,0
52.46,58.23,79.99,58.95,96.12,10.5,70.43,7.6,10,8.8,0,69.11,21.76,0.8539325842696629,0,62.370000000000005,29.09922129542301,118.89058330156313,2
90.23,92.3,82.15,66.94,80.09,98.6,75.01,9.3,7,5.0,1,87.225,-10.149999999999991,1.823529411764706,0,82.515,11.483840385515638,91.4496287265876,1
76.02,43.18,91.06,50.8,74.44,21.4,64.31,22.9,6,6.0,0,67.12,47.88,3.7540983606557377,1,57.531666666666666,24.54697408371685,75.67964570727001,2
73.3,95.64,74.8,71.65,66.12,28.0,67.71,28.2,10,8.3,0,85.22,-20.840000000000003,3.3571428571428568,0,67.32000000000001,22.019882833475748,91.8417462482947,1
93.43,85.89,69.94,69.33,53.45,52.3,61.17,23.3,10,4.2,0,77.91499999999999,-15.950000000000005,5.418604651162791,0,65.34666666666666,12.55535689125031,69.94184594527097,2
93.88,81.37,67.23,50.48,83.54,14.4,60.26,18.1,7,8.7,1,74.30000000000001,-14.14,2.056818181818182,0,59.54666666666666,25.42402931611484,63.42849027126828,2
84.87,66.41,51.31,57.07,98.82,89.80000000000001,56.38,11.2,1,5.6,1,58.86,-15.099999999999994,1.9649122807017545,0,69.965,19.685113918898207,82.43784611759162,2
53.81,85.14,65.11,99.41,54.52,84.3,88.58,13.3,1,6.4,1,75.125,-20.03,2.0461538461538464,0,79.51,16.521355876561707,147.760639286378,0
78.99,47.59,81.02,89.27,55.57,89.2,75.26,22.9,10,8.1,0,64.305,33.42999999999999,2.792682926829269,1,72.985,17.584382559532763,92.39777186985695,1
61.96,57.55,63.2,87.47,99.71,38.9,81.21,21.9,8,4.3,0,60.375,5.650000000000006,4.977272727272728,0,71.33999999999999,22.23163511755265,115.13879922530664,1
99.75,59.29,88.46,76.89,57.87,5.6000000000000005,82.79,10.7,6,6.3,0,73.875,29.169999999999995,1.671875,0,61.81666666666667,30.196778415365216,61.97159565580618,1
53.49,66.2,96.08,74.05,62.38,90.1,50.18,29.0,3,4.5,0,81.14,29.879999999999995,6.304347826086957,0,73.16499999999999,17.354033248786862,136.782576182464,1
61.63,75.24,57.49,61.1,77.81,43.7,83.25,23.4,9,6.0,0,66.365,-17.749999999999993,3.836065573770492,0,66.43166666666666,14.933306956821944,107.79111904375571,2
71.95,40.16,50.37,73.32,54.44,88.80000000000001,73.05,27.5,8,5.5,0,45.265,10.21,4.910714285714286,1,63.35666666666668,18.03794740724861,88.05652073198982,2
99.21,68.24,47.23,82.01,78.96,8.0,75.83,26.0,6,5.0,1,57.735,-21.01,5.098039215686275,1,60.045,28.388268527685867,60.52313274871484,2
58.54,52.18,56.56,63.39,89.39,15.7,84.12,16.7,2,7.0,0,54.370000000000005,4.380000000000003,2.352112676056338,0,60.22333333333333,26.42807345734204,102.87552670538662,2
52.33,91.89,80.87,72.59,63.21,55.4,89.71,25.4,7,5.0,1,86.38,-11.019999999999996,4.980392156862745,0,75.61166666666666,14.579715246419138,144.49009491050384,0
78.57,70.65,73.8,66.47,88.88,5.9,58.19,17.9,4,4.9,0,72.225,3.1499999999999915,3.58,0,60.64833333333332,28.661269627611865,77.19019133681218,2
54.8,61.07,94.22,57.55,50.28,25.2,61.37,7.7,9,5.0,0,77.645,33.15,1.5098039215686276,0,58.281666666666666,22.216368215049613,106.35340632603408,2
83.61,40.26,50.63,80.12,62.59,36.5,72.55,21.5,2,6.6,0,45.445,10.370000000000005,3.208955223880597,1,57.10833333333334,17.59868792457741,68.30323326555836,2
51.52,44.94,80.32,94.0,73.63,48.2,54.02,23.9,8,6.9,0,62.63,35.379999999999995,3.414285714285714,1,65.85166666666666,19.753639074020423,127.81767598343684,2
60.05,74.52,49.66,78.89,71.57,46.6,93.94,24.4,6,4.2,1,62.09,-24.86,5.674418604651163,1,69.19666666666667,18.069059374153007,115.23175131834584,1
97.74,58.2,79.9,87.44,62.74,82.6,75.97,18.8,3,8.1,0,69.05000000000001,21.700000000000003,2.292682926829269,0,74.47500000000001,11.561646509040136,76.19705340699817,1
78.28,46.44,49.6,50.55,92.05,27.4,86.43,28.3,5,4.2,0,48.02,3.160000000000004,6.5813953488372094,2,58.745,25.141174793553304,75.04471129279509,2
79.31,40.76,91.49,85.54,60.13,80.39999999999999,70.74,29.6,4,5.3,1,66.125,50.73,5.481481481481482,1,71.51,18.712205642307374,90.16517463119403,1
75.29,77.8,77.62,59.71,67.69,53.9,92.6,9.1,2,6.9,1,77.71000000000001,-0.1799999999999926,1.3,0,71.55333333333334,14.040067901070374,95.03696816753,1
85.96,55.9,85.72,57.84,59.77,67.2,96.48,21.5,10,8.2,1,70.81,29.82,2.5903614457831328,0,70.485,16.769412333173754,81.99744067007911,1
78.45,93.88,97.3,96.89,76.55,50.1,56.03,11.7,8,5.6,1,95.59,3.4200000000000017,2.0526315789473686,0,78.45833333333333,21.182207077324748,100.01062247716168,1
84.78,72.67,88.9,50.47,79.39,23.3,63.99,27.9,1,4.9,0,80.785,16.230000000000004,5.58,0,63.120000000000005,23.524181601067443,74.45152158527955,2
60.47,92.92,67.45,51.48,56.69,26.7,82.17,19.6,6,5.6,0,80.185,-25.47,3.4385964912280707,0,62.90166666666666,23.54848735410975,104.02127776859048,1
53.96,51.08,83.42,73.13,93.19,25.6,80.92,22.8,2,5.5,0,67.25,32.34,4.071428571428572,0,67.89,25.09792660759052,125.81541882876203,1
90.01,74.42,42.96,73.14,57.47,38.9,50.4,13.3,10,6.2,1,58.69,-31.46,2.111111111111111,1,56.215,15.0251199662432,62.45417175869348,2
56.85,44.56,94.29,75.56,56.81,99.3,89.51,18.1,3,8.8,0,69.42500000000001,49.73,2.033707865168539,1,76.67166666666667,21.97339611135854,134.86660803283493,1
84.25,47.93,78.39,92.74,54.14,96.1,67.82,29.7,1,6.3,1,63.16,30.46,4.640625,1,72.85333333333332,19.81533513889348,86.47279920870425,1
89.72,66.81,86.49,80.18,58.59,82.30000000000001,57.64,23.0,6,5.1,1,76.65,19.679999999999996,4.423076923076923,0,72.00166666666668,12.616943237831686,80.25152325754199,1
