{
    "0": 1.0641127959563714,
    "1": 0.6207324643078833,
    "2": 2.225932109070673
}