Gender,Age,Department,Attendance (%),Midterm_Score,Assignments_Avg,Quizzes_Avg,Participation_Score,Projects_Score,Study_Hours_per_Week,Extracurricular_Activities,Internet_Access_at_Home,Parent_Education_Level,Family_Income_Level,Stress_Level (1-10),Sleep_Hours_per_Night,at_risk
Female,22,Mathematics,97.36,40.61,73.69,53.17,73.4,62.84,10.3,Yes,No,Master's,Medium,1,5.9,1
Male,18,Business,97.71,57.27,74.23,98.23,88.0,98.23,27.1,No,No,High School,Low,4,4.3,0
Male,24,Engineering,99.52,41.84,85.85,50.0,4.699999999999999,91.22,12.4,Yes,No,High School,Low,9,6.1,1
Female,24,Engineering,90.38,45.65,68.1,66.27,4.2,55.48,25.5,No,Yes,High School,Low,8,4.9,1
Female,23,CS,59.41,53.13,67.66,83.98,64.3,87.43,13.3,Yes,No,Master's,Medium,6,4.5,0
Male,21,Mathematics,60.6,70.21,87.85,52.26,54.8,67.65,25.3,Yes,No,Unknown,Medium,6,5.6,1
Male,24,Business,67.01,90.85,89.0,54.17,15.5,87.51,22.1,Yes,No,Bachelor's,High,2,4.0,0
Male,19,Engineering,65.91,91.72,50.72,53.83,54.8,90.04,16.7,Yes,Yes,Unknown,Low,5,7.8,0
Female,21,CS,97.83,76.97,57.19,79.08,97.4,57.57,18.1,No,Yes,PhD,High,9,4.8,1
Female,22,Business,89.45,95.69,60.65,94.8,63.1,83.09,9.4,Yes,No,Unknown,High,8,7.1,0
Female,23,Business,86.2,70.0,67.58,77.77,44.900000000000006,93.14,7.9,Yes,Yes,High School,Low,4,8.2,0
Female,20,Mathematics,59.3,93.34,64.57,80.18,82.8,66.17,22.9,Yes,No,Unknown,Low,7,8.6,0
Male,21,Engineering,95.48,67.24,83.43,67.3,21.3,54.02,26.2,No,No,Unknown,Medium,9,6.8,0
Male,18,Business,91.39,56.63,91.41,50.94,41.4,51.36,23.0,No,No,PhD,Medium,5,7.9,1
Male,19,CS,58.18,94.98,59.6,51.08,52.8,55.5,27.8,No,Yes,Bachelor's,High,2,6.3,1
Male,18,CS,93.56,63.28,78.15,94.42,50.5,50.21,27.3,Yes,No,Bachelor's,Low,2,6.5,0
Female,21,Business,63.61,70.2,68.39,55.13,92.1,66.35,24.5,No,Yes,High School,High,8,6.7,1
Female,23,CS,54.04,59.73,75.29,99.99,29.3,64.97,27.5,No,No,Bachelor's,Medium,8,7.4,1
Male,20,Business,82.84,79.77,81.04,58.22,5.699999999999999,55.52,9.2,Yes,Yes,High School,High,8,7.3,1
Male,20,CS,82.69,99.7,94.68,83.73,91.6,82.56,23.3,No,Yes,Master's,Low,5,7.9,0
Male,18,Business,54.75,41.53,59.61,97.45,21.7,99.6,23.8,No,No,PhD,High,2,7.1,1
Male,22,Business,65.94,93.99,54.35,68.11,37.9,95.05,8.8,No,No,Unknown,High,10,8.4,0
Male,22,Business,99.64,40.24,81.36,86.72,53.1,62.64,27.7,No,Yes,PhD,Low,8,7.5,1
Female,23,CS,83.92,61.85,69.71,67.54,97.6,88.5,5.2,Yes,Yes,Bachelor's,Low,4,8.6,0
Female,20,Business,86.5,50.12,58.15,65.25,53.5,96.84,15.9,No,Yes,Unknown,Low,9,7.8,0
Male,18,Mathematics,60.65,85.44,55.85,60.09,44.8,95.32,5.5,No,No,PhD,Medium,10,7.7,0
Male,18,Business,53.94,43.04,77.95,91.05,58.4,94.23,18.1,No,No,PhD,High,6,8.3,0
Male,18,Engineering,63.85,73.21,65.02,62.87,97.1,89.32,15.3,No,Yes,High School,High,10,7.3,0
Female,21,Engineering,62.44,57.7,99.87,64.16,81.8,64.65,20.6,Yes,No,Master's,Low,7,4.9,0
Female,23,Mathematics,61.73,48.02,70.3,99.95,16.9,54.18,24.2,Yes,Yes,PhD,Low,3,4.4,1
Female,22,Business,59.64,86.31,60.61,66.37,80.3,74.39,24.2,Yes,Yes,Unknown,Medium,2,5.6,1
Male,22,Engineering,78.74,53.05,81.44,71.14,84.1,52.74,23.1,Yes,No,Master's,Low,2,8.1,1
Female,21,Business,66.41,53.42,62.21,99.5,69.1,99.92,7.5,Yes,No,Master's,Medium,3,4.1,0
Male,19,Engineering,91.02,56.5,74.7,68.47,65.7,67.92,15.4,No,No,Unknown,Medium,7,4.8,1
Female,21,CS,59.2,75.21,74.13,68.31,44.1,97.92,25.4,No,Yes,Master's,Medium,8,4.5,0
Female,23,CS,73.23,79.58,72.68,91.39,64.2,88.66,21.4,No,No,Bachelor's,Low,4,4.2,0
Female,18,Mathematics,50.68,41.06,89.8,65.6,73.8,70.56,22.0,Yes,Yes,Master's,High,3,8.1,1
Male,21,Mathematics,74.08,54.51,60.83,61.69,12.3,55.92,10.7,Yes,Yes,High School,Low,7,5.4,1
Male,18,Business,52.79,65.86,95.22,71.16,25.7,61.86,13.1,Yes,No,Master's,High,3,7.6,0
Female,23,Mathematics,98.89,59.92,89.57,85.03,19.4,83.65,28.9,No,No,PhD,Low,8,4.7,0
Male,24,Business,89.53,93.05,66.66,52.16,84.1,91.5,26.2,Yes,No,Master's,Medium,4,6.0,0
Male,23,CS,74.51,87.26,59.03,68.7,68.0,98.97,9.1,Yes,Yes,High School,High,8,4.6,0
Male,20,CS,54.33,77.55,63.98,67.31,45.1,56.61,18.6,No,No,High School,Low,2,4.0,0
Male,18,Engineering,79.62,60.28,66.63,62.24,82.6,57.8,17.3,Yes,Yes,Master's,Low,8,7.1,1
Male,22,Business,87.94,82.04,77.85,82.71,71.7,52.12,16.1,No,Yes,Bachelor's,High,8,6.4,0
Male,21,CS,59.54,90.62,52.32,64.5,91.4,63.02,16.8,Yes,Yes,Master's,Medium,10,6.1,1
Male,24,CS,78.41,75.69,95.72,80.34,7.7,91.05,21.1,Yes,No,Unknown,Medium,3,4.4,0
Female,23,Business,90.71,87.07,54.93,75.22,50.9,59.91,29.2,No,No,High School,High,2,6.9,1
Male,18,Engineering,88.41,84.95,63.96,60.86,70.7,77.39,26.9,No,No,Master's,Low,7,7.9,0
Male,24,Engineering,90.15,74.3,55.46,63.33,20.7,72.32,26.9,No,Yes,Bachelor's,Medium,9,4.3,1
Female,19,Engineering,93.97,58.73,62.83,58.53,32.7,66.29,22.6,Yes,Yes,Bachelor's,Low,10,6.1,1
Female,20,Engineering,96.88,84.75,91.88,52.83,41.900000000000006,80.92,5.4,No,Yes,Bachelor's,Medium,1,5.6,0
Female,19,CS,70.28,52.41,80.76,80.96,79.4,75.12,16.0,Yes,No,PhD,Low,5,8.5,0
Female,23,Business,78.44,86.77,61.37,83.64,49.400000000000006,66.74,17.8,No,No,PhD,Medium,3,5.3,1
Male,19,Business,89.53,88.27,93.59,58.3,49.3,84.44,26.1,Yes,Yes,PhD,Low,9,8.7,0
Female,19,CS,84.86,89.33,90.04,80.77,43.1,64.0,28.1,No,Yes,Unknown,Low,8,8.1,0
Female,20,CS,99.78,68.37,87.68,99.1,22.9,82.16,16.3,No,Yes,Unknown,Medium,9,4.5,0
Male,20,CS,50.68,51.55,92.38,53.72,92.3,97.86,12.5,Yes,Yes,Master's,Medium,9,6.4,0
Male,20,Mathematics,67.76,45.98,80.98,74.52,31.8,86.45,13.4,No,Yes,PhD,Low,10,7.2,0
Male,24,Business,64.05,84.6,75.07,86.65,56.7,70.92,19.5,No,Yes,PhD,High,3,7.0,0
Female,20,Business,63.12,93.18,68.7,52.3,14.9,87.38,11.9,Yes,No,Unknown,Low,7,7.4,1
Male,19,Business,61.13,79.05,61.19,88.91,43.4,90.46,27.8,Yes,Yes,Bachelor's,High,5,6.1,0
Female,22,Engineering,85.46,48.65,77.87,98.98,90.4,66.29,15.5,Yes,No,Bachelor's,Medium,6,8.5,0
Male,22,CS,54.24,96.09,94.47,54.42,99.5,85.26,29.8,Yes,Yes,High School,High,8,5.4,0
Male,20,CS,87.08,99.35,79.7,91.11,36.2,71.72,7.7,No,Yes,Master's,Low,10,4.5,0
Female,24,CS,84.67,66.0,95.98,68.93,15.4,90.93,9.7,No,No,Master's,Medium,8,8.9,0
Male,21,Mathematics,62.54,75.69,67.85,57.21,31.4,64.77,17.8,Yes,No,PhD,Medium,7,7.3,1
Male,18,Business,62.64,86.63,84.76,74.66,32.7,96.89,26.7,Yes,No,Unknown,High,1,7.3,0
Male,23,CS,81.44,84.18,82.43,53.58,64.5,78.74,13.8,Yes,No,Master's,Medium,1,8.1,0
Male,24,Mathematics,88.11,98.07,83.52,76.11,49.6,67.67,25.9,No,Yes,Bachelor's,High,6,6.1,0
Male,21,CS,93.82,46.89,82.25,50.97,76.8,70.97,15.6,No,Yes,Unknown,Low,9,5.9,1
Female,23,Engineering,92.61,74.84,61.08,86.43,70.1,67.39,26.3,Yes,Yes,PhD,Medium,8,8.7,0
Female,21,Business,98.24,81.52,57.18,74.4,25.1,57.31,11.9,No,Yes,PhD,Low,1,5.9,1
Male,21,Mathematics,79.07,93.41,98.93,72.95,78.4,53.42,16.8,Yes,No,Master's,High,8,4.4,0
Female,22,CS,95.43,92.45,52.26,59.81,84.7,66.09,12.0,No,Yes,Master's,High,5,5.5,0
Female,18,Business,90.43,98.68,73.39,68.06,59.8,72.93,10.4,No,No,High School,Low,2,8.4,0
Female,21,Mathematics,94.73,70.72,71.25,59.09,92.8,68.09,15.5,No,Yes,Master's,High,7,4.5,1
Male,20,Business,50.58,89.85,68.0,86.77,78.3,50.7,13.4,Yes,Yes,Master's,High,2,7.6,1
Male,23,Business,98.3,65.64,89.1,59.95,59.5,78.95,24.7,Yes,No,Bachelor's,Low,4,5.3,0
Male,24,Engineering,73.68,65.34,87.27,80.84,90.6,57.24,23.7,Yes,Yes,Bachelor's,Low,4,7.7,0
Female,22,Business,89.91,55.2,95.26,63.98,60.0,60.55,14.0,No,Yes,Unknown,Medium,5,6.6,1
Female,23,Mathematics,56.36,89.09,69.77,82.85,52.1,56.04,29.8,No,No,Master's,Medium,6,7.2,0
Male,20,Business,69.8,99.15,78.21,77.02,35.6,76.02,29.3,Yes,Yes,Master's,Low,2,5.2,0
Male,20,Mathematics,63.57,55.38,94.62,71.17,88.3,54.76,27.9,Yes,Yes,PhD,Medium,8,4.8,1
Female,21,Business,64.58,43.37,99.69,83.65,12.3,62.82,19.7,Yes,Yes,Bachelor's,High,9,4.3,1
Female,20,CS,56.16,88.93,98.46,70.79,47.400000000000006,72.59,15.3,No,No,PhD,Medium,3,8.1,0
Male,18,Engineering,90.29,77.21,85.89,91.07,53.7,58.39,12.8,No,No,Master's,Medium,7,7.6,1
Female,20,CS,50.46,97.58,57.16,86.48,55.5,72.31,5.4,No,Yes,Bachelor's,High,4,5.5,0
Female,21,Engineering,65.63,55.13,51.16,77.03,65.19999999999999,67.14,20.8,No,Yes,Master's,Low,10,8.2,1
Female,23,Mathematics,58.72,44.26,91.26,93.85,50.6,93.03,18.8,Yes,Yes,High School,High,4,8.2,0
Female,20,Engineering,79.45,69.55,92.05,91.44,25.7,89.75,20.7,No,Yes,PhD,Medium,1,4.7,0
Female,22,Business,62.71,45.13,87.32,76.59,85.7,99.64,19.4,Yes,No,Bachelor's,High,5,7.6,0
Female,24,Business,62.95,55.71,64.0,53.42,65.8,76.45,8.4,No,No,Bachelor's,Low,6,5.5,1
Female,22,CS,74.42,47.56,81.99,78.3,85.8,78.77,22.4,Yes,No,Master's,Medium,5,6.3,1
Male,22,Engineering,82.63,53.45,65.81,67.76,27.6,97.33,14.0,Yes,Yes,Master's,Low,6,6.2,0
Male,23,Mathematics,56.07,46.37,72.53,77.01,63.7,69.98,17.9,No,No,Unknown,Low,3,7.0,0
Female,19,Mathematics,58.78,97.23,69.12,82.36,71.39999999999999,77.78,14.1,No,No,Unknown,High,2,5.7,0
Female,24,Business,62.36,56.71,95.68,82.24,38.3,68.95,5.5,No,Yes,PhD,Low,5,4.4,0
Female,22,Mathematics,98.69,66.63,61.71,83.68,81.19999999999999,77.29,26.9,No,No,Bachelor's,High,6,7.4,0
Male,22,Business,69.86,93.92,78.88,83.96,0.3,54.04,8.7,Yes,Yes,Master's,High,10,8.8,0
Male,19,Business,79.95,80.64,68.05,55.46,59.5,89.19,19.6,No,Yes,PhD,Medium,6,7.3,1
Female,23,Business,62.08,77.08,83.15,59.59,61.4,99.26,27.1,No,Yes,Bachelor's,Low,5,6.7,0
Male,24,CS,74.52,82.33,78.23,81.53,53.4,53.29,10.5,No,No,Master's,Low,2,4.8,0
Female,22,CS,53.71,89.73,96.2,70.41,63.0,90.05,15.3,No,No,Unknown,Low,1,7.1,0
Female,21,Business,51.74,92.66,55.08,88.14,16.7,62.09,14.4,No,Yes,Bachelor's,Low,10,7.1,0
Female,23,Business,73.44,78.56,61.03,56.25,68.5,59.88,7.2,No,No,Master's,Low,6,7.1,0
Female,24,Business,69.93,93.4,88.32,59.58,33.6,84.67,15.6,Yes,No,PhD,High,1,8.5,0
Female,22,Mathematics,56.84,72.12,68.44,77.92,45.2,52.21,17.0,Yes,Yes,PhD,Medium,1,7.6,1
Female,22,Business,84.38,56.64,58.29,75.04,33.3,73.16,5.7,Yes,No,High School,Medium,6,7.9,1
Female,19,Business,99.65,92.8,75.17,63.32,47.400000000000006,50.07,17.2,No,No,Bachelor's,Low,1,5.6,1
Male,24,Engineering,69.78,72.49,82.61,70.42,62.2,77.72,7.3,Yes,Yes,PhD,High,2,5.4,0
Female,21,Engineering,81.23,94.37,52.24,51.75,83.80000000000001,73.1,27.3,No,Yes,Bachelor's,High,1,5.0,0
Male,23,Engineering,98.15,42.41,64.58,51.85,48.3,95.77,21.3,Yes,No,PhD,Low,7,7.9,1
Female,20,Engineering,91.58,63.85,90.47,54.75,32.3,86.01,6.4,Yes,Yes,Bachelor's,Medium,4,7.5,0
Female,18,Business,73.18,96.87,76.01,78.84,48.8,56.3,25.7,No,Yes,Bachelor's,Low,4,5.7,0
Male,21,Engineering,86.87,54.98,51.77,93.19,68.89999999999999,67.73,14.0,Yes,Yes,Bachelor's,High,4,4.7,1
Male,20,Mathematics,56.41,96.49,64.1,63.01,34.7,96.58,10.6,No,No,High School,Low,5,8.2,0
Female,21,Mathematics,75.61,97.23,81.96,51.7,41.4,86.27,11.3,No,Yes,Unknown,Low,9,5.9,0
Male,24,Engineering,63.95,92.93,59.97,85.43,56.3,79.71,19.9,Yes,Yes,Bachelor's,Low,5,4.9,0
Female,20,CS,58.06,73.82,91.37,92.77,29.4,77.95,7.0,Yes,No,Unknown,High,10,4.7,0
Female,24,Mathematics,71.31,78.82,83.83,56.91,20.9,69.9,6.5,Yes,No,Unknown,Medium,2,8.6,1
Male,20,Mathematics,56.55,92.18,73.57,69.29,14.0,79.26,20.7,Yes,No,Unknown,Low,8,4.7,0
Male,21,Engineering,84.95,86.55,95.78,57.94,35.3,88.58,29.5,Yes,No,PhD,Medium,8,5.8,0
Male,19,Engineering,72.81,77.81,69.59,55.32,4.8,56.38,17.1,No,Yes,Master's,Medium,9,7.2,1
Male,21,Business,76.56,98.94,61.75,82.41,58.3,98.49,15.3,Yes,No,Unknown,High,4,6.0,0
Female,24,Mathematics,57.32,81.14,83.07,98.38,17.6,61.97,28.7,No,Yes,Bachelor's,Low,3,6.4,1
Male,21,Engineering,56.99,98.53,78.66,83.91,37.7,72.39,11.0,No,Yes,Master's,Low,10,8.0,0
Male,20,Engineering,79.17,43.44,66.76,99.24,26.9,51.14,11.0,No,No,PhD,Medium,6,9.0,1
Male,18,Business,99.25,48.34,67.18,71.72,63.0,77.52,27.6,Yes,No,High School,Medium,1,6.3,1
Male,20,Mathematics,54.81,67.09,69.91,94.89,85.0,69.09,21.2,Yes,No,Unknown,Medium,6,5.9,0
Male,22,Engineering,64.29,63.09,64.56,60.25,63.3,62.49,6.3,Yes,Yes,Unknown,High,5,6.0,1
Female,21,Business,93.47,86.96,85.51,55.9,54.3,99.28,21.8,No,Yes,PhD,High,1,5.8,0
Female,23,Engineering,53.61,49.64,82.57,85.13,66.9,71.41,25.5,Yes,No,Bachelor's,Medium,6,6.4,0
Male,21,CS,93.79,98.57,72.04,68.57,3.0,70.71,11.8,Yes,Yes,Bachelor's,High,3,5.7,0
Male,19,CS,76.21,58.9,69.89,65.88,12.3,73.16,14.6,Yes,Yes,Master's,High,8,6.3,1
Female,24,Engineering,70.41,65.74,68.25,83.56,9.5,55.81,9.9,No,No,Master's,High,3,8.7,1
Male,23,Mathematics,65.48,56.48,64.17,66.67,9.8,69.65,20.8,No,No,Bachelor's,Low,3,5.4,1
Female,20,CS,64.86,74.76,54.28,78.63,26.0,66.82,21.6,Yes,No,High School,High,7,7.3,1
Female,19,Business,65.29,43.52,63.41,64.97,53.2,73.26,6.7,Yes,No,Bachelor's,Medium,1,6.4,1
Male,21,Engineering,94.24,48.98,66.06,89.19,11.5,92.83,21.9,Yes,Yes,High School,Low,10,7.7,1
Female,20,Business,86.19,84.75,77.38,65.62,93.5,59.64,21.5,No,No,PhD,Medium,10,6.4,0
Male,20,CS,83.49,51.19,88.69,76.75,85.39999999999999,80.39,5.9,Yes,No,High School,High,8,4.8,0
Male,22,Mathematics,89.94,54.13,69.79,51.16,97.2,51.88,18.9,No,Yes,PhD,Medium,4,8.4,1
Female,22,Business,62.86,87.58,97.24,89.59,4.3,65.84,20.3,No,No,Unknown,Medium,5,7.4,0
Female,18,CS,80.9,45.6,91.37,81.02,85.1,73.63,15.8,No,Yes,Bachelor's,High,5,6.6,1
Male,22,CS,73.0,66.25,99.24,59.61,80.39999999999999,53.71,27.5,No,Yes,Master's,Medium,4,8.2,1
Female,24,CS,89.12,41.38,93.81,60.77,90.2,77.2,13.2,No,Yes,Unknown,High,1,8.9,1
Male,23,Business,65.46,60.81,80.84,63.12,52.8,65.52,6.7,No,Yes,Master's,High,3,6.0,0
Female,20,CS,82.16,81.94,79.92,78.83,78.8,99.64,21.8,Yes,No,High School,High,8,5.8,0
Female,22,Engineering,94.11,45.41,56.48,77.42,5.1,81.55,20.1,No,Yes,Bachelor's,Medium,2,7.8,1
Male,18,CS,70.11,93.3,86.12,63.69,7.6,62.21,29.7,No,No,Bachelor's,Medium,8,6.3,0
Male,21,Engineering,53.33,94.57,80.01,84.7,11.9,55.13,10.8,No,Yes,Bachelor's,Medium,4,4.4,0
Male,23,Mathematics,75.8,46.3,75.35,94.45,91.5,52.04,14.9,Yes,Yes,Unknown,Low,9,5.8,1
Female,22,Engineering,67.3,99.44,84.66,52.18,6.1,54.54,16.5,No,No,PhD,Medium,8,8.0,0
Male,20,Mathematics,83.61,57.85,72.2,70.86,10.0,84.0,26.5,No,Yes,High School,High,8,7.5,0
Male,21,Mathematics,97.55,45.05,76.19,79.68,93.0,92.75,15.4,No,No,Unknown,High,4,8.3,0
Female,24,Engineering,74.28,40.3,69.92,79.32,10.7,57.84,24.3,No,Yes,Unknown,Low,2,4.7,1
Female,20,Mathematics,73.31,64.51,85.87,50.98,87.0,70.11,8.9,Yes,Yes,PhD,Low,8,5.2,0
Male,21,Engineering,82.73,77.79,93.83,60.53,78.89999999999999,67.71,15.2,No,Yes,Master's,Low,7,5.1,0
Male,24,Business,55.17,59.93,92.04,53.09,4.0,82.23,8.9,No,Yes,Master's,Low,2,8.9,0
Male,24,Mathematics,62.68,90.2,89.3,78.45,2.2,59.13,28.7,No,No,Bachelor's,Medium,7,4.8,1
Male,23,Engineering,95.95,83.0,50.69,82.27,53.4,97.67,9.4,Yes,No,Unknown,Medium,1,7.0,0
Female,20,Mathematics,83.5,61.01,95.59,57.99,99.7,86.43,15.5,Yes,Yes,PhD,High,6,7.2,0
Female,22,CS,50.67,84.06,63.74,66.65,87.89999999999999,97.75,7.1,No,No,PhD,Medium,7,7.1,0
Male,22,Engineering,60.23,96.43,94.4,66.49,31.0,63.87,28.0,Yes,No,Master's,Low,2,7.5,0
Male,18,CS,84.14,45.59,59.85,90.99,38.6,79.39,20.6,Yes,Yes,PhD,Low,2,6.4,1
Male,21,Mathematics,88.22,58.37,71.98,59.73,38.8,86.61,29.1,No,No,Master's,Low,8,4.4,0
Female,18,Mathematics,91.99,67.8,87.47,77.42,73.4,85.55,6.1,No,Yes,Master's,Low,2,7.5,0
Male,19,Business,64.61,69.88,82.01,89.15,34.1,51.07,9.4,No,No,Unknown,Medium,10,5.4,1
Male,22,Engineering,96.55,72.53,70.8,91.48,14.8,99.91,14.5,Yes,Yes,High School,High,2,4.4,0
Female,21,CS,77.65,58.04,83.93,83.33,74.7,96.4,20.5,Yes,No,Bachelor's,High,5,4.8,0
Female,23,Business,84.83,80.04,77.45,64.98,45.8,55.99,13.2,Yes,Yes,High School,Medium,4,5.4,1
Male,18,Mathematics,79.84,78.71,63.79,91.15,7.7,77.18,22.8,Yes,No,PhD,Low,1,6.2,0
Male,23,Mathematics,56.14,74.67,82.32,87.11,79.0,65.73,9.1,No,No,High School,Medium,8,8.3,0
Female,23,Business,98.16,46.83,60.21,85.22,58.5,93.94,20.0,No,No,High School,Medium,4,6.7,0
Male,23,CS,56.14,68.62,84.7,53.37,48.9,84.88,14.9,Yes,No,Master's,High,9,6.4,0
Male,18,Mathematics,62.74,61.37,50.16,52.16,67.30000000000001,61.18,17.7,No,Yes,Unknown,Medium,2,5.0,1
Female,19,Mathematics,90.68,69.46,77.44,84.77,50.5,51.69,19.2,No,No,PhD,Low,2,8.8,0
Female,24,Engineering,80.93,95.31,70.05,97.24,64.80000000000001,64.59,6.5,No,Yes,Bachelor's,Medium,6,8.5,1
Female,24,Business,91.91,68.83,65.16,88.69,86.7,51.91,28.1,Yes,No,Master's,High,2,8.1,1
Male,18,Mathematics,75.79,40.84,75.79,91.57,61.4,57.07,24.7,No,No,Bachelor's,High,2,5.6,1
Female,24,CS,68.85,66.33,82.27,77.25,66.0,81.81,16.1,No,No,Unknown,High,6,6.8,1
Female,20,Engineering,96.09,89.24,98.27,65.23,61.4,87.25,18.7,Yes,No,High School,Medium,6,5.9,0
Male,24,Business,51.81,86.8,91.65,83.89,53.1,73.4,5.8,No,Yes,High School,Low,8,6.0,0
Male,22,CS,92.81,70.8,85.86,85.6,17.2,80.01,17.4,No,Yes,Unknown,Low,10,4.4,0
Female,18,Mathematics,61.54,54.99,73.95,83.77,33.6,57.79,15.7,Yes,No,PhD,Low,1,4.7,1
Female,24,Business,92.44,67.91,69.61,97.34,69.3,65.84,14.4,No,No,Master's,High,1,8.8,0
Male,18,Business,56.96,73.82,51.63,68.36,42.5,85.64,25.4,No,Yes,High School,High,7,7.1,0
Male,19,CS,79.01,99.99,67.95,51.98,40.6,68.24,9.5,Yes,No,Unknown,High,9,4.0,1
Female,20,Business,94.41,78.65,92.42,95.42,75.9,67.44,9.4,No,No,Master's,Low,7,8.0,0
Female,18,CS,73.68,81.66,69.2,58.02,0.6,59.7,18.0,No,No,Master's,High,4,4.4,1
Male,22,Mathematics,87.33,69.49,73.08,84.87,67.9,79.74,22.2,Yes,Yes,Unknown,High,9,7.5,1
Female,24,Engineering,90.23,61.27,63.59,93.66,48.9,90.48,5.6,Yes,Yes,High School,Medium,6,7.1,0
Male,22,CS,86.82,88.78,63.71,65.51,37.7,73.47,18.6,Yes,Yes,PhD,High,10,4.3,0
Female,24,Engineering,96.27,69.7,53.09,91.52,34.1,55.78,12.5,Yes,No,High School,High,1,6.7,1
Male,18,Business,72.34,99.68,80.69,66.6,17.3,91.92,23.9,Yes,Yes,High School,Low,6,4.2,0
Male,23,CS,58.66,67.43,72.4,89.71,33.4,53.57,16.7,Yes,No,High School,Low,10,4.3,1
Female,24,Mathematics,52.39,44.08,80.3,53.49,39.1,73.59,25.9,Yes,Yes,High School,Medium,6,4.3,1
Female,23,CS,62.32,80.95,77.34,82.76,43.7,63.05,14.9,Yes,Yes,Bachelor's,Low,1,5.3,1
Male,20,CS,57.16,42.8,89.94,83.86,67.2,96.82,25.7,No,No,Unknown,Low,8,8.0,0
Female,22,CS,77.9,55.03,87.55,74.57,45.4,86.88,22.9,Yes,No,PhD,High,5,5.8,0
Female,23,Engineering,59.25,61.22,88.57,84.35,79.6,78.32,25.7,Yes,Yes,PhD,Medium,4,7.2,0
Female,22,Engineering,51.95,84.37,74.96,96.16,64.0,83.39,25.3,No,Yes,Bachelor's,High,10,4.6,0
Male,24,Business,51.8,69.65,67.69,86.69,19.0,76.64,17.2,Yes,Yes,PhD,High,1,8.7,1
Female,24,Business,91.58,41.72,96.67,98.06,27.7,57.38,14.2,Yes,Yes,Bachelor's,Medium,5,6.5,1
Female,20,Business,79.57,77.01,52.71,72.43,7.9,85.45,24.1,Yes,No,Bachelor's,Low,1,4.1,0
Male,24,Business,67.9,64.69,57.63,76.41,94.6,74.63,14.0,Yes,No,PhD,Medium,3,6.7,1
Female,20,CS,94.71,95.31,70.98,63.19,88.69999999999999,81.72,7.2,No,Yes,PhD,High,10,4.9,0
Female,23,Engineering,53.51,69.97,80.7,99.28,8.5,52.26,26.5,Yes,Yes,High School,Medium,1,5.0,1
Male,24,Engineering,99.02,82.54,50.41,52.76,57.400000000000006,57.1,14.9,Yes,No,Bachelor's,Low,10,7.0,1
Male,18,Engineering,80.81,53.13,85.97,67.93,96.0,79.47,8.3,Yes,Yes,Master's,Medium,3,5.1,1
Female,21,Engineering,59.17,85.66,77.94,64.88,74.7,72.97,21.2,Yes,Yes,Unknown,High,2,5.1,0
Female,19,Business,83.95,83.26,74.24,69.33,49.2,61.34,27.2,No,No,High School,High,4,6.7,0
Male,21,CS,88.17,94.24,71.17,95.89,24.1,62.04,26.5,Yes,Yes,Bachelor's,High,7,5.2,0
Male,21,Engineering,71.47,42.03,75.97,68.4,27.9,81.58,18.9,No,Yes,High School,High,1,4.6,1
Female,22,Mathematics,93.08,66.85,58.09,95.85,73.60000000000001,52.95,7.2,Yes,No,High School,Low,7,6.0,1
Female,20,CS,57.54,80.75,55.44,71.17,78.1,71.71,22.4,No,No,Unknown,Medium,6,4.3,0
Female,22,Mathematics,63.94,45.71,64.48,92.74,52.9,76.16,20.2,Yes,No,PhD,Medium,4,8.5,0
Male,23,CS,54.67,64.64,85.48,76.09,12.1,65.41,10.3,Yes,No,PhD,Medium,9,6.3,1
Female,19,CS,60.54,96.53,79.41,65.57,93.4,91.03,27.5,No,No,Unknown,Low,7,4.1,0
Male,23,CS,61.94,66.16,74.01,72.47,84.5,52.84,7.2,Yes,No,High School,Medium,10,5.1,1
Male,18,Mathematics,95.88,99.12,78.58,71.22,14.1,93.29,14.3,Yes,No,Bachelor's,Medium,10,8.8,0
Male,19,Engineering,53.91,43.41,77.96,63.0,5.699999999999999,86.16,7.4,No,Yes,PhD,Low,5,6.5,1
Female,22,Engineering,71.37,83.07,65.35,64.48,53.6,72.31,27.8,Yes,No,Master's,High,2,5.8,0
Female,24,Mathematics,76.62,74.86,54.87,59.32,28.4,96.22,5.9,Yes,No,Bachelor's,High,1,5.6,0
Female,24,Engineering,94.93,70.03,94.84,66.8,28.3,85.11,15.6,Yes,No,High School,Low,2,6.1,0
Male,22,Business,99.88,98.25,80.0,81.22,8.7,96.55,26.5,No,No,Master's,Low,9,5.1,0
Female,23,Engineering,87.67,47.78,84.89,69.33,95.3,73.63,11.3,No,No,Bachelor's,High,2,7.7,0
Male,22,Business,98.54,93.76,73.2,85.62,83.0,72.65,7.6,Yes,No,Unknown,Low,5,6.5,0
Male,22,Business,89.36,81.47,87.82,99.35,11.4,76.54,8.2,No,Yes,Master's,Medium,8,7.8,0
Male,21,Business,98.16,55.54,79.22,68.86,87.69999999999999,53.27,15.1,No,No,High School,Medium,8,5.3,1
Male,18,Mathematics,85.36,94.1,52.69,73.13,68.3,95.42,15.7,No,Yes,Master's,Low,9,4.0,0
Male,24,Engineering,53.99,65.76,94.5,58.21,32.5,83.39,23.0,No,No,Unknown,High,4,8.8,0
Male,21,Engineering,70.1,88.85,65.28,69.61,87.10000000000001,80.88,10.9,Yes,Yes,PhD,Medium,10,6.6,0
Female,22,Mathematics,82.33,63.33,56.89,86.34,59.8,96.32,22.5,Yes,Yes,PhD,High,7,4.4,0
Male,20,Mathematics,67.54,91.06,54.4,60.87,84.9,99.68,30.0,No,Yes,PhD,Medium,9,4.5,0
Female,21,Engineering,63.67,78.2,86.02,59.1,46.900000000000006,58.17,26.6,No,No,Unknown,High,7,6.2,1
Male,22,Mathematics,78.87,48.46,85.2,68.82,50.1,87.45,20.9,Yes,Yes,Bachelor's,Low,1,7.5,1
Female,24,Mathematics,96.68,78.98,85.01,90.93,29.1,79.0,28.5,No,Yes,Unknown,Medium,6,6.0,0
Female,22,Business,51.75,51.48,95.79,81.18,38.8,73.05,29.8,Yes,No,Master's,Medium,2,8.1,1
Female,18,Mathematics,88.46,64.72,67.45,97.88,56.8,98.88,19.3,Yes,No,Bachelor's,Medium,7,5.6,0
Female,23,Business,86.14,50.22,78.06,95.23,94.7,92.51,11.8,Yes,No,PhD,Low,9,4.2,0
Male,19,CS,98.2,41.32,80.97,57.56,60.0,84.84,27.9,Yes,Yes,Unknown,Low,7,4.0,1
Male,21,Business,96.54,52.71,98.97,52.13,14.7,69.13,26.1,Yes,No,High School,High,8,8.3,1
Male,21,Business,88.11,72.18,65.62,69.95,0.7000000000000001,83.3,7.1,Yes,Yes,PhD,High,2,8.9,0
Male,21,Mathematics,76.02,68.89,97.82,76.1,85.1,76.58,28.4,Yes,Yes,High School,High,10,4.7,0
Female,22,Engineering,60.21,70.09,57.44,75.78,36.4,62.47,14.2,Yes,No,Bachelor's,Medium,5,4.3,0
Female,18,CS,77.26,54.86,88.2,56.71,31.5,72.52,13.1,No,No,PhD,High,10,8.6,1
Female,22,CS,88.27,81.11,81.64,56.24,80.1,60.61,13.6,Yes,Yes,Unknown,High,1,4.5,1
Male,22,CS,94.78,82.26,90.84,52.34,94.5,75.02,13.0,No,Yes,High School,Medium,3,5.1,0
Female,23,Engineering,89.49,61.48,51.43,92.54,74.80000000000001,86.01,17.9,No,No,Unknown,High,1,8.0,1
Male,20,CS,59.76,92.87,53.91,97.39,17.4,51.83,19.5,No,Yes,PhD,Medium,2,9.0,0
Female,18,CS,79.98,78.64,53.48,55.78,39.1,88.27,15.6,No,No,Unknown,Medium,4,6.4,1
Female,21,Engineering,66.61,82.78,79.65,60.66,75.9,51.0,15.3,No,No,PhD,High,6,5.1,0
Female,19,CS,50.46,56.64,80.15,54.49,90.7,75.86,23.4,Yes,Yes,Master's,High,1,8.2,0
Female,21,Mathematics,60.01,40.04,95.31,93.88,99.9,78.67,5.1,Yes,No,Unknown,High,9,6.0,0
Female,22,Mathematics,55.66,91.92,73.38,97.94,51.2,88.06,28.7,Yes,Yes,Master's,Low,1,5.4,0
Male,18,Business,92.14,89.35,53.4,63.09,82.30000000000001,88.05,22.9,No,Yes,High School,High,8,6.5,0
Female,24,Business,62.93,47.39,60.48,65.18,4.699999999999999,70.87,22.7,Yes,No,Unknown,Low,1,8.3,1
Male,18,Business,64.23,62.45,50.4,68.13,28.6,53.32,15.5,No,Yes,Unknown,Medium,1,5.2,1
Male,18,Mathematics,98.0,79.68,88.84,75.12,37.2,84.68,29.1,Yes,No,High School,Medium,8,6.1,0
Male,20,Mathematics,68.95,79.13,90.78,84.12,97.6,75.55,5.0,No,No,Unknown,High,2,6.2,0
Male,21,Mathematics,50.48,91.62,99.9,75.22,0.3,66.65,6.9,No,No,PhD,High,1,8.2,0
Male,20,Business,64.19,48.42,70.61,97.55,30.8,61.74,25.1,No,No,Master's,High,7,7.4,1
Male,24,Business,55.96,65.8,50.96,54.99,93.0,55.99,23.5,Yes,No,Bachelor's,Low,1,7.9,1
Male,24,Business,55.14,45.83,61.74,89.93,30.7,64.76,11.8,No,No,PhD,Medium,4,7.5,1
Male,23,Business,53.87,63.38,79.39,66.72,22.5,72.92,19.9,Yes,No,Bachelor's,Low,10,7.0,1
Female,19,Business,79.66,40.91,98.1,68.88,73.0,73.88,18.3,Yes,No,High School,High,10,4.7,1
Female,23,Business,59.47,93.9,55.18,85.44,74.5,79.14,18.2,No,No,High School,Low,9,8.2,0
Male,22,Mathematics,68.06,71.62,56.08,96.47,47.2,68.12,19.9,No,Yes,Unknown,Medium,10,7.0,0
Male,20,Engineering,93.1,90.99,85.09,85.81,94.7,95.99,29.8,Yes,No,PhD,High,3,7.5,0
Male,20,Engineering,71.22,43.59,83.36,88.79,20.3,74.79,29.7,No,No,Bachelor's,Low,6,7.9,0
Female,23,Business,95.78,53.65,62.53,87.54,91.3,71.19,29.5,Yes,Yes,Master's,Medium,10,5.6,1
Female,22,Engineering,74.9,55.56,90.66,66.05,75.6,52.41,18.7,Yes,Yes,PhD,High,9,6.2,1
Male,18,Engineering,69.94,63.2,56.44,87.85,36.8,79.95,13.0,Yes,Yes,High School,High,4,6.7,1
Male,22,Mathematics,87.52,88.17,96.29,89.23,80.7,80.14,19.0,Yes,No,PhD,High,3,5.7,0
Female,21,Business,53.66,63.19,60.05,76.67,13.3,79.16,20.6,No,No,Master's,High,5,5.3,0
Female,23,Business,54.47,52.28,54.07,76.84,13.1,94.38,12.8,No,Yes,PhD,Low,7,7.9,1
Male,22,Engineering,82.6,43.9,66.98,87.99,93.0,88.15,20.8,Yes,No,Unknown,Low,5,7.8,1
Male,18,Business,74.35,44.77,59.39,90.85,9.5,93.37,20.5,No,Yes,Master's,High,4,8.2,0
Male,22,Business,89.52,85.6,76.35,66.86,0.4,52.97,27.6,No,Yes,Bachelor's,High,1,7.5,0
Male,20,Business,95.81,66.69,84.34,90.08,38.9,65.91,10.9,No,No,High School,Low,6,5.6,1
Female,19,Business,69.42,83.57,74.55,90.71,10.4,65.94,22.4,Yes,Yes,PhD,Low,4,5.6,0
Female,20,Engineering,79.82,80.94,83.03,61.71,86.30000000000001,82.85,16.3,Yes,No,Master's,High,6,6.6,0
Male,24,CS,75.03,48.12,68.25,85.85,92.3,72.43,8.2,Yes,No,Unknown,High,6,8.2,1
Male,19,Engineering,99.08,48.57,51.4,59.33,48.2,88.87,12.9,Yes,No,Unknown,Low,4,5.7,1
Male,24,Mathematics,91.55,85.32,98.7,54.65,42.5,69.22,6.4,No,Yes,Bachelor's,Low,8,7.8,0
Female,22,CS,95.59,83.28,90.97,78.73,53.9,61.08,13.0,Yes,No,High School,Low,4,5.5,0
Male,21,CS,62.72,62.68,53.67,95.43,22.6,64.55,6.7,Yes,No,Unknown,Low,5,5.7,1
Male,22,CS,88.63,44.65,72.46,51.77,29.8,59.12,28.1,No,No,High School,High,5,7.8,1
Male,18,Engineering,63.27,40.73,81.75,91.33,10.1,59.89,7.5,Yes,Yes,Master's,Low,2,7.4,1
Female,22,Mathematics,60.44,57.29,59.53,75.32,44.6,60.84,25.4,Yes,Yes,PhD,High,8,5.0,1
Male,19,Engineering,97.21,40.55,78.9,93.04,61.2,50.8,27.7,Yes,Yes,Bachelor's,Low,8,8.1,1
Female,20,Mathematics,50.97,53.8,76.68,92.17,93.0,85.8,16.7,Yes,Yes,Unknown,Low,10,7.9,0
Male,21,Engineering,98.27,65.17,60.41,93.76,73.89999999999999,69.98,6.3,Yes,Yes,PhD,Medium,8,8.0,1
Male,24,Engineering,57.46,47.28,57.06,88.44,72.30000000000001,51.13,19.9,No,Yes,Unknown,Medium,1,6.4,1
Male,22,Engineering,90.97,46.26,87.95,92.15,30.8,68.5,10.9,No,Yes,Bachelor's,Medium,7,5.6,1
Female,22,CS,63.8,93.79,66.13,58.8,88.80000000000001,95.27,9.4,Yes,No,Unknown,Low,3,8.2,0
Male,20,Engineering,67.54,75.13,62.2,65.19,94.7,75.56,19.2,No,Yes,Bachelor's,Medium,1,6.9,0
Male,21,Mathematics,60.84,96.07,86.89,62.12,93.2,99.34,13.9,No,Yes,PhD,Medium,5,8.7,0
Female,23,Mathematics,79.28,60.75,86.8,87.12,3.9,77.0,23.3,No,Yes,Master's,High,4,5.3,0
Female,24,Mathematics,67.4,80.63,63.82,57.68,60.4,98.14,19.8,Yes,Yes,Bachelor's,Medium,7,8.9,0
Female,22,CS,82.87,52.28,93.63,59.11,64.3,60.09,25.7,No,No,Master's,Medium,1,5.9,0
Male,22,Engineering,50.78,77.1,84.41,93.95,29.5,64.5,6.5,No,Yes,High School,High,1,5.9,1
Female,23,Engineering,53.22,47.78,67.29,85.29,99.2,85.0,10.9,No,No,PhD,Low,8,5.2,1
Male,24,Business,54.98,40.12,71.37,93.77,29.1,99.34,19.2,No,Yes,Bachelor's,Medium,4,8.8,0
Female,19,CS,70.95,95.89,86.34,56.97,21.7,91.26,27.0,Yes,Yes,PhD,High,9,4.2,0
Female,19,Mathematics,90.74,73.29,60.58,69.95,48.4,77.69,25.3,Yes,No,Master's,High,10,6.4,1
Female,18,Mathematics,94.41,95.62,73.44,64.16,32.3,54.26,22.0,No,Yes,Master's,Medium,10,5.8,1
Male,20,Engineering,62.24,60.03,82.68,50.48,92.4,68.22,19.4,No,Yes,PhD,High,5,4.8,1
Male,21,Mathematics,78.72,59.67,76.97,64.23,44.0,54.32,20.8,Yes,Yes,PhD,Medium,6,7.6,1
Male,22,Engineering,88.42,64.04,80.42,68.98,41.0,65.56,10.3,Yes,No,Master's,Low,2,8.5,0
Male,24,Engineering,64.44,82.36,77.31,54.61,62.6,62.94,19.9,No,Yes,PhD,Medium,3,5.2,1
Male,22,Business,70.45,73.95,59.96,78.32,8.100000000000001,69.43,17.3,No,No,Master's,Low,7,6.5,1
Male,18,CS,76.2,95.52,70.51,69.16,75.7,91.86,14.6,No,Yes,High School,High,7,6.9,0
Male,24,Engineering,56.74,41.53,76.6,52.32,76.8,57.52,27.2,No,No,Master's,High,6,6.0,1
Male,24,Engineering,51.3,82.49,89.0,85.2,47.400000000000006,65.3,25.7,No,Yes,Unknown,Low,4,8.6,0
Male,22,Engineering,57.64,59.82,82.7,86.46,95.6,63.06,6.9,Yes,Yes,Master's,Medium,10,6.3,1
Female,20,Business,81.34,50.81,71.33,91.72,57.9,64.81,29.6,Yes,No,High School,Medium,4,8.9,0
Female,18,Engineering,53.68,70.62,98.72,74.28,69.5,68.03,10.7,No,No,Master's,Medium,8,5.5,0
Male,20,CS,59.48,70.3,55.39,98.43,92.4,62.22,10.4,No,Yes,PhD,High,9,4.4,1
Male,18,CS,66.89,48.22,60.34,95.7,66.6,97.13,28.6,Yes,Yes,High School,High,8,6.9,0
Male,22,Mathematics,53.89,52.11,67.07,77.57,43.2,71.01,16.1,No,No,Bachelor's,Low,8,8.1,1
Male,18,CS,59.58,64.49,61.43,72.25,2.5,55.71,25.1,Yes,No,Master's,Medium,5,5.9,1
Female,19,Mathematics,95.56,64.53,81.27,50.15,72.8,73.38,12.2,No,Yes,PhD,High,2,4.9,1
Female,24,CS,50.96,59.05,51.98,85.55,96.5,59.22,26.8,No,Yes,Bachelor's,High,10,7.7,1
Male,21,Mathematics,82.67,48.91,58.87,78.25,47.0,60.81,25.8,Yes,No,Bachelor's,High,2,5.4,1
Female,22,Engineering,69.22,40.26,64.67,96.88,34.0,64.25,18.0,Yes,Yes,Bachelor's,Low,2,7.8,1
Female,23,Business,83.63,98.21,84.17,79.71,51.900000000000006,56.24,22.6,No,No,Unknown,High,6,5.3,0
Male,21,Business,79.43,96.61,93.79,99.64,72.8,86.06,29.1,Yes,Yes,PhD,Low,10,6.8,0
Male,22,Business,61.17,69.02,89.92,92.69,0.1,89.6,16.3,Yes,Yes,Unknown,Low,5,8.4,0
Male,21,Engineering,92.36,99.7,59.1,97.68,88.69999999999999,69.71,17.4,Yes,Yes,PhD,Low,4,5.0,0
Male,19,Business,74.6,80.42,78.27,66.38,88.6,84.45,23.1,No,Yes,PhD,Medium,4,8.1,0
Female,21,CS,91.13,44.13,51.5,57.47,54.1,69.45,14.7,No,Yes,High School,Medium,8,5.3,1
Male,18,Mathematics,70.3,47.06,65.53,89.84,12.2,58.2,29.0,Yes,No,Bachelor's,High,10,7.3,1
Female,21,Engineering,99.23,94.97,90.3,89.31,67.2,69.86,6.0,No,No,Master's,Medium,2,5.2,0
Male,22,Business,88.52,77.8,72.83,60.57,13.8,77.85,15.1,Yes,No,High School,Medium,5,4.6,0
Female,23,CS,98.3,90.59,57.5,88.24,50.8,52.05,22.8,Yes,Yes,Master's,High,7,7.3,0
Male,23,CS,75.72,93.9,71.93,79.1,9.4,82.72,15.7,Yes,No,Bachelor's,Low,7,7.0,0
Male,20,Engineering,73.68,66.88,59.9,55.48,58.9,87.13,11.5,Yes,Yes,PhD,Low,8,6.0,0
Female,24,Engineering,87.77,42.91,69.66,75.09,31.8,93.0,15.3,Yes,Yes,High School,High,3,4.2,1
Female,21,Business,94.01,51.3,74.39,96.56,83.10000000000001,55.14,27.0,No,Yes,Unknown,High,2,6.4,0
Female,23,Mathematics,98.21,43.99,67.48,75.32,80.0,50.0,18.7,No,Yes,PhD,Medium,8,4.7,1
Male,21,Business,66.23,51.32,96.85,89.43,99.8,53.66,13.4,No,No,Unknown,Low,9,5.8,1
Female,24,Business,89.94,64.63,78.13,51.45,25.8,96.21,21.8,No,Yes,PhD,Medium,1,6.9,0
Female,23,Engineering,60.53,47.09,92.14,86.4,6.2,88.28,20.3,Yes,Yes,PhD,Low,9,8.7,0
Female,24,Business,77.28,50.0,88.04,97.34,44.3,91.77,19.0,No,No,Bachelor's,Low,8,6.6,0
Female,21,Business,58.99,66.75,83.06,74.98,8.299999999999999,75.85,14.8,Yes,Yes,High School,Medium,7,5.0,1
Female,22,Mathematics,67.37,60.41,74.84,66.89,17.8,76.34,6.8,Yes,No,Master's,Low,8,8.7,1
Female,21,CS,96.57,68.06,50.11,82.33,59.7,64.93,20.5,Yes,No,Bachelor's,Low,3,4.1,1
Female,24,CS,57.3,65.75,80.67,95.81,59.2,92.14,15.5,No,No,Master's,Low,2,7.2,0
Female,22,Mathematics,81.62,78.67,67.8,58.84,4.3,91.49,15.7,No,No,PhD,Medium,4,5.3,1
Female,22,CS,79.65,96.23,55.89,70.18,44.3,69.61,10.9,Yes,Yes,Unknown,Medium,7,7.8,1
Male,20,Business,56.04,46.47,72.23,57.81,53.0,66.46,11.2,No,No,Master's,High,2,5.7,1
Male,23,Mathematics,66.3,45.96,86.78,74.83,26.8,86.92,24.7,No,Yes,Unknown,Low,7,6.1,0
Female,18,Mathematics,78.15,91.17,98.08,77.02,87.2,51.31,17.0,Yes,Yes,Master's,Low,7,7.9,1
Male,22,Engineering,59.36,70.38,68.71,97.21,16.1,93.0,7.7,No,No,Unknown,Low,10,8.5,0
Male,24,CS,90.03,85.98,77.14,70.63,25.4,72.31,6.1,No,Yes,Bachelor's,Medium,9,4.9,1
Female,23,Engineering,98.61,52.93,92.56,78.35,15.7,72.07,10.6,No,Yes,Master's,Low,3,5.5,1
Female,19,Business,60.74,89.73,66.7,94.26,11.7,83.45,17.2,Yes,No,Bachelor's,Medium,9,4.0,0
Female,21,Mathematics,59.35,95.43,57.11,66.07,87.89999999999999,82.29,20.4,Yes,No,Bachelor's,Medium,7,8.3,0
Female,24,Business,72.75,78.13,64.09,83.71,27.8,63.3,8.6,No,Yes,Unknown,Medium,8,8.7,1
Female,19,CS,87.39,46.35,94.96,87.86,72.30000000000001,97.16,15.8,No,No,Master's,Medium,3,5.4,0
Female,24,Engineering,64.08,93.72,57.97,66.53,42.8,99.32,6.8,No,Yes,Master's,High,5,5.9,0
Male,21,CS,50.99,87.55,66.46,58.22,63.6,76.3,5.9,No,No,High School,Medium,7,6.1,1
Female,20,Business,77.06,85.05,73.23,75.15,92.8,78.07,26.6,No,No,Unknown,High,8,6.0,0
Male,24,Engineering,97.83,42.2,92.36,67.84,84.5,77.72,21.5,No,Yes,Master's,Medium,6,6.0,1
Female,22,CS,69.56,87.94,96.89,63.32,6.9,74.29,24.5,Yes,Yes,PhD,Medium,6,6.4,0
Female,18,Business,71.01,48.28,71.29,98.67,84.5,97.26,9.5,No,Yes,High School,Low,5,4.8,0
Male,22,CS,98.45,53.34,96.6,75.11,45.2,62.24,13.1,Yes,No,Master's,Medium,4,4.3,1
Female,21,Mathematics,84.73,74.63,58.07,92.82,35.0,55.4,16.1,No,No,Unknown,Low,7,7.6,1
Female,24,Engineering,85.96,55.9,57.84,59.77,67.2,96.48,21.5,Yes,Yes,PhD,Medium,10,8.2,0
Male,18,Engineering,78.14,79.68,97.46,96.97,95.0,60.65,18.4,Yes,No,Master's,High,5,8.1,0
Female,22,Engineering,98.73,76.48,75.48,89.72,9.4,87.46,18.8,Yes,Yes,Bachelor's,High,8,7.1,0
Male,18,Mathematics,84.44,46.49,59.3,90.43,76.8,60.19,8.9,No,No,Bachelor's,High,1,8.8,1
Female,21,Engineering,94.75,79.36,74.4,69.49,20.4,98.01,16.9,Yes,Yes,PhD,Medium,8,4.0,0
Female,20,Mathematics,84.97,95.44,89.16,74.28,38.0,89.56,25.6,Yes,Yes,PhD,Low,5,5.6,0
Male,20,Engineering,86.76,49.67,91.35,79.67,87.4,95.94,17.7,Yes,No,PhD,Medium,4,5.6,0
Female,24,CS,64.52,75.82,93.2,89.49,54.6,97.55,10.0,Yes,No,PhD,Low,6,5.7,0
Male,22,CS,65.17,60.51,78.48,92.45,6.7,54.22,15.3,No,No,Unknown,High,7,8.0,1
Male,19,CS,89.15,67.58,93.35,53.9,50.8,71.67,23.9,Yes,Yes,Bachelor's,Low,3,5.8,1
Male,21,CS,64.84,57.22,75.5,95.2,79.0,82.41,8.4,Yes,Yes,Master's,High,4,6.6,0
Female,22,Mathematics,78.14,61.25,80.35,96.87,52.9,90.12,19.5,Yes,No,Master's,Low,7,7.1,0
Female,22,Business,62.47,41.73,87.94,79.64,16.7,62.07,29.1,Yes,Yes,Bachelor's,Low,7,8.2,1
Male,20,Business,90.85,98.89,71.27,59.34,44.5,95.73,14.5,Yes,Yes,Master's,Low,3,7.1,0
Female,24,CS,55.53,77.49,53.68,90.92,92.4,61.05,6.1,No,No,Bachelor's,High,9,5.9,0
Female,18,Business,91.47,70.04,67.51,77.43,65.8,93.31,20.8,Yes,No,High School,High,3,7.5,0
Female,21,Business,80.14,63.02,81.2,90.86,73.0,75.64,6.2,No,No,Bachelor's,High,8,6.6,0
Male,18,Engineering,59.35,72.36,59.62,90.74,78.60000000000001,75.77,9.8,No,Yes,Master's,High,8,6.6,0
Female,23,Mathematics,77.1,62.81,57.42,54.34,9.1,68.7,6.2,Yes,Yes,High School,Low,3,5.7,1
Male,23,CS,64.12,61.59,64.65,80.35,58.2,55.18,9.3,No,Yes,Master's,High,7,4.0,1
Female,21,Business,66.17,67.84,51.61,74.16,37.6,67.35,26.4,No,Yes,Unknown,Medium,3,5.8,1
Female,24,Business,67.58,56.56,87.17,97.31,13.9,71.34,23.4,Yes,Yes,Master's,Low,2,5.5,1
Male,19,CS,53.17,50.8,62.94,64.83,20.3,73.95,13.5,Yes,No,High School,Medium,7,4.5,1
Female,23,Engineering,99.3,73.4,56.21,60.3,78.1,86.95,27.4,Yes,Yes,Bachelor's,High,8,5.0,0
Male,20,CS,51.58,90.57,84.96,94.85,16.1,67.6,21.6,No,Yes,Master's,Low,9,8.9,0
Female,19,Engineering,83.12,49.17,92.15,57.44,31.200000000000003,70.33,16.2,Yes,No,Bachelor's,High,1,5.4,1
Male,22,Business,68.56,41.96,50.99,84.33,28.5,95.3,6.7,No,Yes,Master's,Low,9,6.6,0
Female,23,Mathematics,82.3,54.81,61.68,65.0,4.9,87.63,23.3,Yes,Yes,PhD,Low,2,6.7,1
Female,20,Engineering,67.81,98.78,97.26,78.39,46.2,51.14,14.4,Yes,No,Master's,High,3,6.8,0
Female,22,Engineering,83.69,89.73,69.26,80.81,76.6,90.6,12.6,No,No,PhD,High,8,4.2,0
Male,19,CS,86.46,75.75,96.93,70.87,2.2,99.5,12.2,Yes,Yes,Master's,Low,2,7.9,0
Male,21,Business,84.53,95.75,63.71,98.75,11.3,96.99,5.2,No,No,Master's,Medium,7,7.7,0
Male,22,Mathematics,55.7,66.72,60.9,56.59,72.0,91.8,23.6,No,Yes,PhD,Low,8,8.9,1
Female,18,CS,82.84,99.0,60.71,69.57,59.400000000000006,81.46,8.6,Yes,No,Unknown,High,10,4.9,0
Male,21,CS,64.0,57.78,54.26,71.52,71.5,63.91,18.0,No,Yes,Bachelor's,High,5,6.8,0
Male,21,Mathematics,51.44,54.42,94.82,81.55,23.0,82.72,5.4,Yes,No,High School,Medium,3,8.0,0
Male,19,Business,70.74,78.28,98.99,70.36,80.39999999999999,84.78,20.7,Yes,No,Master's,Medium,9,4.6,0
Male,19,Mathematics,71.68,62.69,97.73,54.85,48.0,64.08,14.2,Yes,Yes,High School,Low,8,7.9,1
Male,20,CS,73.36,77.58,92.6,97.37,61.0,62.77,20.8,No,Yes,Unknown,Low,3,5.3,0
Male,20,CS,85.24,58.3,92.34,70.8,9.2,69.85,7.2,No,No,Master's,Medium,8,5.4,1
Male,18,Engineering,65.44,77.08,83.05,67.13,20.5,82.06,11.7,No,Yes,PhD,Low,3,8.7,0
Male,21,Mathematics,65.76,56.54,91.31,72.34,77.30000000000001,64.65,7.8,Yes,Yes,PhD,High,6,5.6,0
Male,24,Mathematics,53.03,43.06,60.42,60.83,22.4,77.78,21.2,Yes,Yes,Master's,Low,1,6.9,1
Male,18,Mathematics,84.34,94.73,69.4,55.01,9.3,94.96,7.7,Yes,No,PhD,Low,4,6.2,0
Female,18,CS,78.39,92.99,82.04,57.43,59.7,64.76,20.4,No,Yes,Unknown,Medium,8,4.4,0
Female,24,Business,67.47,98.25,93.74,58.33,54.8,98.3,8.4,No,No,Bachelor's,High,6,8.8,0
Male,24,CS,85.26,82.99,83.02,59.88,60.8,73.67,28.6,Yes,Yes,Bachelor's,Low,5,5.1,0
Female,24,Engineering,76.87,80.96,91.95,71.0,61.8,55.05,15.4,Yes,Yes,Unknown,Low,6,5.3,1
Female,19,CS,73.46,73.54,73.7,81.19,50.0,52.75,8.2,No,Yes,PhD,High,7,5.9,1
Male,18,CS,75.57,47.56,85.87,81.44,49.400000000000006,66.93,6.0,No,No,Bachelor's,High,1,6.5,1
Male,18,CS,81.82,51.35,99.0,50.0,92.4,62.94,13.2,No,No,PhD,High,3,4.7,1
Male,22,Engineering,83.0,57.37,57.67,96.05,53.4,92.19,27.3,No,Yes,PhD,Low,1,7.1,0
Female,24,Mathematics,64.45,93.41,96.35,91.14,61.7,86.88,8.6,Yes,No,High School,Medium,9,6.6,0
Male,24,Business,57.04,50.38,76.12,98.2,26.7,94.23,24.8,No,Yes,Bachelor's,Low,4,5.5,0
Female,20,Business,57.83,95.37,82.16,68.0,87.10000000000001,79.46,15.4,No,No,PhD,Low,2,7.5,0
Male,20,Engineering,81.97,71.37,93.89,83.24,2.4,71.77,25.1,Yes,Yes,High School,High,5,6.6,0
Female,21,Mathematics,93.64,82.93,70.48,58.4,55.7,63.53,26.9,Yes,No,Unknown,High,2,8.2,1
Female,20,Mathematics,70.47,46.61,70.93,90.85,38.4,79.16,29.9,Yes,Yes,Bachelor's,Low,7,8.3,1
Male,23,Engineering,58.48,56.14,76.36,58.07,60.4,80.9,6.7,Yes,No,Unknown,High,4,8.9,0
Male,21,CS,87.83,97.51,50.96,66.3,36.0,69.65,24.9,No,Yes,Unknown,Low,5,4.3,0
Female,24,Mathematics,91.62,55.97,74.83,74.54,71.8,96.83,6.7,Yes,Yes,Master's,High,9,6.0,0
Female,22,Business,94.03,57.79,64.55,79.73,2.0,82.0,12.9,No,Yes,Bachelor's,Medium,2,6.5,1
Male,20,Engineering,80.34,51.86,96.4,77.98,40.6,91.87,21.2,No,No,Unknown,Low,5,5.2,0
Male,22,Business,93.04,47.74,54.39,55.1,83.10000000000001,81.02,16.2,No,Yes,Unknown,Low,4,8.6,0
Female,20,CS,50.77,54.0,72.97,71.08,25.0,65.83,19.1,Yes,No,Unknown,High,3,4.4,1
Male,20,Engineering,55.36,78.54,97.37,96.15,5.300000000000001,86.83,29.2,Yes,Yes,PhD,Low,1,6.1,0
Female,22,Business,54.63,67.32,95.05,93.62,49.7,61.51,25.5,No,No,Bachelor's,Low,6,4.9,0
Male,18,Business,85.63,73.23,85.07,79.54,97.7,79.83,14.1,No,Yes,Bachelor's,Low,7,7.4,0
Male,18,CS,53.48,47.34,79.47,78.62,6.4,70.12,20.0,Yes,No,Bachelor's,High,1,7.5,1
Male,18,Engineering,74.82,88.13,64.04,55.58,7.0,57.49,6.2,Yes,Yes,Bachelor's,High,6,8.4,1
Female,23,Mathematics,73.64,87.05,68.35,60.01,59.5,70.66,16.3,No,Yes,Bachelor's,Low,1,6.0,1
Male,18,Mathematics,65.54,41.3,54.51,62.63,25.0,65.51,20.2,Yes,Yes,Unknown,Medium,6,7.9,1
Female,20,Business,93.52,63.01,89.31,74.41,41.0,55.61,22.9,Yes,No,High School,Medium,4,6.7,0
Male,24,CS,58.52,44.13,66.19,86.57,83.10000000000001,91.19,27.5,No,Yes,Master's,Low,6,8.1,0
Female,19,Business,67.62,87.53,83.39,73.04,19.9,74.93,12.1,Yes,No,Bachelor's,Medium,1,4.4,0
Female,22,CS,88.71,84.24,67.88,56.3,71.9,67.32,27.6,No,No,PhD,Low,1,6.3,0
Male,24,Mathematics,51.52,94.12,73.22,71.97,50.4,75.25,21.5,Yes,No,High School,High,3,4.8,0
Female,19,Business,83.65,54.18,77.75,58.13,90.5,87.73,6.9,No,Yes,PhD,Medium,6,8.0,0
Female,24,Business,90.82,67.38,90.09,87.56,97.3,50.91,14.5,No,No,Unknown,Medium,3,4.8,1
Female,23,CS,96.61,51.07,60.56,58.33,48.5,77.34,16.9,Yes,No,Master's,Low,7,4.0,1
Female,19,Engineering,93.81,62.27,69.94,74.13,58.5,73.96,13.8,Yes,No,Unknown,Low,4,8.6,0
Male,21,CS,65.97,71.33,56.5,84.67,74.6,94.65,7.9,Yes,No,Unknown,High,9,6.4,0
Male,18,Engineering,79.32,43.2,53.79,61.41,31.9,77.8,18.8,No,Yes,Bachelor's,Medium,7,8.9,1
Male,23,Mathematics,53.86,82.89,80.23,53.8,22.7,56.87,8.3,Yes,Yes,PhD,Medium,4,6.3,0
Female,24,Business,62.89,72.6,59.45,78.16,96.5,69.43,27.9,No,No,Bachelor's,Medium,9,7.0,0
Female,20,Business,54.71,89.74,52.99,52.71,43.3,81.05,26.6,No,No,Unknown,Medium,5,7.7,1
Male,18,CS,65.76,56.31,94.85,79.39,0.2,52.3,16.9,Yes,No,Master's,Low,4,5.4,1
Male,18,CS,93.76,94.2,76.72,87.67,83.80000000000001,94.23,6.7,No,No,High School,High,2,4.7,0
Female,19,Mathematics,67.36,99.92,56.73,66.47,60.0,53.39,18.8,No,No,Unknown,Medium,9,7.3,1
Male,21,Mathematics,78.09,95.16,52.67,74.42,16.9,51.53,19.8,No,No,Unknown,High,10,6.6,1
Male,18,Engineering,71.67,86.67,55.99,96.44,3.0,50.1,27.2,Yes,No,Unknown,Low,8,8.1,0
Female,24,Mathematics,72.95,88.74,73.57,73.56,29.1,84.19,6.7,Yes,No,PhD,Low,6,4.2,1
Male,24,Mathematics,98.48,74.42,83.42,99.83,92.8,72.8,22.3,Yes,Yes,High School,Low,1,6.7,0
Female,22,Mathematics,64.81,51.41,82.06,57.85,93.3,55.14,19.1,Yes,No,Master's,High,8,4.9,1
Male,22,Mathematics,81.37,80.62,57.22,85.45,31.1,92.81,9.4,Yes,No,Unknown,High,4,7.1,0
Female,18,Engineering,71.0,82.77,81.67,82.63,83.6,60.14,8.0,Yes,No,High School,Medium,1,7.8,0
Female,19,Mathematics,53.06,99.12,70.24,93.62,44.2,66.32,22.3,Yes,Yes,Unknown,High,3,5.3,0
Female,19,Engineering,74.47,72.48,73.24,54.62,65.4,58.89,13.5,Yes,Yes,High School,High,6,6.4,1
Female,20,CS,90.67,56.28,90.07,64.01,33.4,96.34,30.0,No,No,High School,Medium,2,6.1,0
Female,23,Business,54.94,81.02,66.62,56.61,51.6,87.9,27.4,No,No,PhD,Low,8,7.8,0
Male,23,CS,53.48,98.76,57.35,96.65,29.4,86.2,19.1,Yes,Yes,PhD,Low,5,7.0,0
Male,23,Mathematics,57.68,50.63,93.67,71.33,6.1,52.2,21.0,No,No,High School,High,5,4.6,1
Male,21,Business,88.22,59.56,60.61,95.5,13.9,76.14,9.0,No,No,Bachelor's,Medium,1,8.9,1
Female,19,Mathematics,86.2,72.51,64.7,64.72,29.1,78.77,27.4,Yes,Yes,Unknown,High,9,8.6,1
Male,20,Mathematics,78.25,50.21,85.33,56.32,97.6,69.13,16.5,Yes,Yes,PhD,High,2,6.9,0
Female,22,CS,73.41,41.33,84.18,64.83,96.6,66.09,18.0,Yes,Yes,High School,Low,9,7.9,0
Female,24,Mathematics,94.42,60.22,90.02,79.86,82.8,92.6,26.8,Yes,No,Bachelor's,Medium,10,4.1,0
Male,23,CS,88.33,91.92,59.19,92.26,23.3,51.15,5.2,Yes,No,High School,High,10,5.0,0
Female,22,Mathematics,90.6,42.61,67.61,69.27,44.2,81.27,17.4,Yes,Yes,Master's,High,1,7.8,0
Male,22,Engineering,90.66,65.74,56.29,95.74,44.0,69.71,20.7,Yes,No,High School,High,10,4.5,1
Female,18,Business,82.14,85.73,77.05,62.21,38.7,83.3,9.0,No,No,Master's,Low,8,4.2,0
Female,21,CS,72.9,97.19,64.63,84.68,4.5,59.9,6.7,Yes,No,PhD,Low,3,7.1,1
Male,20,CS,93.23,99.13,84.45,86.79,53.5,61.93,18.4,No,Yes,PhD,High,3,4.2,0
Female,21,Business,96.3,65.32,50.02,63.7,7.3,79.34,18.7,No,Yes,High School,Medium,7,4.9,1
Male,18,CS,51.19,97.02,52.98,51.35,80.19999999999999,99.0,13.3,Yes,Yes,PhD,Low,7,4.4,0
Female,20,Business,52.58,42.13,71.63,68.26,69.1,98.73,27.1,Yes,Yes,High School,High,7,6.7,0
Male,20,Engineering,97.94,84.76,97.91,52.26,35.3,62.45,12.5,No,No,High School,Low,7,7.4,0
Female,19,Mathematics,63.86,78.56,94.54,95.04,64.7,55.12,17.9,Yes,Yes,Master's,Low,3,4.9,0
Male,21,Engineering,93.67,54.97,99.7,97.68,23.3,79.52,9.7,No,Yes,Unknown,High,8,6.3,0
Male,21,Mathematics,69.44,70.44,70.84,86.77,26.5,71.0,5.3,No,No,High School,Low,1,4.1,0
Female,19,Business,55.96,47.77,52.33,86.33,31.4,88.08,15.7,No,No,Unknown,Low,3,5.3,0
Male,22,Engineering,54.02,92.3,65.3,62.04,79.7,76.4,18.2,No,Yes,Bachelor's,High,8,4.9,0
Female,18,Mathematics,57.83,61.47,83.79,53.7,21.1,75.53,24.1,No,Yes,PhD,Low,2,4.8,1
Female,21,Business,62.49,77.56,56.76,90.11,56.3,82.32,16.2,Yes,Yes,Bachelor's,High,7,5.1,0
Male,19,Mathematics,74.43,49.53,65.0,77.96,20.0,56.32,12.0,No,No,Bachelor's,High,4,8.0,1
Male,24,CS,85.07,52.37,52.81,84.08,28.5,83.86,20.1,No,Yes,High School,High,6,8.7,0
Male,20,CS,99.32,99.52,73.75,88.98,23.5,74.43,14.5,Yes,Yes,Bachelor's,Low,9,7.5,0
Male,23,Business,72.08,85.19,60.45,70.47,64.5,91.01,10.8,No,Yes,High School,Medium,8,4.4,0
Male,24,Mathematics,75.91,97.72,54.56,57.23,52.7,56.94,27.8,Yes,No,PhD,Medium,4,7.1,0
Female,19,CS,76.09,57.75,70.56,89.75,72.1,65.04,18.4,Yes,Yes,PhD,Low,7,7.7,1
Male,23,Engineering,76.97,49.87,67.56,72.69,22.0,97.51,10.0,No,No,Bachelor's,Low,3,4.6,1
Female,22,Mathematics,75.89,70.18,76.88,91.35,0.8999999999999999,77.65,21.8,Yes,No,High School,High,9,5.5,0
Male,18,Mathematics,50.44,69.68,87.45,71.88,68.1,96.47,25.1,No,No,Master's,Medium,2,6.1,0
Male,23,CS,50.09,50.5,55.63,60.85,11.5,84.45,24.0,No,No,Master's,Medium,6,5.6,1
Male,22,CS,54.88,83.99,89.56,58.55,24.6,96.32,20.0,No,Yes,Unknown,Low,5,6.6,0
Female,23,Business,55.08,61.71,51.31,87.2,30.6,65.89,18.0,No,No,Unknown,High,4,4.7,1
Male,20,Mathematics,85.24,51.18,72.16,78.74,74.7,54.53,24.4,No,Yes,Unknown,Low,2,6.2,1
Female,20,Engineering,60.25,59.92,79.37,70.23,62.6,90.11,22.7,Yes,No,Bachelor's,Low,9,7.7,0
Female,20,CS,94.74,73.82,97.85,74.61,18.4,90.22,19.3,Yes,No,High School,Medium,5,6.3,0
Female,20,Mathematics,96.43,83.59,78.7,77.48,59.8,80.94,21.4,No,No,Unknown,Low,1,5.1,0
Male,19,CS,98.79,68.91,57.94,61.97,70.8,78.98,9.2,No,No,High School,Medium,5,8.0,0
Female,20,Business,96.95,71.54,75.88,68.91,38.9,95.75,5.5,No,Yes,Bachelor's,Low,7,6.0,0
Male,24,Mathematics,63.59,48.34,69.79,64.62,24.6,58.82,28.3,No,Yes,High School,Medium,3,6.1,1
Female,20,Mathematics,75.49,94.88,73.97,69.42,67.9,80.83,28.4,Yes,No,High School,Medium,7,5.8,0
Male,24,Business,58.77,95.72,59.85,75.03,61.1,52.49,24.7,No,No,Bachelor's,Medium,6,5.4,1
Female,19,Engineering,90.31,81.01,75.04,58.67,7.800000000000001,57.04,14.3,No,Yes,Master's,Medium,7,7.0,1
Male,20,CS,94.42,41.06,57.5,69.68,66.7,71.86,8.8,Yes,No,High School,High,9,4.9,1
Male,22,Business,92.56,72.22,87.2,69.27,48.9,91.06,13.9,Yes,Yes,High School,Medium,2,7.8,0
Male,22,Mathematics,71.67,77.75,79.7,64.3,75.3,86.66,23.2,Yes,Yes,PhD,High,2,6.4,0
Female,21,Business,87.93,99.68,53.93,99.92,19.1,98.7,13.4,Yes,No,PhD,High,1,8.4,0
Female,22,Mathematics,54.88,99.76,94.48,53.68,25.8,52.24,24.9,Yes,No,Unknown,Low,2,8.7,1
Male,18,Business,52.01,91.46,80.82,82.15,54.3,69.07,21.8,No,Yes,Unknown,Medium,3,5.9,0
Female,18,Engineering,87.66,43.83,65.81,58.72,48.2,57.94,20.7,No,No,Bachelor's,Low,7,4.8,1
Female,18,Mathematics,71.27,97.2,52.28,91.98,38.6,51.85,28.3,No,Yes,Bachelor's,Low,3,6.5,1
Female,19,Business,99.78,76.76,81.61,95.71,74.6,63.22,27.3,No,No,PhD,Medium,8,5.4,0
Female,22,Engineering,54.86,88.05,68.67,70.07,56.5,62.22,22.8,Yes,No,PhD,Medium,3,6.1,0
Female,24,Engineering,92.78,64.43,95.38,91.17,71.0,71.0,10.0,Yes,Yes,Unknown,Low,2,5.9,0
Female,18,CS,74.0,59.18,51.74,62.5,15.3,57.0,28.5,Yes,Yes,PhD,Low,10,6.3,1
Female,21,Mathematics,91.36,67.79,51.96,57.0,72.9,74.43,10.7,Yes,Yes,High School,Medium,10,6.5,0
Male,19,CS,90.86,48.81,97.46,65.79,46.2,96.0,14.3,Yes,No,High School,High,4,7.1,0
Male,21,Engineering,95.8,61.42,98.24,67.08,3.4000000000000004,87.41,25.7,No,Yes,PhD,High,4,4.0,0
Female,22,CS,64.89,91.46,51.39,69.87,23.4,92.11,10.2,No,No,Bachelor's,Low,5,5.3,0
Male,20,CS,97.49,42.28,85.8,68.65,2.6,90.24,21.0,No,Yes,Unknown,High,5,4.9,1
Male,21,Business,57.58,49.05,61.07,70.56,45.7,69.48,16.4,Yes,No,High School,Low,3,7.6,0
Male,20,CS,54.1,47.51,85.07,85.5,32.599999999999994,85.45,20.6,No,Yes,Bachelor's,Medium,1,8.2,1
Female,19,Engineering,71.58,64.18,93.44,62.28,98.7,87.71,29.0,No,Yes,PhD,Low,8,7.6,0
Female,21,CS,91.42,99.82,55.04,50.93,86.89999999999999,60.28,25.2,No,Yes,Unknown,High,10,8.9,1
Female,21,Mathematics,73.67,50.4,61.94,74.48,82.6,93.01,12.4,Yes,No,Unknown,High,2,4.4,0
Female,23,Business,91.46,48.73,51.2,72.41,50.1,72.89,6.4,Yes,Yes,Bachelor's,High,5,6.3,1
Female,19,Engineering,86.48,94.9,52.19,53.0,80.7,50.82,29.2,Yes,No,Bachelor's,Medium,2,8.5,0
Male,19,CS,60.47,92.92,51.48,56.69,26.7,82.17,19.6,No,No,Bachelor's,Medium,6,5.6,0
Female,18,Mathematics,97.44,41.93,90.03,75.5,56.1,83.84,9.3,No,Yes,PhD,Medium,7,8.0,0
Male,22,Engineering,53.04,85.1,64.91,61.74,39.3,77.59,20.7,Yes,Yes,PhD,High,7,6.8,0
Female,21,CS,94.91,79.33,74.66,93.88,17.1,60.62,6.1,No,Yes,Bachelor's,Medium,1,8.9,1
Male,21,Business,65.22,86.06,89.39,58.66,7.3,74.11,9.7,No,No,PhD,Medium,9,5.9,1
Female,24,CS,75.01,69.67,74.75,51.01,55.8,70.01,20.8,No,No,Unknown,Medium,1,6.1,0
Female,19,Engineering,71.12,99.48,71.46,72.38,9.8,98.73,15.1,No,Yes,Master's,Low,8,4.8,0
Female,19,Engineering,58.59,42.63,50.58,99.31,71.8,91.23,13.1,Yes,No,PhD,High,1,4.8,0
Female,22,Engineering,67.91,54.06,78.4,81.69,92.1,88.09,21.4,No,Yes,Unknown,High,3,8.3,0
Female,19,Mathematics,59.65,63.79,56.24,67.7,16.200000000000003,59.05,26.7,Yes,No,Master's,High,10,6.0,1
Female,20,CS,60.19,66.99,88.23,50.84,47.1,66.55,22.0,Yes,Yes,Master's,Medium,4,7.1,0
Male,20,CS,59.35,95.28,62.89,74.25,73.89999999999999,68.99,16.6,No,No,Bachelor's,Medium,9,7.8,0
Female,23,CS,74.45,73.6,83.71,60.32,28.700000000000003,74.63,21.5,Yes,No,Bachelor's,Medium,8,6.2,1
Male,20,Business,89.9,42.71,82.31,82.39,92.1,51.51,22.4,Yes,Yes,Unknown,Low,5,8.8,1
Female,20,Mathematics,78.45,64.47,80.83,79.15,88.80000000000001,79.65,24.4,No,No,Bachelor's,Low,4,8.7,0
Male,22,Mathematics,94.66,64.99,63.35,63.26,10.4,67.89,12.7,Yes,No,Master's,Low,10,7.4,1
Male,21,Business,81.83,97.93,63.35,53.44,2.7,78.08,7.9,No,Yes,Unknown,Medium,9,9.0,0
Male,20,Mathematics,84.47,75.95,93.15,87.75,97.6,50.45,22.0,No,No,Unknown,Medium,1,4.0,0
Male,23,Business,83.38,78.14,50.64,79.27,95.6,66.07,8.0,No,No,Unknown,High,6,4.0,1
Male,19,Engineering,72.47,82.8,59.08,92.11,42.2,88.43,16.6,No,No,Bachelor's,Low,8,4.3,0
Male,20,Engineering,84.47,86.2,80.51,62.99,5.1,75.05,10.8,No,Yes,Bachelor's,Medium,7,8.7,0
Female,23,Mathematics,53.49,78.1,90.85,82.64,61.900000000000006,89.44,13.3,Yes,No,Bachelor's,Low,8,7.0,0
Male,22,Engineering,92.99,54.23,67.92,55.93,29.3,84.95,16.8,Yes,Yes,PhD,Low,3,8.6,1
Female,24,Engineering,88.89,92.44,82.67,64.59,93.7,92.75,27.4,Yes,No,PhD,Medium,5,4.6,0
Female,24,Engineering,62.26,83.93,77.86,82.83,79.5,50.37,22.0,Yes,Yes,PhD,Low,1,4.2,1
Male,24,CS,88.4,84.51,53.23,91.28,65.0,63.07,9.3,No,Yes,Unknown,Low,8,6.7,0
Male,19,Engineering,50.63,99.79,81.09,66.05,28.5,77.44,27.0,Yes,No,Bachelor's,Medium,2,4.9,0
Female,23,CS,60.86,88.15,90.7,89.94,70.1,97.05,17.5,Yes,No,PhD,Medium,10,8.3,0
Male,20,Business,53.26,89.75,99.62,83.89,28.9,83.99,10.1,No,No,Unknown,Low,3,6.1,0
Male,21,Business,89.01,97.08,51.48,67.43,3.8,72.83,18.2,No,No,Master's,High,10,7.9,1
Male,19,Business,87.79,49.07,83.0,93.82,50.8,56.51,9.8,Yes,Yes,PhD,High,2,6.6,1
Male,19,Business,90.68,69.86,70.73,75.46,48.9,74.66,14.2,No,Yes,Unknown,High,1,6.6,0
Male,24,Business,50.22,74.83,50.49,82.41,76.3,72.05,25.1,No,Yes,High School,Medium,2,7.4,1
Male,21,Engineering,75.06,59.76,80.72,74.78,86.6,88.92,21.5,Yes,Yes,PhD,High,10,5.7,0
Male,24,Engineering,85.24,90.36,56.12,72.64,35.4,70.67,16.9,Yes,Yes,Master's,Medium,2,8.7,0
Female,19,Engineering,57.77,85.75,68.93,92.4,44.900000000000006,65.94,10.7,Yes,No,Unknown,Low,6,6.0,0
Male,20,Business,82.49,83.25,63.07,64.74,47.0,54.49,12.1,No,No,PhD,Medium,4,6.0,1
Female,24,Business,54.21,99.83,68.06,51.83,32.400000000000006,52.33,29.5,Yes,No,PhD,High,10,7.5,0
Female,24,CS,59.07,55.56,74.63,93.99,74.3,71.96,13.6,Yes,No,High School,High,4,7.2,1
Female,24,Mathematics,73.79,84.13,67.96,91.25,52.2,67.34,20.4,Yes,Yes,Unknown,High,1,9.0,0
Female,19,Engineering,82.68,73.08,77.64,68.33,91.4,77.77,17.5,Yes,No,Unknown,High,10,8.3,0
Male,20,Mathematics,57.29,58.78,61.93,59.27,65.0,85.6,5.6,Yes,No,Unknown,High,2,5.4,1
Female,21,Business,59.26,49.64,81.77,83.78,21.200000000000003,52.0,28.6,Yes,No,Bachelor's,Low,3,4.5,1
Female,18,Business,60.22,93.75,92.69,53.94,16.5,74.81,7.2,Yes,Yes,High School,Low,9,4.5,0
Female,21,Business,61.94,75.73,61.2,71.19,37.2,93.1,21.5,Yes,Yes,Unknown,Low,5,5.8,0
Female,20,Mathematics,61.33,89.5,75.39,54.29,34.7,72.76,25.3,No,No,High School,Low,4,6.4,0
Female,22,CS,69.76,72.72,82.43,79.9,40.7,76.06,23.7,No,Yes,Bachelor's,Medium,10,7.2,0
Male,24,Business,82.69,53.2,78.23,51.36,18.4,74.34,25.2,No,No,Unknown,High,3,8.3,1
Male,21,CS,71.9,60.25,68.28,81.46,97.8,69.49,23.5,No,Yes,High School,High,10,8.9,1
Female,22,CS,88.8,62.89,82.11,83.66,14.6,55.51,16.1,No,No,High School,Low,1,6.0,1
Male,22,Engineering,85.96,98.38,51.41,74.36,65.3,56.32,27.4,Yes,Yes,Bachelor's,Low,1,6.7,1
Male,20,Mathematics,56.33,40.34,68.5,58.75,1.3,58.95,27.8,Yes,Yes,High School,Low,10,7.0,1
Female,20,Business,52.44,99.14,76.63,55.07,40.7,89.63,15.9,Yes,No,Bachelor's,Medium,8,6.8,0
Female,24,CS,93.9,98.83,51.03,65.66,30.9,63.77,17.1,No,Yes,PhD,Medium,10,4.5,1
Female,18,Mathematics,53.99,99.77,75.38,73.26,38.2,97.41,17.1,No,Yes,High School,Low,9,4.6,0
Male,23,Mathematics,57.42,68.6,82.71,82.11,49.8,90.51,12.0,Yes,No,Bachelor's,High,3,8.4,0
Female,19,Business,51.11,97.83,87.96,50.06,60.0,84.23,7.9,No,No,Master's,Medium,9,7.4,0
Male,21,Engineering,81.42,63.74,55.67,85.55,58.4,86.02,11.5,Yes,Yes,Unknown,Low,8,7.4,1
Male,20,Engineering,79.12,41.58,99.53,85.64,63.1,52.38,26.1,Yes,No,Unknown,Low,1,8.1,1
Male,21,CS,99.35,53.46,80.31,72.23,84.5,78.42,18.6,No,Yes,Unknown,Low,6,4.4,0
Female,23,Engineering,94.35,96.72,68.16,67.17,88.69999999999999,97.05,26.3,Yes,Yes,Bachelor's,High,9,6.1,0
Male,23,Engineering,70.54,40.83,62.45,92.12,73.7,51.96,23.6,No,No,Bachelor's,Medium,4,5.2,1
Female,24,Engineering,68.58,72.76,78.64,89.23,7.9,64.55,13.7,Yes,No,Unknown,High,9,7.3,1
Female,22,Mathematics,64.84,44.54,94.09,99.16,96.1,52.58,9.6,Yes,Yes,Bachelor's,Medium,2,5.1,0
Female,24,Business,57.62,57.18,76.03,68.6,94.7,78.49,19.2,No,No,High School,High,10,7.5,1
Female,19,Mathematics,56.9,45.29,83.07,95.34,71.2,55.81,28.4,No,No,High School,Medium,9,5.9,1
Female,18,Mathematics,56.61,91.57,67.88,54.37,51.7,73.96,26.0,No,No,High School,High,1,6.2,1
Male,21,Business,55.71,75.46,69.41,70.57,25.1,86.0,24.1,No,No,PhD,Low,4,8.1,0
Male,19,Mathematics,62.03,94.13,64.31,73.27,75.6,58.22,24.1,Yes,No,Unknown,High,5,5.7,0
Male,18,CS,65.33,81.3,85.28,72.04,87.8,87.77,18.2,Yes,No,Master's,Low,2,5.3,0
Male,21,CS,98.08,98.26,67.96,81.25,66.5,53.01,9.2,Yes,Yes,Unknown,High,6,8.3,0
Male,19,Mathematics,78.92,70.59,59.54,58.51,62.9,57.48,12.1,No,Yes,High School,Low,8,7.4,1
Female,20,Engineering,99.38,78.32,68.47,93.32,19.3,64.01,19.4,Yes,No,Unknown,Low,2,6.0,1
Female,21,Mathematics,68.62,74.58,92.69,77.59,35.8,89.8,12.9,No,No,PhD,High,9,6.5,0
Male,19,Engineering,72.88,69.06,86.91,95.21,72.30000000000001,92.51,24.5,Yes,Yes,High School,High,2,5.7,0
Male,23,Mathematics,66.23,90.76,66.73,50.13,1.7000000000000002,61.02,14.3,No,Yes,PhD,High,1,6.8,1
Male,18,CS,59.14,78.67,95.34,81.5,64.1,54.79,7.8,Yes,No,PhD,High,6,4.7,1
Female,19,Engineering,57.16,88.08,53.74,70.62,76.7,92.4,24.6,Yes,No,PhD,High,5,8.4,0
Female,20,CS,97.25,87.18,52.49,75.25,33.5,82.47,22.5,Yes,No,High School,Low,10,6.8,0
Female,24,Mathematics,99.34,51.46,56.37,87.19,7.6,57.89,11.3,No,No,PhD,Low,3,5.9,1
Male,21,Business,52.25,79.01,55.82,61.36,81.89999999999999,77.89,29.5,No,No,PhD,Medium,3,6.9,0
Male,21,Engineering,57.52,51.98,54.39,60.24,14.2,93.62,15.1,Yes,Yes,Master's,Medium,8,4.8,0
Male,21,Engineering,71.18,75.0,83.07,85.15,37.1,53.48,22.0,Yes,Yes,Unknown,Medium,4,4.4,1
Male,20,Mathematics,59.32,80.65,80.04,76.07,70.7,54.19,27.8,Yes,Yes,Master's,High,1,6.7,0
Female,18,Mathematics,68.19,99.83,82.38,61.68,81.7,63.68,8.9,No,No,Unknown,High,4,4.4,0
Male,21,Engineering,56.45,41.83,84.42,74.2,86.19999999999999,82.61,27.0,Yes,No,High School,High,6,7.3,1
Male,18,Business,72.83,45.47,87.84,72.98,53.0,58.9,22.6,Yes,Yes,Master's,High,2,8.0,1
Male,19,Mathematics,63.58,44.62,60.36,84.57,47.6,90.82,9.2,No,Yes,Bachelor's,Low,7,8.9,0
Female,23,Mathematics,67.6,63.9,81.12,50.13,84.80000000000001,87.52,21.6,Yes,Yes,High School,Low,1,7.8,1
Female,23,Mathematics,54.72,89.3,79.0,79.34,56.3,78.05,26.9,No,No,High School,Low,10,8.9,0
Male,18,Business,71.41,90.64,97.18,80.28,57.9,55.8,25.0,No,Yes,Unknown,Medium,9,4.1,0
Female,18,Engineering,99.16,84.22,61.62,87.28,43.4,99.41,24.0,Yes,Yes,Unknown,Medium,2,6.8,0
Female,23,CS,66.44,93.81,52.94,94.46,37.3,74.5,9.0,Yes,Yes,PhD,Low,9,4.8,1
Female,21,Mathematics,93.82,59.37,82.67,72.01,48.1,72.6,9.8,No,No,Bachelor's,Low,1,5.2,0
Female,22,Business,92.16,45.29,87.01,67.13,36.5,99.78,18.7,Yes,Yes,High School,Low,4,7.7,0
Female,22,Engineering,97.6,43.49,64.16,55.12,34.4,93.19,19.5,No,No,High School,Low,5,5.3,0
Male,20,Engineering,89.51,91.13,78.54,66.84,99.4,72.82,28.6,No,Yes,Master's,Low,8,4.9,0
Male,24,Business,82.98,83.83,52.98,53.42,33.6,70.94,16.7,Yes,Yes,Unknown,Medium,5,5.9,0
Male,23,Mathematics,92.83,81.92,98.0,90.14,25.6,54.8,12.6,Yes,Yes,Master's,High,1,4.4,1
Female,23,CS,53.78,60.38,55.5,90.35,35.4,96.33,9.8,Yes,Yes,Unknown,High,1,4.7,0
Female,20,Mathematics,73.14,62.79,53.38,70.86,59.1,92.19,6.4,No,No,Unknown,Low,2,4.7,1
Female,22,Engineering,99.46,97.49,52.21,62.98,91.1,65.5,6.7,Yes,Yes,Master's,High,9,5.1,1
Female,19,CS,88.48,43.83,71.36,55.9,78.8,87.67,19.4,No,No,Master's,Low,1,8.4,0
Male,21,Mathematics,98.1,86.42,54.86,92.56,84.2,88.14,9.4,No,No,Master's,Low,3,5.5,0
Male,21,CS,88.98,58.58,87.23,93.87,85.9,61.4,26.3,No,Yes,Unknown,High,8,5.4,0
Male,19,Business,93.74,42.34,94.94,63.31,92.1,80.68,19.9,No,No,Bachelor's,High,1,4.6,0
Male,19,Mathematics,85.33,84.55,63.01,81.09,23.5,62.75,26.6,Yes,No,Master's,High,4,4.1,1
Male,22,Engineering,88.03,59.85,81.44,62.93,45.8,89.49,15.7,No,No,Unknown,Low,8,4.8,1
Male,20,Engineering,76.16,83.33,52.12,61.26,38.5,57.69,19.9,No,Yes,Master's,Medium,6,7.6,1
Female,19,CS,96.21,82.46,69.33,51.06,38.2,83.45,18.1,No,No,Bachelor's,Low,6,8.8,0
Female,20,Business,91.25,72.09,64.65,78.86,65.19999999999999,66.3,29.7,Yes,No,Bachelor's,High,1,7.7,0
Male,24,Mathematics,92.19,86.64,61.43,57.5,40.2,51.81,24.9,No,No,PhD,Low,7,8.3,1
Female,18,Business,83.65,74.86,82.24,50.62,61.6,56.19,19.9,Yes,Yes,PhD,Medium,1,7.9,1
Male,21,Business,65.23,57.2,56.51,55.24,38.2,82.74,20.2,Yes,Yes,Bachelor's,Medium,3,5.5,1
Male,22,CS,51.78,84.05,93.04,65.69,31.1,62.0,11.2,No,Yes,Master's,Low,1,7.7,0
Female,21,CS,96.78,75.35,83.24,83.46,35.3,81.55,23.4,No,No,PhD,Low,8,7.8,0
Male,22,Mathematics,79.31,40.76,85.54,60.13,80.39999999999999,70.74,29.6,Yes,No,Unknown,Medium,4,5.3,0
Male,18,Engineering,64.91,94.1,96.77,94.38,60.1,84.64,8.2,No,Yes,Bachelor's,High,5,8.6,0
Male,21,Mathematics,57.46,72.74,97.12,64.42,97.4,74.65,20.9,No,No,Master's,High,1,9.0,0
Female,18,Business,91.48,92.12,77.58,66.56,83.3,65.43,17.9,Yes,Yes,Unknown,Low,1,6.8,0
Female,22,CS,91.83,92.96,74.77,60.9,48.6,57.29,26.3,Yes,Yes,Bachelor's,High,10,5.6,0
Female,19,Business,90.73,66.7,66.77,62.69,24.2,67.05,5.0,Yes,Yes,Bachelor's,High,1,5.8,1
Female,24,CS,82.25,70.46,85.78,53.71,67.4,81.74,8.4,Yes,Yes,Master's,Low,3,6.9,0
Male,21,Engineering,68.3,64.95,76.91,64.74,72.69999999999999,87.02,5.9,No,No,Master's,High,6,4.0,0
Female,18,Business,65.2,66.97,96.64,92.98,46.4,58.02,9.1,Yes,Yes,High School,Medium,5,5.5,0
Female,23,CS,50.43,93.71,61.93,84.42,23.0,83.21,22.7,Yes,No,Master's,Low,10,4.2,0
Female,21,Mathematics,91.68,87.29,65.51,93.76,55.7,58.96,8.5,No,No,Unknown,Medium,7,7.1,0
Male,21,Mathematics,54.37,47.59,65.8,55.24,25.4,61.09,20.6,Yes,Yes,PhD,High,1,7.0,1
Female,21,Mathematics,81.54,76.62,90.3,72.78,94.0,76.57,26.7,No,No,Master's,Medium,8,7.0,0
Female,20,Business,75.2,99.75,54.95,61.46,62.9,64.46,5.9,Yes,No,Master's,Medium,5,4.8,1
Male,18,CS,76.33,75.73,72.78,86.06,29.2,83.08,5.7,Yes,No,PhD,Medium,6,8.7,1
Male,18,CS,96.34,87.15,71.38,98.51,21.6,97.79,29.7,No,No,PhD,Medium,2,6.7,0
Male,21,CS,51.58,86.14,53.66,90.77,71.7,57.44,21.8,No,No,Bachelor's,Medium,9,6.8,1
Male,19,Business,88.67,61.02,70.54,51.76,70.8,78.53,8.5,Yes,Yes,Bachelor's,Low,3,6.7,1
Female,21,CS,52.6,62.31,75.67,65.83,59.7,96.16,12.7,Yes,No,PhD,Low,5,6.6,0
Male,20,Engineering,51.91,83.44,53.26,51.43,61.4,58.83,29.6,Yes,Yes,PhD,Medium,10,8.7,1
Female,22,Business,71.49,70.0,75.49,52.01,60.4,68.34,10.7,Yes,No,PhD,Medium,8,7.0,1
Female,20,Engineering,53.15,74.23,97.96,53.98,36.0,56.18,23.8,Yes,No,Unknown,High,1,6.4,1
Female,19,Engineering,89.46,82.77,98.95,63.82,93.7,82.1,11.0,No,Yes,High School,Low,4,7.8,0
Female,21,Mathematics,76.48,86.65,76.58,65.21,47.9,83.46,15.0,Yes,No,Unknown,Low,5,5.3,0
Female,18,Business,51.45,56.29,75.75,70.02,2.0,83.21,27.0,No,Yes,High School,High,6,5.0,0
Male,24,CS,52.03,48.81,64.28,70.25,34.8,77.11,5.7,Yes,No,Bachelor's,High,3,6.2,0
Female,23,Engineering,80.63,57.51,99.86,88.57,13.0,87.31,12.7,No,Yes,PhD,Low,4,4.1,0
Female,21,Business,90.31,70.45,63.71,57.07,36.3,51.79,17.2,Yes,No,Unknown,High,3,5.5,1
Female,19,CS,71.89,60.53,72.65,57.89,60.8,97.88,20.6,No,Yes,PhD,Low,4,6.1,0
Male,18,Mathematics,77.73,74.1,50.15,81.33,2.3000000000000003,61.1,5.7,Yes,Yes,PhD,Medium,7,6.9,1
Female,20,Business,89.99,43.21,67.46,78.59,87.0,56.08,15.3,Yes,Yes,PhD,Low,9,6.7,1
Female,22,Business,80.53,70.59,53.57,57.7,61.0,97.06,13.6,No,Yes,Unknown,High,9,5.8,0
Male,22,Business,61.24,62.08,87.19,92.61,29.5,91.52,5.7,No,Yes,PhD,Low,5,5.7,0
Female,24,CS,80.65,72.08,78.05,66.45,31.1,88.24,13.9,Yes,Yes,Bachelor's,Medium,6,4.0,0
Female,21,Engineering,81.41,65.35,78.61,68.35,46.6,55.24,28.3,No,No,High School,Medium,9,8.4,1
Male,20,Engineering,86.71,57.05,64.33,71.02,24.8,90.38,11.9,No,No,Master's,Low,4,5.2,0
Female,24,Business,81.04,94.25,90.74,66.14,0.4,80.45,19.6,Yes,Yes,Bachelor's,Medium,7,5.8,0
Female,23,Business,98.46,51.09,50.16,77.87,2.7,86.6,12.5,No,Yes,High School,Medium,3,4.1,0
Female,23,CS,59.86,80.88,66.68,69.43,35.8,98.9,7.7,No,No,Master's,Low,9,8.8,0
Female,24,Mathematics,97.55,95.48,82.97,62.97,12.4,59.72,12.2,Yes,No,PhD,Medium,9,6.5,0
Female,19,Business,76.92,72.32,95.4,95.22,2.2,75.22,16.8,No,No,Bachelor's,Low,10,4.1,0
Male,22,Business,83.6,92.58,61.73,65.42,85.9,87.67,12.4,Yes,Yes,Master's,Medium,5,5.3,0
Male,20,Mathematics,54.97,47.49,77.06,84.92,27.4,71.68,20.6,Yes,Yes,Master's,High,4,8.4,0
Male,21,Business,69.03,69.63,76.9,67.36,50.3,52.73,28.7,No,Yes,Master's,Low,10,5.9,1
Female,18,Engineering,88.47,67.42,93.71,71.76,17.9,55.57,6.7,No,No,PhD,High,10,7.4,1
Female,21,Business,85.35,40.49,52.53,61.8,4.699999999999999,80.1,22.9,No,Yes,High School,High,9,7.1,1
Female,21,Engineering,52.01,66.6,71.22,87.62,74.5,64.25,5.0,No,Yes,High School,High,5,6.4,0
Male,20,CS,77.33,62.14,59.12,86.86,12.5,56.89,5.0,No,Yes,Bachelor's,Medium,1,8.2,1
Female,22,CS,54.41,80.19,51.08,51.11,2.6,66.99,8.3,Yes,No,PhD,Low,2,4.2,1
Female,20,Engineering,99.79,96.3,57.35,53.01,58.7,60.05,17.0,No,No,High School,Low,10,8.6,1
Female,18,Engineering,94.86,45.15,98.82,96.12,1.3,51.2,6.2,No,No,Bachelor's,High,7,7.6,1
Male,24,Mathematics,51.05,59.65,60.74,94.44,43.6,57.59,23.1,Yes,Yes,High School,High,3,8.3,1
Male,20,Engineering,92.93,66.64,96.75,75.3,28.9,94.15,5.7,No,No,Unknown,Medium,1,4.1,0
Female,19,Engineering,95.97,67.31,60.26,74.67,31.9,50.6,17.4,No,No,PhD,Low,9,4.4,1
Female,21,Business,67.68,86.49,96.56,90.62,0.4,88.69,21.9,Yes,Yes,Unknown,Low,4,5.0,0
Female,22,Mathematics,85.98,66.6,82.73,56.92,96.4,87.67,10.9,No,No,High School,Medium,3,7.0,0
Male,23,Engineering,72.11,41.63,55.66,82.68,51.7,78.21,19.5,Yes,Yes,High School,Low,5,4.5,1
Male,18,Engineering,82.76,82.61,79.1,73.8,57.3,60.42,11.5,No,Yes,Unknown,High,1,8.7,1
Male,23,Engineering,67.02,93.09,65.93,87.17,66.6,93.9,10.4,No,Yes,PhD,High,1,7.7,0
Female,21,Business,66.13,70.83,69.16,51.51,79.80000000000001,73.75,25.5,No,Yes,Bachelor's,Low,1,8.0,1
Male,20,Business,71.22,74.87,72.01,79.64,60.8,58.66,13.3,Yes,No,Master's,High,7,6.9,1
Female,23,Business,57.28,49.78,71.14,77.84,76.2,71.45,25.3,Yes,Yes,Unknown,Low,7,7.2,1
Female,19,CS,91.56,53.24,83.21,92.04,44.900000000000006,59.75,10.4,Yes,No,PhD,Low,9,5.1,1
Male,20,Business,67.43,54.11,88.42,83.84,37.1,68.8,13.9,No,No,PhD,Medium,5,8.6,1
Female,21,Engineering,70.01,65.84,66.46,94.01,82.30000000000001,74.83,7.6,Yes,No,Master's,Medium,2,7.2,0
Male,23,Business,94.7,95.69,96.22,94.36,86.5,68.0,17.4,Yes,Yes,Bachelor's,Low,9,6.1,0
Female,24,Business,74.83,71.31,96.92,70.41,13.8,82.85,14.5,No,Yes,Bachelor's,High,4,8.4,0
Female,18,Mathematics,77.21,51.53,52.03,56.87,54.3,96.8,5.1,No,Yes,High School,Medium,5,8.3,1
Male,23,Engineering,97.82,55.97,50.75,81.51,68.4,67.41,16.6,Yes,No,High School,High,1,4.0,1
Female,24,Business,94.34,63.04,71.25,93.69,8.4,67.79,6.9,No,Yes,Unknown,Low,2,8.6,0
Female,24,CS,58.47,77.4,79.53,53.75,93.0,86.92,25.9,No,Yes,Bachelor's,High,8,5.8,0
Female,23,Mathematics,73.66,66.4,63.9,77.9,52.0,76.53,17.3,Yes,Yes,Unknown,Low,2,6.1,1
Female,22,Business,98.56,63.55,62.97,55.75,64.5,71.44,22.3,No,No,High School,High,8,4.4,1
Female,23,Mathematics,68.62,73.88,83.92,51.35,17.8,90.69,25.5,No,Yes,Unknown,Low,1,8.4,0
Female,21,Mathematics,68.58,54.51,80.09,83.98,26.4,94.55,6.3,No,No,Master's,Medium,9,6.7,1
Female,24,CS,59.75,44.73,58.36,84.09,12.1,79.53,13.4,Yes,Yes,Unknown,Medium,9,8.5,1
Female,18,CS,55.72,41.46,94.23,80.03,26.4,59.26,5.6,No,Yes,High School,High,9,7.9,1
Male,21,CS,87.02,55.08,84.0,92.96,49.2,73.31,6.2,No,No,High School,High,6,8.5,1
Male,19,Engineering,88.5,45.5,68.13,54.04,83.4,75.22,5.9,Yes,No,Master's,Medium,2,8.7,1
Female,20,Mathematics,98.45,60.18,84.18,55.26,53.4,71.61,16.9,No,Yes,Master's,Medium,1,8.4,0
Female,23,Business,88.67,86.38,55.63,93.23,24.4,63.12,16.3,No,No,Bachelor's,Low,6,5.0,0
Male,22,CS,62.17,82.98,73.41,75.16,4.5,73.62,6.5,No,No,Master's,Medium,4,4.4,1
Female,18,CS,52.01,76.66,58.45,63.65,62.2,72.33,11.6,Yes,Yes,Master's,Low,8,7.1,1
Male,22,Mathematics,99.27,91.15,52.07,86.91,42.0,60.47,11.1,No,No,Bachelor's,Medium,8,4.8,1
Male,22,Mathematics,67.02,56.92,66.92,94.72,98.4,95.17,12.4,Yes,No,Master's,Low,2,8.3,0
Male,22,Mathematics,65.6,93.1,57.54,84.48,78.0,94.27,21.0,No,No,PhD,Low,2,8.7,0
Female,23,Business,95.3,63.95,81.68,89.6,80.8,87.98,22.4,No,Yes,PhD,Low,4,4.6,0
Female,18,Engineering,79.25,64.05,83.7,64.12,1.2,70.05,13.5,Yes,Yes,PhD,High,9,5.2,1
Female,18,Engineering,60.74,64.32,57.43,64.44,77.8,68.52,24.7,Yes,Yes,Master's,Low,6,7.1,1
Male,24,CS,94.45,45.89,51.23,93.21,19.5,85.82,15.4,Yes,Yes,High School,Medium,7,7.6,1
Male,22,Engineering,99.67,98.53,89.64,80.74,58.6,80.41,18.1,Yes,Yes,High School,Medium,3,6.6,0
Male,24,Business,54.33,48.31,50.1,61.71,44.7,80.03,8.6,Yes,Yes,Bachelor's,Medium,7,5.8,1
Female,24,Engineering,93.11,60.45,67.2,76.21,57.2,56.21,10.8,No,Yes,High School,Low,3,5.5,1
Male,20,Business,69.53,59.16,74.73,84.29,13.3,80.91,23.2,No,Yes,High School,High,2,7.3,0
Male,23,CS,76.2,44.48,90.93,60.93,45.7,95.09,29.4,No,Yes,Bachelor's,Low,2,7.7,0
Female,23,Mathematics,95.74,49.14,91.93,82.75,3.7,54.29,22.6,Yes,Yes,PhD,High,9,5.4,1
Male,21,Business,98.67,42.69,86.25,52.11,4.1,66.96,6.4,Yes,No,Bachelor's,High,7,5.6,1
Male,24,Mathematics,63.11,57.54,62.36,65.18,65.8,75.45,8.6,No,No,High School,Medium,5,6.3,1
Female,23,CS,60.64,92.0,86.01,83.7,95.2,84.3,16.1,Yes,Yes,High School,Medium,3,6.3,0
Female,22,Business,54.03,60.37,62.33,57.47,77.69999999999999,54.48,23.3,Yes,No,Bachelor's,Medium,8,8.2,1
Male,19,Business,78.09,47.42,60.73,61.11,46.900000000000006,93.64,9.1,Yes,Yes,Master's,Low,2,6.2,1
Female,22,Engineering,50.68,78.74,77.36,93.95,5.6000000000000005,52.03,23.8,Yes,No,High School,Medium,3,8.9,1
Male,18,Business,70.59,99.8,83.94,83.72,4.5,92.88,18.9,Yes,Yes,High School,Medium,5,5.6,0
Female,23,CS,53.67,53.94,52.65,74.95,15.8,51.38,24.4,No,Yes,Bachelor's,Low,1,7.5,1
Male,23,Mathematics,70.26,56.77,53.0,60.54,97.6,57.68,18.9,No,No,High School,Low,6,7.8,1
Female,21,Business,52.0,98.31,89.21,67.07,39.900000000000006,90.02,20.1,Yes,No,Master's,High,2,7.2,0
Male,24,CS,91.76,50.73,92.97,78.72,84.3,93.01,11.2,Yes,No,Master's,High,7,5.8,0
Female,19,CS,60.49,70.67,80.22,57.77,70.5,99.11,23.0,No,Yes,Bachelor's,Low,7,5.3,0
Female,23,Business,66.42,54.38,71.44,74.09,60.5,55.79,26.1,No,Yes,Unknown,Low,1,7.0,0
Female,21,Engineering,93.5,95.94,92.27,70.45,94.8,76.32,26.8,No,No,PhD,High,4,7.3,0
Female,21,Business,87.31,98.89,86.44,73.83,23.0,53.86,5.7,Yes,Yes,Master's,Medium,1,5.3,1
Female,19,Business,60.95,88.88,78.98,55.28,45.5,57.82,20.6,Yes,No,Master's,High,10,5.7,1
Female,22,Engineering,53.59,58.89,65.99,55.32,86.5,58.72,29.7,No,Yes,PhD,Medium,7,8.3,1
Female,22,CS,85.78,64.21,59.9,98.21,55.2,53.17,19.7,No,No,Bachelor's,High,5,8.1,1
Male,22,Business,69.54,54.54,70.93,98.97,24.6,94.65,9.3,Yes,Yes,High School,Medium,8,4.9,0
Male,20,Engineering,88.3,93.45,64.34,71.31,20.9,56.32,26.9,No,Yes,Bachelor's,High,1,8.7,1
Female,24,Mathematics,72.26,94.87,66.96,89.45,75.3,81.47,11.6,No,Yes,Unknown,Medium,10,7.1,0
Female,24,Mathematics,67.3,65.13,75.78,82.79,1.3,81.29,6.1,No,No,Unknown,High,4,6.5,0
Male,22,Engineering,72.56,79.39,58.45,55.85,91.4,59.93,15.8,Yes,No,PhD,Low,9,5.0,1
Male,19,CS,87.43,49.93,90.31,64.83,1.7999999999999998,99.92,7.5,No,No,Unknown,High,10,7.7,0
Female,20,Engineering,95.11,66.1,57.28,65.68,63.1,67.37,7.9,No,No,Unknown,Low,1,8.6,0
Male,24,CS,52.49,77.89,74.05,79.79,60.5,95.25,16.6,Yes,Yes,PhD,High,3,4.3,0
Male,22,Mathematics,76.21,63.12,87.3,79.0,57.8,97.41,20.3,Yes,No,PhD,Low,2,6.6,0
Female,20,Business,51.64,61.46,74.25,96.18,47.400000000000006,97.45,27.6,Yes,No,PhD,High,9,8.4,0
Female,19,Engineering,73.42,40.06,68.05,89.5,85.19999999999999,87.64,22.6,Yes,Yes,PhD,High,10,8.8,1
Female,22,Mathematics,94.26,88.26,73.74,92.84,65.9,62.69,26.1,Yes,Yes,PhD,Low,5,4.4,1
Male,18,Business,68.08,93.36,92.43,94.56,78.2,56.03,15.3,No,No,Master's,Low,6,8.0,0
Female,23,Mathematics,96.62,98.17,99.52,90.06,11.6,78.49,13.0,No,No,High School,Low,8,5.4,0
Female,19,Engineering,81.53,83.16,81.56,66.64,5.0,68.0,19.8,Yes,No,PhD,Medium,9,6.7,0
Male,21,Engineering,96.71,72.93,89.67,60.75,2.9,91.55,22.4,Yes,Yes,High School,High,8,7.9,0
Female,21,Business,87.86,56.16,50.72,78.59,14.7,87.25,19.2,No,Yes,Unknown,Medium,8,6.7,0
Male,19,Engineering,55.17,99.96,94.02,84.48,66.7,63.82,11.6,No,No,Master's,Medium,1,4.6,0
Male,21,Mathematics,61.56,75.39,97.7,69.33,49.400000000000006,50.85,14.2,Yes,No,PhD,Medium,10,7.0,1
Male,24,Business,69.71,80.87,78.76,92.42,75.19999999999999,61.87,16.2,Yes,No,Master's,Medium,1,4.6,0
Male,19,Business,58.51,80.94,87.69,98.03,19.2,78.36,5.4,No,No,Bachelor's,Low,8,5.7,0
Male,18,Mathematics,74.75,90.72,75.64,78.47,36.7,53.95,27.0,Yes,Yes,High School,Low,1,6.8,1
Male,19,CS,73.57,40.58,64.31,72.83,88.80000000000001,82.91,17.8,Yes,Yes,PhD,Medium,5,9.0,0
Female,22,Business,97.81,53.21,92.61,92.14,93.6,83.58,23.8,Yes,No,High School,Medium,4,7.6,0
Female,22,CS,71.69,79.93,79.84,51.21,92.2,58.47,9.3,Yes,No,High School,Low,5,5.5,0
Female,20,Mathematics,89.28,93.71,78.97,56.45,81.8,79.82,18.9,No,Yes,Bachelor's,Low,8,8.4,0
Male,21,Mathematics,97.1,81.12,82.96,92.28,68.8,80.35,28.2,No,Yes,High School,Medium,10,5.1,0
Female,23,Business,93.85,64.81,92.8,86.6,91.4,73.9,10.4,Yes,No,Unknown,Medium,8,5.9,0
Male,21,Engineering,60.43,61.69,86.6,70.81,71.39999999999999,97.66,13.6,Yes,Yes,High School,Low,4,7.2,0
Female,24,Business,74.8,84.28,60.56,94.44,95.4,55.41,14.7,Yes,Yes,Bachelor's,Low,8,6.1,0
Male,19,Engineering,67.39,84.47,73.34,67.57,2.5,70.33,14.6,No,Yes,Bachelor's,High,10,7.6,0
Female,23,CS,69.99,76.42,99.01,81.69,92.2,94.15,20.0,No,Yes,PhD,High,5,7.3,0
Male,23,Engineering,68.04,57.49,77.73,81.72,55.6,69.32,14.8,Yes,No,Unknown,High,4,7.3,1
Female,21,Business,91.32,95.51,96.91,59.22,11.2,71.23,21.9,Yes,Yes,High School,High,7,6.1,1
Male,23,Engineering,72.61,73.11,90.67,64.24,21.5,83.41,17.1,Yes,No,Bachelor's,Medium,3,4.3,0
Female,23,Mathematics,76.18,87.43,83.3,95.8,85.19999999999999,83.28,8.9,Yes,Yes,Bachelor's,Low,5,8.4,0
Male,22,CS,99.12,52.86,67.47,59.17,50.6,51.15,28.7,No,Yes,High School,Medium,5,4.4,1
Female,18,Mathematics,53.0,60.64,65.22,58.68,98.3,72.78,11.0,No,No,High School,High,5,6.3,1
Female,19,Mathematics,74.4,92.47,82.17,73.98,11.8,66.68,19.1,Yes,Yes,PhD,High,2,5.5,0
Female,21,Mathematics,88.7,43.01,71.63,54.61,41.3,81.38,6.5,Yes,No,PhD,Medium,10,5.5,1
Male,22,Mathematics,57.56,70.74,89.94,94.73,33.2,77.79,28.0,No,No,Unknown,Medium,7,5.1,0
Male,24,Engineering,80.58,68.9,88.02,55.01,51.6,82.54,28.2,Yes,Yes,PhD,Low,10,5.4,0
Male,24,Mathematics,61.97,85.07,65.61,80.83,63.3,82.69,14.1,Yes,No,PhD,High,7,8.8,0
Male,20,Engineering,93.37,56.91,85.14,66.99,66.2,62.74,8.0,No,No,Master's,High,8,8.9,1
Male,23,Mathematics,66.35,53.14,74.73,90.21,0.1,62.32,24.2,No,Yes,High School,Medium,7,6.9,1
Female,23,Business,66.45,95.57,66.16,79.49,8.9,68.51,11.6,No,No,PhD,Low,1,6.6,1
Male,21,Mathematics,79.91,74.3,70.65,69.42,3.5,62.1,22.5,No,Yes,Master's,Medium,9,4.2,1
Female,18,Business,59.18,46.28,94.77,99.19,86.5,84.14,27.9,Yes,No,Master's,Medium,4,8.0,0
Female,18,Engineering,64.24,51.58,67.98,53.31,31.3,80.14,19.8,No,No,PhD,Medium,1,4.9,1
Male,21,CS,70.83,99.93,64.37,78.89,36.7,60.82,26.5,Yes,Yes,Bachelor's,High,10,4.7,1
Female,21,Engineering,67.68,51.74,67.59,99.48,45.0,94.21,10.6,No,No,PhD,Low,2,6.1,0
Male,22,CS,76.24,76.63,60.73,84.55,84.9,73.03,27.8,Yes,Yes,PhD,Medium,8,5.7,0
Male,24,CS,79.98,65.21,77.23,86.99,1.4,56.35,10.7,Yes,Yes,High School,Medium,8,4.5,1
Male,21,Mathematics,78.33,93.14,57.37,51.6,11.9,60.65,10.6,No,No,Bachelor's,Low,9,4.7,0
Female,24,CS,82.71,85.31,90.87,51.07,68.5,76.99,27.0,No,No,Unknown,High,9,9.0,1
Male,20,Engineering,65.39,75.82,61.28,51.81,96.4,66.92,18.9,No,Yes,PhD,Medium,10,7.7,1
Male,24,Mathematics,56.32,40.64,79.9,99.59,64.3,92.56,25.0,No,Yes,PhD,Medium,8,7.0,0
Male,22,CS,88.04,92.79,56.25,98.98,26.1,74.74,25.1,No,No,High School,High,4,5.5,0
Female,23,Engineering,92.54,66.68,98.92,66.73,52.0,95.76,21.2,Yes,No,Unknown,High,10,6.1,0
Male,23,CS,62.85,95.89,72.73,64.55,97.5,55.09,9.7,No,Yes,Master's,High,7,7.1,0
Female,24,CS,70.35,69.73,91.11,57.3,52.8,83.43,22.3,No,No,Bachelor's,Medium,9,7.9,1
Female,23,Mathematics,74.93,81.65,88.43,66.46,37.400000000000006,94.29,6.6,Yes,Yes,Unknown,High,6,8.7,0
Male,23,Mathematics,76.67,44.16,85.68,68.51,38.3,64.65,10.0,No,No,PhD,Medium,6,4.6,1
Female,19,Engineering,82.97,84.71,91.37,87.41,96.7,56.78,21.1,Yes,Yes,Master's,High,1,5.0,0
Female,20,Mathematics,52.08,60.28,55.02,93.31,71.9,72.83,27.7,Yes,No,High School,Medium,10,6.8,1
Male,22,Mathematics,86.07,61.08,83.92,87.34,68.7,98.07,24.3,No,No,PhD,High,9,8.7,0
Male,22,Business,53.1,47.12,63.29,82.32,23.2,81.67,13.3,Yes,No,High School,Medium,2,6.3,0
Male,23,Business,73.41,48.81,89.29,88.3,55.9,82.2,25.6,No,Yes,Bachelor's,Low,3,7.2,0
Female,18,Engineering,91.38,51.15,97.84,86.92,35.7,83.58,29.2,No,No,High School,High,5,5.5,0
Male,22,Mathematics,72.56,59.69,95.07,73.79,24.0,51.99,13.3,Yes,Yes,Unknown,High,5,8.1,0
Female,20,Engineering,57.45,93.52,55.75,66.79,89.60000000000001,72.28,9.7,No,Yes,Unknown,Low,5,7.0,1
Female,21,Business,99.25,62.1,68.48,64.14,38.3,53.88,9.9,No,No,Bachelor's,Medium,4,5.9,1
Female,20,Business,94.46,83.46,68.22,83.97,28.3,65.79,15.0,No,No,Bachelor's,Low,5,6.7,0
Female,23,Business,88.57,44.96,56.11,97.97,93.2,91.08,6.3,Yes,No,Bachelor's,Low,3,7.5,0
Female,23,Engineering,70.58,75.47,54.91,79.05,19.7,82.81,17.2,No,No,Unknown,Medium,1,5.1,1
Male,19,Mathematics,59.19,68.91,69.24,95.63,74.6,99.78,23.3,Yes,No,PhD,High,7,5.7,0
Male,24,CS,97.07,98.68,99.6,50.71,65.3,58.61,18.3,No,Yes,Unknown,High,10,5.3,1
Female,22,Mathematics,76.62,90.77,78.45,89.72,92.0,69.85,29.3,Yes,No,High School,High,2,8.8,0
Female,24,Engineering,92.62,67.29,81.09,92.68,83.2,90.48,16.5,No,Yes,Bachelor's,Low,8,4.2,0
Male,24,Business,67.1,86.51,73.55,81.55,70.5,60.78,5.3,Yes,No,Master's,Medium,1,4.3,0
Male,22,CS,66.76,51.58,83.12,96.7,31.5,57.69,16.8,Yes,Yes,Unknown,High,6,5.8,0
Female,22,Engineering,99.28,73.74,97.83,79.5,49.6,71.38,28.2,No,No,Master's,Medium,1,6.7,0
Female,23,Business,76.09,44.48,79.43,62.03,94.4,69.19,7.4,Yes,Yes,PhD,Low,8,5.6,0
Male,22,Engineering,57.03,60.89,53.25,60.79,2.3000000000000003,99.01,10.6,No,No,Unknown,High,2,8.3,1
Male,18,CS,60.98,53.55,74.64,77.79,79.4,72.81,22.9,No,No,PhD,Low,8,4.8,1
Female,18,Business,74.1,83.13,99.64,95.32,25.2,93.05,12.4,No,No,PhD,Medium,4,5.8,0
Male,21,Mathematics,52.12,69.41,69.37,53.62,18.5,94.4,24.1,No,No,Unknown,High,3,6.4,1
Male,22,Engineering,73.13,85.06,79.69,80.22,23.2,57.89,15.5,No,Yes,Unknown,High,2,5.0,1
Female,19,CS,70.95,70.92,55.33,88.49,6.0,85.77,24.9,No,No,PhD,High,4,5.5,0
Female,21,Mathematics,88.97,45.19,57.06,55.77,99.2,63.88,18.8,Yes,No,Bachelor's,High,10,8.7,1
Female,23,CS,67.75,84.12,93.73,55.84,87.0,54.74,7.1,No,No,Unknown,Low,10,6.6,0
Male,22,Engineering,99.13,89.99,65.02,68.31,52.1,93.74,14.7,No,No,PhD,Low,2,8.3,0
Female,18,CS,59.04,94.21,65.27,63.69,71.5,64.62,13.3,No,Yes,High School,Medium,3,5.3,1
Male,19,Business,79.55,74.32,69.36,59.92,55.7,67.27,25.3,Yes,Yes,Master's,High,2,7.1,1
Female,21,CS,54.48,85.22,98.32,59.93,81.19999999999999,66.2,20.6,No,No,High School,Medium,2,7.8,0
Female,19,Engineering,86.69,85.12,54.22,56.53,84.5,60.01,24.4,Yes,Yes,Unknown,Low,10,6.1,1
Male,22,Business,99.74,49.34,90.94,80.54,23.3,71.73,14.3,No,No,Unknown,Medium,9,7.1,0
Male,20,CS,90.96,49.85,67.08,84.41,46.0,71.41,22.3,Yes,No,Unknown,Low,1,8.3,0
Female,19,CS,77.79,44.25,92.47,85.15,63.5,70.44,6.6,No,Yes,Unknown,High,3,4.7,0
Female,19,Business,74.24,59.19,99.59,76.62,97.8,95.81,5.9,Yes,No,High School,Medium,1,5.8,0
Male,23,Mathematics,91.75,68.41,67.43,97.65,68.3,66.99,12.2,Yes,No,Bachelor's,High,3,8.1,0
Female,18,Mathematics,96.8,99.87,56.47,94.03,89.80000000000001,51.52,24.3,Yes,Yes,PhD,Low,1,5.2,0
Male,22,Business,99.46,65.86,57.22,97.88,84.60000000000001,58.92,18.4,Yes,Yes,PhD,Medium,9,6.8,0
Male,19,CS,69.83,83.57,87.94,69.44,58.2,86.07,15.2,No,No,PhD,Medium,5,6.2,0
Female,22,Mathematics,99.55,81.6,57.25,93.89,89.39999999999999,79.54,27.4,Yes,No,Master's,High,4,7.3,0
Male,18,Business,57.8,52.27,63.02,88.14,37.7,97.59,17.4,No,No,Unknown,High,8,7.3,0
Male,23,Engineering,62.68,43.51,60.22,67.0,37.9,84.72,20.3,No,No,High School,High,1,6.9,1
Male,22,CS,54.45,72.76,67.78,55.33,78.1,59.71,29.6,Yes,No,High School,Medium,9,8.7,1
Female,24,Engineering,63.59,82.02,53.72,84.13,13.5,56.03,18.1,No,No,High School,Low,2,4.9,1
Male,18,CS,88.4,99.9,92.84,56.82,30.6,76.04,24.6,Yes,No,Bachelor's,High,8,8.2,0
Female,18,Mathematics,92.65,61.52,93.01,64.69,60.9,83.26,15.3,Yes,No,Unknown,High,7,6.4,0
Female,21,Engineering,88.94,93.78,70.65,75.02,42.0,58.28,5.9,No,Yes,PhD,Low,10,7.3,1
Female,23,Engineering,81.55,62.92,80.6,83.99,94.1,80.08,25.9,No,Yes,PhD,Medium,2,5.4,0
Male,23,Business,75.7,81.36,82.1,96.31,95.9,93.25,28.6,No,No,Unknown,Medium,10,4.5,0
Male,24,Mathematics,85.44,75.9,87.46,79.66,50.3,86.38,15.9,Yes,No,PhD,Low,10,7.9,0
Female,22,Mathematics,69.54,43.18,76.03,83.57,53.9,83.21,17.6,No,No,PhD,High,6,5.3,0
Female,20,CS,92.07,44.7,75.52,65.5,72.5,89.47,15.6,Yes,No,Unknown,Medium,5,6.0,1
Male,24,Business,83.86,41.25,81.57,84.36,45.7,55.2,29.9,Yes,No,High School,High,7,4.2,1
Female,21,Business,84.89,62.25,85.15,71.89,19.0,60.19,27.6,Yes,Yes,Master's,High,2,7.3,1
Female,23,CS,76.8,84.75,67.33,92.85,74.7,51.9,6.0,No,Yes,Unknown,Low,10,7.4,0
Male,18,Engineering,94.26,50.37,66.52,69.62,73.8,57.25,24.5,No,Yes,PhD,Medium,9,8.5,1
Female,23,CS,62.6,76.35,63.49,73.41,24.5,95.66,20.0,No,No,PhD,Low,3,8.5,0
Male,24,CS,69.06,57.33,77.44,71.63,83.3,61.11,5.6,No,Yes,Master's,Medium,1,7.5,1
Male,20,CS,88.88,87.82,68.01,90.56,61.4,83.1,16.1,No,No,Master's,High,8,5.6,0
Female,19,Business,74.64,87.9,77.02,97.68,23.6,84.58,8.7,Yes,No,Master's,High,7,5.9,0
Male,19,CS,94.46,86.52,70.3,66.36,65.19999999999999,82.27,26.8,Yes,Yes,Unknown,Medium,7,5.9,1
Male,23,CS,67.32,71.49,91.84,73.75,23.4,77.7,5.3,No,Yes,High School,Medium,4,4.6,0
Male,23,CS,68.47,57.07,53.66,85.3,26.5,74.31,26.8,Yes,No,Master's,High,10,8.7,1
Female,21,Mathematics,94.44,88.57,78.61,94.77,84.80000000000001,71.0,28.5,Yes,Yes,Bachelor's,High,3,8.1,0
Female,23,Engineering,73.22,51.17,78.78,74.69,92.9,95.84,6.8,Yes,No,High School,Low,9,4.7,0
Female,20,Engineering,75.81,57.39,69.19,55.44,25.7,50.48,23.0,No,Yes,Master's,High,3,8.7,1
Male,23,Engineering,66.64,51.04,71.05,68.43,92.8,52.67,18.7,No,Yes,PhD,High,7,8.2,1
Male,22,Engineering,63.83,80.45,90.01,77.52,23.9,74.63,28.9,Yes,No,Unknown,Medium,7,8.6,1
Female,24,Business,82.8,81.17,64.03,70.88,11.7,66.53,25.0,Yes,No,PhD,Low,10,5.4,0
Female,20,Business,55.99,79.15,93.57,59.33,5.8,70.41,22.4,Yes,Yes,PhD,Low,7,5.7,1
Male,21,CS,93.96,64.94,94.82,51.85,24.2,99.89,28.1,Yes,No,Unknown,Medium,1,6.3,0
Female,22,Business,88.96,46.01,82.53,84.37,38.5,88.76,9.0,No,Yes,High School,Medium,10,5.1,0
Female,22,Engineering,59.54,94.67,88.64,99.64,92.8,93.87,14.4,No,Yes,PhD,Low,2,6.3,0
Female,24,Mathematics,84.7,70.46,80.65,95.96,24.2,68.43,26.1,Yes,Yes,High School,Medium,2,4.0,1
Female,19,CS,80.13,64.42,76.26,84.16,36.5,61.98,7.5,Yes,Yes,Unknown,Medium,3,8.4,1
Female,20,CS,59.23,75.33,98.33,92.08,73.4,88.4,28.4,No,No,Master's,Low,4,4.8,0
Male,24,Engineering,63.66,51.57,64.13,62.79,30.2,90.38,23.6,No,No,PhD,Medium,1,6.5,1
Female,22,Engineering,70.45,47.95,57.71,81.12,68.4,77.49,16.0,No,No,PhD,Medium,5,8.6,1
Female,21,Engineering,84.96,64.33,64.37,53.03,43.2,94.8,13.5,Yes,Yes,Unknown,Low,1,8.1,0
Male,24,Business,81.94,53.63,80.73,85.36,19.6,98.37,8.7,Yes,No,Unknown,Low,7,7.9,0
Male,19,CS,76.61,54.66,59.26,98.49,73.4,73.55,7.3,No,No,Master's,Medium,7,7.0,1
Male,22,Engineering,88.42,93.55,95.44,93.04,2.7,61.13,15.6,No,Yes,Unknown,High,2,6.2,1
Male,24,Mathematics,87.9,71.85,70.55,76.72,29.2,75.86,26.1,No,No,Bachelor's,High,4,6.2,1
Female,20,CS,80.89,69.01,92.5,89.44,35.6,99.48,18.3,Yes,Yes,Bachelor's,Medium,9,4.4,0
Female,19,CS,89.35,81.37,62.46,97.19,45.8,64.65,16.3,Yes,No,Unknown,Medium,1,4.3,1
Female,20,Business,66.71,97.09,65.66,60.8,68.0,80.88,13.0,No,Yes,Master's,High,10,8.2,0
Female,20,CS,94.06,46.73,52.96,89.66,45.9,84.7,8.9,No,Yes,Bachelor's,Low,6,6.0,0
Male,20,Engineering,80.75,90.01,62.89,63.49,59.400000000000006,60.7,29.8,Yes,No,PhD,High,10,4.3,1
Male,24,Engineering,91.12,75.04,74.52,93.85,59.6,79.42,5.6,Yes,No,Master's,High,1,7.3,0
Female,19,Mathematics,77.31,48.77,97.31,54.92,37.3,65.73,12.8,Yes,No,Unknown,Low,6,7.4,1
Female,24,CS,60.92,57.83,69.45,58.91,93.4,92.71,24.2,Yes,No,Bachelor's,Medium,1,5.1,0
Female,24,CS,77.12,68.94,81.99,86.03,95.6,85.74,18.0,Yes,Yes,Master's,Low,3,6.1,0
Female,24,Business,68.56,81.47,71.39,58.74,58.2,91.31,12.8,No,Yes,PhD,Medium,4,6.9,0
Male,22,Engineering,84.87,54.56,52.34,57.9,7.199999999999999,59.98,29.8,Yes,No,Unknown,Medium,10,7.0,1
Female,23,Mathematics,73.79,72.09,75.18,77.77,49.1,51.73,20.5,No,Yes,High School,High,5,6.6,1
Male,18,Engineering,91.81,81.08,53.3,91.75,18.4,92.53,12.4,Yes,No,Bachelor's,Low,7,5.8,0
Male,22,CS,83.9,66.92,94.18,63.42,48.3,69.34,26.2,No,Yes,PhD,Medium,2,4.3,0
Male,19,CS,84.23,91.78,87.65,92.06,18.8,58.99,8.8,No,No,Master's,Low,6,4.1,0
Male,18,Mathematics,60.86,92.17,68.93,90.4,70.4,54.59,16.6,No,No,Bachelor's,Medium,4,6.3,1
Female,18,CS,99.21,68.24,82.01,78.96,8.0,75.83,26.0,Yes,Yes,Bachelor's,Low,6,5.0,1
Female,18,Mathematics,92.08,98.38,55.6,82.33,95.3,57.51,29.6,No,Yes,Unknown,Low,7,8.7,0
Female,23,Mathematics,89.45,44.54,85.13,52.02,19.5,78.33,14.6,No,Yes,PhD,Medium,7,7.2,0
Female,24,Engineering,66.51,40.2,91.14,68.36,66.10000000000001,86.37,8.5,No,Yes,Bachelor's,Low,5,6.9,0
Male,21,Mathematics,76.78,62.84,91.09,63.17,91.7,76.75,19.2,Yes,No,Bachelor's,Medium,7,6.0,0
Male,19,CS,56.86,76.07,64.21,57.5,24.8,95.18,28.6,Yes,No,PhD,Medium,3,5.6,0
Male,23,Business,76.92,77.75,63.19,69.48,93.4,57.78,21.6,Yes,Yes,Master's,Low,10,4.9,1
Female,23,Business,57.29,68.59,76.07,67.75,38.9,74.7,20.1,No,Yes,Unknown,High,5,4.3,0
Male,21,CS,77.65,47.49,98.39,86.44,96.1,58.16,12.7,No,Yes,Bachelor's,Low,5,7.2,0
Male,18,Business,82.44,50.23,96.03,79.9,97.1,93.8,20.2,No,No,PhD,Medium,2,7.9,0
Male,24,Business,69.51,91.13,67.98,95.66,18.8,96.61,27.1,No,No,High School,Medium,4,8.3,0
Male,21,Mathematics,74.93,92.07,88.99,57.27,83.10000000000001,70.0,14.4,Yes,Yes,Master's,Medium,2,7.6,1
Female,21,Business,93.78,80.43,96.07,52.99,19.3,65.29,11.1,No,No,Unknown,Low,9,8.5,1
Male,23,Business,55.43,79.85,63.05,76.73,22.6,63.97,17.0,No,Yes,High School,High,9,8.9,1
Male,19,Business,89.59,75.86,91.51,50.05,8.4,92.99,14.4,No,No,Master's,High,1,8.8,0
Female,20,Engineering,58.54,52.18,63.39,89.39,15.7,84.12,16.7,No,No,Bachelor's,Medium,2,7.0,1
Female,24,CS,51.84,65.7,67.16,75.3,63.2,94.03,7.4,Yes,Yes,Unknown,Medium,8,5.1,0
Female,21,Mathematics,59.28,81.75,59.94,74.4,44.900000000000006,55.88,13.4,Yes,Yes,Master's,High,3,4.5,1
Male,24,Business,88.25,72.24,75.35,68.12,79.1,73.8,25.7,Yes,No,Master's,Medium,3,9.0,0
Male,21,CS,70.26,41.11,92.17,68.75,33.2,83.81,15.0,Yes,Yes,Master's,Medium,10,5.5,0
Male,18,Business,93.63,97.21,76.4,71.56,96.9,94.85,29.2,No,No,Master's,Medium,6,4.2,0
Male,24,Engineering,76.24,90.69,56.17,50.8,5.0,69.1,22.7,Yes,No,High School,Medium,5,6.0,1
Female,18,Engineering,51.11,55.63,62.59,54.18,6.3,65.65,14.2,Yes,Yes,Unknown,High,4,7.7,1
Male,23,Business,85.84,76.99,78.14,75.25,70.1,95.65,11.3,Yes,Yes,Bachelor's,High,7,8.5,0
Male,18,Business,55.51,95.39,79.16,57.51,88.80000000000001,52.38,22.1,Yes,No,Unknown,High,1,6.4,1
Female,24,Business,89.47,45.76,78.85,88.94,79.6,73.98,12.6,No,Yes,High School,Low,1,5.5,1
Female,22,Engineering,58.41,70.18,53.85,63.72,49.0,72.93,28.2,No,No,Unknown,High,1,7.9,1
Female,24,Engineering,67.27,67.37,87.68,54.89,27.0,57.3,7.9,No,Yes,High School,Medium,8,6.5,1
Male,21,CS,88.06,64.61,95.47,61.76,1.3,69.75,5.7,No,No,High School,Low,9,4.4,0
Male,18,Mathematics,97.71,90.14,75.53,67.85,50.9,86.13,10.5,Yes,Yes,High School,Medium,3,8.4,0
Male,19,Mathematics,68.57,62.84,85.94,51.77,47.6,68.34,20.2,Yes,No,High School,Medium,1,7.3,0
Male,22,Engineering,91.47,43.82,95.7,57.08,34.4,65.48,25.9,No,Yes,Master's,Low,9,4.2,1
Male,23,Mathematics,59.54,43.95,82.13,66.19,57.8,89.09,9.3,Yes,No,Unknown,Medium,3,4.0,0
Female,20,Business,90.36,42.56,83.72,65.52,72.9,99.44,19.6,No,Yes,PhD,Medium,9,4.4,0
Female,21,CS,82.87,64.55,86.07,90.02,70.1,88.97,8.6,Yes,No,High School,Low,4,8.1,0
Male,21,Engineering,59.64,83.1,63.03,92.16,26.3,92.32,19.1,No,Yes,High School,High,1,6.4,0
Male,19,Engineering,65.13,52.22,79.13,59.67,58.5,96.98,5.5,No,No,Unknown,Medium,5,5.7,1
Male,20,Mathematics,56.59,78.79,92.11,56.2,14.9,90.09,18.9,No,Yes,Master's,High,7,5.2,0
Male,20,Business,69.15,81.23,64.81,81.71,12.2,99.02,18.0,Yes,Yes,Bachelor's,Medium,6,6.5,0
Male,23,CS,60.18,55.31,94.86,90.23,78.60000000000001,87.36,6.1,No,No,High School,Medium,4,4.4,0
Female,23,Mathematics,82.2,76.03,81.02,98.19,69.4,83.08,22.2,No,Yes,Master's,Medium,10,7.1,0
Female,22,Engineering,99.73,81.09,71.16,50.34,76.8,84.67,19.3,No,Yes,Master's,Low,8,5.9,0
Female,21,Engineering,50.6,68.0,81.16,70.68,15.2,95.0,20.6,No,No,PhD,High,10,8.3,0
Male,18,Mathematics,77.05,60.2,70.09,86.7,91.5,84.15,18.2,Yes,No,High School,Medium,10,7.8,0
Male,23,Business,78.68,77.15,91.9,91.43,13.3,88.06,23.0,Yes,Yes,Master's,High,1,4.1,0
Female,19,CS,95.71,98.67,74.12,53.11,87.0,60.8,18.1,Yes,Yes,PhD,Medium,4,4.8,0
Female,19,CS,75.3,65.61,95.06,84.03,35.2,95.63,28.1,No,Yes,Master's,Low,7,6.4,0
Male,19,CS,77.19,63.5,75.49,64.45,10.5,72.36,28.6,No,Yes,PhD,High,6,7.3,0
Female,24,CS,73.58,67.86,83.02,53.73,28.700000000000003,58.05,23.2,No,No,PhD,Low,1,7.6,1
Female,23,Business,63.45,44.57,99.89,74.46,18.1,89.99,27.8,No,Yes,PhD,High,5,8.1,0
Male,23,Engineering,52.8,73.19,57.35,57.91,49.1,67.82,28.1,No,No,Master's,High,6,4.2,0
Female,19,Engineering,70.43,59.72,86.84,86.85,95.0,59.21,11.5,Yes,Yes,Bachelor's,High,10,4.1,1
Female,23,CS,52.63,47.29,56.94,87.06,32.8,62.81,29.8,Yes,Yes,Unknown,Medium,9,7.0,1
Female,24,CS,77.52,67.98,91.94,92.1,61.2,51.75,11.7,No,Yes,PhD,Low,5,7.6,0
Male,18,CS,65.36,40.2,79.82,68.88,89.2,54.53,5.5,No,No,High School,Medium,5,7.9,1
Female,18,Mathematics,76.68,64.11,96.91,50.67,63.0,79.63,29.1,No,Yes,Unknown,Medium,8,4.8,0
Female,22,Mathematics,56.71,46.34,93.3,62.99,36.2,93.31,10.6,No,Yes,Bachelor's,Low,6,8.8,1
Female,21,Engineering,96.63,41.46,53.74,73.39,99.1,72.43,19.6,No,Yes,Unknown,High,10,5.1,1
Male,18,Engineering,94.73,89.47,56.87,84.7,18.700000000000003,81.3,29.3,No,Yes,Unknown,Low,8,5.3,0
Male,22,CS,59.5,94.97,80.06,69.1,52.3,90.49,6.2,Yes,Yes,Bachelor's,Medium,6,4.8,0
Female,20,Mathematics,67.17,52.46,75.92,76.8,79.7,67.84,11.7,No,No,High School,Medium,9,4.2,1
Male,21,Business,80.67,72.36,58.43,76.21,0.1,82.72,20.2,Yes,Yes,PhD,High,8,8.0,1
Female,18,Mathematics,54.78,56.68,56.47,58.25,70.19999999999999,67.52,24.1,Yes,Yes,Master's,Medium,8,4.0,1
Male,24,Engineering,67.73,69.61,78.2,81.15,26.6,82.14,25.2,No,No,High School,Medium,1,6.3,0
Male,20,Mathematics,62.56,66.2,52.45,71.96,17.0,60.88,27.1,Yes,No,High School,Medium,4,4.5,1
Female,22,Engineering,95.78,56.14,93.69,90.4,27.4,98.89,9.2,No,No,PhD,Medium,2,4.2,0
Female,18,CS,92.63,82.02,90.35,84.53,96.7,53.81,14.3,No,No,High School,Medium,7,8.7,1
Female,18,Business,78.99,47.59,89.27,55.57,89.2,75.26,22.9,No,Yes,High School,Medium,10,8.1,0
Male,23,CS,76.02,43.18,50.8,74.44,21.4,64.31,22.9,No,No,Unknown,Low,6,6.0,1
Female,20,CS,96.54,86.06,52.38,85.12,11.7,80.04,12.7,Yes,No,Unknown,Medium,7,6.3,0
Male,18,Business,96.62,79.96,77.49,54.35,36.4,71.42,12.6,No,No,Bachelor's,High,5,8.3,1
Male,19,Business,98.47,69.91,99.72,89.62,59.2,65.33,13.0,Yes,Yes,Bachelor's,High,3,8.0,0
Female,24,Business,56.27,68.07,67.12,61.1,86.7,62.5,27.3,Yes,Yes,Bachelor's,Low,4,7.5,1
Male,23,Engineering,58.03,69.84,67.22,75.15,96.6,59.12,27.7,No,No,Master's,Medium,10,6.7,1
Female,23,CS,83.84,66.22,56.71,97.03,75.1,89.14,5.4,No,Yes,PhD,Low,1,7.0,0
Male,18,Engineering,77.07,63.57,83.72,78.57,59.900000000000006,61.11,13.1,No,Yes,Master's,Low,5,6.0,0
Female,24,Business,50.92,69.98,82.33,71.2,14.2,88.68,14.8,Yes,Yes,Master's,High,6,6.6,1
Male,23,Engineering,53.1,71.71,55.07,50.34,7.4,74.25,29.6,No,No,Bachelor's,High,7,6.7,1
Male,21,Business,94.4,81.51,73.37,56.67,59.6,53.61,28.6,No,Yes,PhD,Low,8,8.3,1
Female,20,Mathematics,93.44,82.67,83.35,78.93,53.9,58.27,20.7,No,Yes,Master's,Medium,5,5.1,0
Male,21,Business,67.86,62.66,74.68,74.69,84.60000000000001,94.65,6.1,Yes,Yes,Unknown,High,1,5.2,0
Female,22,CS,94.55,64.81,83.72,68.19,32.3,80.14,9.8,Yes,No,Master's,Medium,5,5.1,1
Male,21,CS,79.68,62.42,90.81,96.16,4.0,59.22,15.9,No,Yes,Unknown,Medium,1,6.9,1
Male,24,CS,90.3,72.19,84.29,66.62,42.400000000000006,85.19,29.0,No,No,Master's,Low,8,7.5,1
Male,19,Engineering,71.37,67.2,80.81,76.86,96.9,91.16,7.4,No,Yes,PhD,Low,2,5.2,0
Female,23,CS,55.67,93.38,92.68,78.44,79.6,66.53,24.8,No,No,Unknown,Medium,2,7.4,0
Female,24,Business,71.69,81.78,95.03,76.37,3.4000000000000004,77.83,9.8,Yes,Yes,Unknown,High,6,7.1,0
Female,23,Mathematics,72.86,93.92,69.44,73.88,87.5,64.67,17.7,Yes,Yes,Bachelor's,High,9,5.6,1
Female,19,CS,77.55,82.55,58.66,66.85,47.2,54.0,24.2,No,No,Unknown,High,5,5.1,1
Female,23,Engineering,55.28,98.26,90.89,95.44,36.5,69.98,22.3,Yes,No,Master's,High,6,8.4,0
Male,21,Mathematics,99.57,78.14,60.69,72.54,34.7,87.57,24.4,Yes,Yes,Master's,Medium,3,6.8,0
Male,22,CS,62.21,97.81,96.45,76.42,59.5,72.93,25.3,No,Yes,Bachelor's,High,9,7.5,0
Female,18,CS,59.93,49.49,51.14,82.82,53.1,70.26,12.6,Yes,Yes,High School,High,4,8.6,1
Male,19,Mathematics,76.34,43.15,96.06,53.38,65.7,68.3,14.1,No,Yes,Unknown,Low,6,5.0,1
Male,21,CS,76.86,74.75,79.46,89.06,57.400000000000006,72.95,25.4,Yes,No,Unknown,High,4,5.8,1
Male,24,Engineering,71.99,99.01,88.74,75.63,14.4,65.91,6.0,No,Yes,Unknown,Low,6,6.2,0
Male,21,Business,88.59,65.06,69.92,82.86,25.7,80.61,17.9,Yes,Yes,Master's,High,1,5.2,0
Female,21,Business,75.83,52.72,99.59,88.6,84.1,53.18,28.0,No,No,PhD,Low,1,8.2,1
Male,18,Mathematics,80.48,71.29,61.38,93.7,66.3,90.37,27.1,Yes,No,PhD,Medium,1,4.4,0
Female,20,Business,86.19,78.93,63.22,69.61,44.8,58.66,25.1,Yes,Yes,PhD,High,10,5.2,1
Female,23,CS,51.25,58.91,52.57,90.57,18.3,81.67,5.5,Yes,No,Bachelor's,Low,2,5.0,0
Male,23,CS,78.53,82.89,97.02,62.94,0.8,72.49,27.2,No,No,Bachelor's,High,7,8.8,1
Female,24,Engineering,94.21,98.51,72.8,83.02,31.200000000000003,88.67,27.8,Yes,Yes,Master's,Medium,3,7.1,0
Male,22,Business,50.87,93.82,83.74,55.14,5.5,91.31,21.6,Yes,No,PhD,Medium,1,7.6,0
Male,24,Mathematics,70.26,57.5,84.37,51.0,48.2,60.21,12.5,Yes,No,High School,Medium,8,4.5,1
Male,20,CS,96.31,59.6,93.73,54.79,82.2,83.86,17.2,Yes,No,Unknown,Medium,8,5.0,0
Female,23,Mathematics,67.66,62.29,83.25,65.97,28.5,59.5,24.1,Yes,No,PhD,High,4,8.0,0
Female,22,CS,72.94,63.67,78.1,51.55,84.80000000000001,56.2,25.3,Yes,Yes,High School,Medium,7,6.8,1
Female,24,CS,99.08,46.02,85.52,81.52,70.5,96.51,13.6,Yes,No,Unknown,High,2,4.2,0
Male,22,Engineering,59.97,85.72,87.55,65.83,12.5,58.22,13.2,No,No,Unknown,Medium,6,6.8,1
Male,21,Business,53.26,61.92,59.3,86.82,64.5,61.41,23.4,Yes,No,Bachelor's,High,9,6.4,0
Male,19,Engineering,92.97,92.79,55.48,52.3,15.2,56.52,22.2,Yes,No,High School,Medium,7,4.8,1
Female,21,Business,93.42,95.62,53.74,60.84,65.5,73.51,17.8,No,Yes,PhD,Medium,6,7.0,1
Male,18,Mathematics,73.6,41.47,68.7,70.4,14.3,95.98,15.5,No,Yes,PhD,Low,10,4.9,0
Male,23,Business,75.71,99.31,74.9,69.13,39.3,63.2,21.4,No,No,Master's,Medium,2,8.1,1
Female,22,Mathematics,91.79,82.6,80.78,56.55,56.7,77.09,5.8,No,No,High School,High,4,7.1,1
Female,24,CS,86.93,71.22,97.9,99.71,5.0,70.57,6.9,No,Yes,Unknown,Low,6,8.4,0
Female,19,Mathematics,63.26,63.37,66.54,64.22,15.3,66.8,19.3,No,No,Bachelor's,Medium,5,6.1,1
Male,24,Mathematics,50.84,71.11,88.04,86.05,32.0,78.61,10.3,No,Yes,Master's,Medium,5,6.6,0
Male,23,CS,73.99,59.48,76.57,61.0,46.2,77.94,24.4,No,Yes,Bachelor's,Low,4,7.8,0
Male,22,Mathematics,92.95,77.36,61.0,93.89,85.8,67.97,24.3,Yes,No,Unknown,High,8,6.7,0
Female,22,Mathematics,94.79,45.58,80.77,69.39,18.700000000000003,92.53,22.7,No,No,Unknown,Low,8,6.9,0
Female,21,CS,97.81,77.27,98.36,95.05,34.7,52.66,27.6,Yes,No,Bachelor's,Low,5,6.8,0
Female,19,CS,93.98,56.52,56.22,67.09,47.6,54.26,8.5,No,Yes,Master's,Medium,7,6.5,1
Female,19,CS,79.0,41.06,75.36,50.43,29.6,99.54,11.5,Yes,Yes,Unknown,High,2,8.0,1
Male,23,Business,72.23,73.16,52.58,75.85,62.6,87.38,11.3,Yes,No,PhD,High,3,6.4,1
Male,22,CS,88.74,74.71,66.06,76.24,25.7,90.2,24.6,No,No,PhD,Low,10,8.5,0
Male,19,CS,86.99,65.59,81.03,55.99,77.2,80.14,18.0,No,Yes,PhD,Low,9,8.0,0
Male,19,Mathematics,76.91,44.34,92.05,61.75,50.5,70.99,11.3,No,No,Master's,Medium,7,7.5,0
Male,24,Engineering,54.37,93.6,86.52,89.17,8.6,81.46,8.4,No,Yes,Master's,Medium,6,8.5,0
Male,23,Engineering,96.3,76.69,73.14,51.84,62.7,54.63,27.3,No,No,High School,Low,7,6.7,1
Male,21,Business,72.78,46.94,95.46,74.48,56.900000000000006,87.89,22.3,No,Yes,High School,Low,6,8.1,0
Male,24,Business,68.17,70.66,65.14,76.52,33.9,77.04,18.2,Yes,Yes,PhD,High,2,5.2,1
Female,24,Engineering,81.48,69.84,87.7,84.44,1.1,97.84,29.1,Yes,No,Bachelor's,Low,3,4.4,0
Female,20,Engineering,83.69,43.62,73.7,51.87,20.1,81.87,26.2,Yes,No,Bachelor's,Medium,5,7.4,1
Male,18,CS,60.53,76.41,94.93,79.28,40.6,57.58,9.5,Yes,No,PhD,Low,2,5.5,0
Female,20,Mathematics,91.85,88.5,89.87,50.15,20.0,73.88,17.7,No,Yes,High School,High,3,7.2,0
Male,19,CS,64.5,84.94,95.07,63.26,57.7,52.89,17.2,No,No,Master's,High,7,4.4,0
Male,22,Business,59.33,52.18,60.71,74.98,71.2,87.27,26.1,No,Yes,Bachelor's,High,2,8.8,0
Female,18,Engineering,70.32,91.74,83.41,95.56,85.60000000000001,75.09,8.7,Yes,Yes,Master's,High,6,6.6,0
Male,18,Business,86.53,60.55,86.92,56.33,64.7,68.48,16.3,No,Yes,PhD,High,10,4.0,0
Male,22,CS,98.27,96.79,87.12,58.46,68.89999999999999,98.43,20.9,No,Yes,Master's,Medium,5,6.4,0
Male,18,Business,90.46,44.3,75.2,83.46,60.8,97.03,28.6,Yes,No,Bachelor's,High,3,7.9,0
Male,22,Business,97.02,69.17,50.56,68.74,98.5,97.64,27.5,No,Yes,High School,Medium,8,8.3,0
Male,18,Mathematics,57.03,75.83,63.07,81.17,26.1,61.05,18.3,No,No,Bachelor's,Medium,6,6.3,0
Male,24,Business,53.56,54.86,66.17,99.87,26.6,86.43,20.2,No,No,Unknown,High,9,4.6,0
Male,23,CS,77.89,86.28,92.6,99.34,12.6,97.27,26.3,Yes,Yes,Master's,High,1,8.5,0
Female,23,Mathematics,64.51,77.61,92.04,67.69,48.6,78.54,23.6,Yes,Yes,Master's,Medium,3,8.9,0
Female,20,Business,91.4,41.09,55.23,75.2,9.6,60.71,27.0,No,Yes,Master's,Medium,10,4.3,1
Male,24,CS,83.6,76.5,97.49,95.23,27.0,90.89,27.4,Yes,Yes,PhD,High,8,4.4,0
Female,18,Engineering,98.54,69.49,59.12,54.61,48.3,94.0,25.8,No,No,PhD,Medium,1,6.8,0
Male,21,Mathematics,62.74,51.76,70.72,72.62,95.8,85.16,5.2,Yes,Yes,Bachelor's,Low,8,6.7,1
Male,22,Business,74.29,99.74,60.76,68.88,96.4,64.68,12.8,Yes,Yes,High School,Low,10,6.9,0
Male,24,Business,75.06,93.83,93.02,64.74,74.4,59.53,15.1,Yes,Yes,Unknown,Medium,5,5.6,0
Male,18,Mathematics,61.96,57.55,87.47,99.71,38.9,81.21,21.9,No,Yes,High School,Medium,8,4.3,0
Female,23,CS,79.5,72.46,67.68,86.68,86.5,74.14,12.7,Yes,Yes,High School,Medium,10,6.9,0
Female,23,Business,72.16,58.99,84.09,69.44,87.5,83.44,13.1,Yes,No,Unknown,Low,7,4.8,0
Female,22,CS,72.34,86.53,59.22,91.45,91.0,55.58,15.0,Yes,Yes,PhD,Medium,9,5.7,0
Female,21,Mathematics,68.14,95.82,69.11,74.48,64.0,56.8,28.9,Yes,Yes,Master's,High,7,6.9,1
Male,18,Business,50.85,61.53,68.86,93.64,20.2,68.14,15.9,Yes,No,PhD,Low,4,5.0,1
Female,18,Engineering,76.1,88.34,61.9,63.32,9.1,62.94,8.5,No,No,Master's,Medium,1,6.7,1
Male,21,Engineering,66.76,69.9,93.82,61.18,91.5,80.97,5.2,No,Yes,Master's,Low,2,7.6,0
Male,21,Engineering,50.07,63.79,83.94,62.36,5.6000000000000005,68.38,10.9,Yes,No,PhD,Low,2,4.3,1
Female,21,Mathematics,65.4,96.31,64.0,76.92,29.6,84.2,28.5,No,No,High School,Low,1,7.1,0
Male,23,Business,63.93,70.62,62.11,64.57,48.7,88.44,28.9,Yes,No,Master's,High,10,6.5,1
Female,22,Mathematics,69.67,68.04,50.9,57.36,2.2,59.36,18.2,No,Yes,PhD,High,7,4.5,1
Female,24,Business,56.59,80.35,67.33,99.73,90.7,95.99,21.2,Yes,Yes,High School,High,4,7.5,0
Female,21,Engineering,75.38,55.67,76.34,95.02,28.700000000000003,89.36,24.9,Yes,No,Unknown,Low,10,5.6,0
Female,22,Engineering,84.62,59.49,63.89,81.75,2.9,81.34,6.4,Yes,Yes,Master's,Medium,7,4.9,1
Female,20,CS,81.51,95.92,85.02,94.58,99.4,95.45,14.4,Yes,Yes,High School,Low,8,5.4,0
Male,18,Mathematics,90.19,80.71,70.59,96.77,31.1,63.29,21.1,Yes,No,Master's,Medium,6,6.7,0
Female,18,Mathematics,72.6,89.6,65.82,83.81,87.69999999999999,71.09,27.5,Yes,Yes,High School,Medium,8,6.9,1
Female,19,CS,75.95,56.27,96.95,75.93,45.3,54.29,23.2,Yes,Yes,Unknown,High,2,4.8,1
Male,20,Engineering,90.52,72.63,63.14,94.1,66.3,72.81,13.8,No,Yes,Master's,Medium,1,8.7,0
Female,24,Engineering,71.39,98.28,69.91,78.39,24.1,75.32,27.7,No,Yes,PhD,Medium,9,5.6,0
Female,21,Mathematics,85.08,59.12,69.11,56.34,50.3,80.8,21.6,No,Yes,High School,High,9,5.3,0
Male,21,Business,71.73,49.63,62.06,68.34,25.8,53.2,25.8,Yes,Yes,Unknown,Medium,9,4.9,1
Male,24,Engineering,70.89,70.65,60.87,72.3,95.1,51.62,14.6,Yes,Yes,Master's,High,4,4.6,1
Female,23,CS,88.01,63.27,65.12,96.77,6.1,70.99,5.1,No,Yes,Unknown,Low,9,8.9,0
Male,20,CS,58.74,49.57,93.21,82.96,27.5,59.46,9.2,No,No,Unknown,Medium,9,7.4,1
Female,21,CS,66.93,93.31,88.35,93.76,89.3,87.94,28.2,No,Yes,Master's,High,5,7.9,0
Male,19,Mathematics,61.21,99.44,84.05,87.88,48.0,83.44,5.8,Yes,No,Master's,Low,1,6.0,0
Female,22,Mathematics,67.96,74.11,72.86,65.49,60.0,66.29,19.9,No,No,High School,Low,8,6.1,1
Female,18,Mathematics,61.52,86.48,75.39,85.94,65.19999999999999,52.29,15.2,Yes,Yes,PhD,High,1,8.9,0
Female,20,Mathematics,78.97,91.54,63.36,59.76,7.1,59.12,15.7,No,Yes,Unknown,Medium,3,5.0,1
Male,18,CS,89.91,82.06,53.72,70.41,1.7999999999999998,84.58,15.0,No,No,Master's,Medium,3,5.6,1
Female,22,CS,89.33,42.65,66.55,90.3,93.8,99.51,6.7,No,No,Unknown,Medium,5,5.0,0
Male,20,Mathematics,68.23,49.46,74.78,80.6,27.200000000000003,66.32,8.1,No,No,High School,Medium,5,5.4,0
Female,22,Mathematics,99.44,44.26,52.87,91.27,38.0,90.1,6.6,Yes,Yes,High School,High,5,7.3,1
Female,21,CS,79.69,40.59,54.41,62.74,68.2,93.35,6.3,No,No,High School,Low,4,5.5,1
Female,24,Mathematics,69.97,58.36,63.15,87.49,23.6,52.41,7.1,Yes,No,PhD,Medium,1,8.4,1
Female,21,Mathematics,91.78,63.54,68.35,60.12,73.3,95.81,22.4,Yes,Yes,Bachelor's,High,4,4.2,0
Female,24,Mathematics,86.49,54.46,69.67,77.27,45.8,73.31,7.9,Yes,Yes,Bachelor's,High,10,5.8,0
Male,21,Mathematics,87.46,43.88,55.89,71.68,85.7,98.21,11.5,Yes,No,Bachelor's,Medium,8,8.3,0
Male,22,Engineering,59.81,71.79,61.29,77.82,27.9,76.93,21.4,Yes,Yes,PhD,Medium,5,7.1,0
Male,22,Mathematics,73.42,56.4,63.08,56.78,20.4,61.76,7.8,No,Yes,PhD,Low,7,7.9,1
Female,22,CS,93.09,87.76,53.38,68.06,83.2,98.73,27.8,No,Yes,Unknown,High,1,5.6,0
Female,18,CS,75.2,40.48,66.3,83.35,32.599999999999994,62.17,16.9,No,No,Unknown,High,5,5.8,1
Male,22,CS,84.17,90.55,53.61,77.93,41.2,94.12,29.1,No,Yes,High School,Low,10,8.4,0
Female,21,CS,79.4,97.29,85.17,77.45,79.4,58.66,9.8,Yes,No,PhD,Medium,8,7.7,0
Female,19,Mathematics,92.12,82.97,69.3,75.54,63.6,83.74,5.8,No,Yes,Bachelor's,Medium,5,5.9,0
Female,22,Engineering,64.23,84.02,66.34,97.19,44.2,70.56,19.8,No,Yes,Bachelor's,Medium,1,5.1,1
Male,19,Business,78.77,96.01,56.33,96.73,25.0,98.6,13.2,No,Yes,Unknown,Medium,2,4.5,0
Male,24,Business,56.16,52.54,61.33,68.01,76.39999999999999,59.24,19.3,Yes,No,High School,Low,6,8.3,1
Male,21,Business,84.51,99.67,61.64,67.59,18.0,70.44,16.8,No,Yes,High School,High,2,7.5,0
Male,22,Business,86.6,86.41,99.26,77.74,92.8,81.99,16.4,Yes,No,Master's,Medium,9,7.0,0
Male,18,CS,52.14,83.59,91.77,54.78,15.0,98.88,26.3,Yes,No,PhD,Low,9,7.9,0
Female,18,Mathematics,83.79,61.67,50.76,65.15,80.5,65.19,9.8,No,Yes,Bachelor's,Low,2,8.6,1
Female,24,Mathematics,70.73,72.75,80.84,61.54,42.400000000000006,69.84,17.5,Yes,Yes,Bachelor's,High,1,7.8,0
Female,19,Business,56.2,79.24,62.8,61.17,18.6,73.09,15.4,No,Yes,Unknown,Low,7,6.1,1
Female,23,Business,71.0,77.22,55.22,81.93,40.2,62.64,21.8,No,Yes,Unknown,High,7,4.9,0
Male,18,Engineering,59.71,82.3,85.28,69.22,22.200000000000003,90.87,6.3,No,No,PhD,Medium,3,7.6,0
Male,18,Engineering,70.78,44.94,56.58,58.56,13.6,54.6,18.2,Yes,No,Unknown,High,2,5.2,1
Female,18,Engineering,69.22,61.34,72.19,94.38,23.9,85.24,17.0,No,No,Unknown,Medium,9,7.9,1
Male,21,CS,86.92,66.04,81.61,93.71,86.7,76.7,29.3,No,No,Bachelor's,Medium,9,5.7,0
Female,18,Mathematics,88.71,55.64,77.72,93.12,10.6,62.1,23.9,No,No,PhD,Medium,6,4.8,1
Female,20,CS,80.35,50.36,98.88,69.54,97.3,74.64,8.9,No,Yes,Bachelor's,Low,7,5.3,0
Female,22,CS,51.13,48.34,89.29,52.85,0.5,91.5,17.7,No,Yes,Bachelor's,Low,2,5.3,0
Female,24,Mathematics,96.55,61.98,88.71,55.34,65.8,72.27,24.6,No,No,Unknown,Low,6,5.9,1
Male,18,Engineering,84.31,69.61,67.78,63.8,85.7,56.09,18.1,Yes,Yes,Bachelor's,Medium,6,5.3,1
Female,23,Mathematics,51.71,43.78,50.42,61.0,93.4,52.04,13.9,Yes,No,PhD,Low,8,5.1,1
Male,23,Business,90.94,96.79,86.72,93.7,14.4,88.89,14.4,Yes,Yes,Unknown,Medium,9,6.0,0
Female,18,Engineering,60.01,85.91,99.99,99.32,69.80000000000001,66.52,14.2,No,Yes,PhD,Low,2,8.3,0
Female,18,Mathematics,78.96,83.85,70.29,90.83,10.7,96.56,5.5,Yes,Yes,High School,Medium,7,4.4,0
Female,20,CS,73.33,50.37,99.28,86.49,35.3,80.86,23.3,No,No,PhD,Medium,9,5.5,0
Female,18,Mathematics,70.99,76.23,57.09,79.43,73.2,71.81,20.3,Yes,Yes,PhD,High,6,6.8,0
Male,18,Engineering,94.49,71.78,64.83,88.5,34.6,78.22,11.7,Yes,No,Master's,Medium,7,8.4,1
Female,22,Business,71.87,98.95,58.54,97.35,31.3,72.86,20.8,Yes,Yes,PhD,High,9,5.4,0
Male,23,CS,53.77,84.86,73.76,80.07,11.6,95.29,12.7,No,No,Bachelor's,High,10,5.7,0
Female,20,Business,97.33,74.55,89.85,57.73,6.6000000000000005,72.9,11.1,Yes,Yes,Bachelor's,Medium,4,8.0,0
Female,23,Business,96.03,91.05,67.03,58.19,11.5,55.2,23.5,Yes,No,Unknown,Low,2,5.9,1
Female,20,CS,84.22,49.31,95.31,79.19,87.5,79.85,25.2,No,Yes,High School,Low,2,8.3,0
Male,23,Mathematics,73.39,40.91,77.24,66.67,1.1,81.15,20.6,No,No,Unknown,High,1,6.3,1
Female,18,Mathematics,54.64,81.41,73.27,95.51,69.3,88.27,24.6,Yes,Yes,PhD,Medium,9,6.8,0
Female,23,Business,89.54,45.9,89.35,80.58,76.9,96.66,14.1,No,No,PhD,Medium,10,6.8,0
Female,23,Mathematics,53.77,46.93,55.07,83.82,56.8,72.15,6.8,Yes,No,Bachelor's,Medium,4,4.6,1
Female,20,Engineering,53.43,84.68,88.69,50.29,73.1,67.6,20.1,Yes,Yes,PhD,High,5,5.8,0
Female,24,Business,76.87,56.23,62.15,74.94,65.19999999999999,74.54,11.4,No,No,PhD,Medium,4,5.2,1
Male,19,Business,58.01,77.72,64.04,71.56,45.6,95.01,24.4,Yes,Yes,Bachelor's,Low,4,7.4,0
Male,20,Business,50.39,95.04,79.97,85.29,38.3,99.0,14.0,No,No,High School,High,6,8.7,0
Female,20,Engineering,71.16,58.99,95.1,69.13,94.1,98.56,21.8,Yes,No,PhD,High,6,5.1,0
Female,20,Business,56.86,53.03,78.92,98.83,97.2,61.48,18.8,Yes,No,Master's,High,1,4.5,0
Male,21,Mathematics,58.03,46.39,82.45,83.51,65.1,74.84,25.4,No,No,High School,Low,1,6.5,0
Female,24,Mathematics,53.85,47.83,88.83,83.0,19.7,62.97,25.8,Yes,No,High School,Low,7,6.0,1
Male,21,Mathematics,60.25,43.73,62.97,95.97,44.8,68.4,6.7,Yes,Yes,Bachelor's,High,1,4.2,1
Female,21,Mathematics,85.77,45.26,91.36,99.76,49.7,51.58,12.4,No,No,Unknown,Low,1,8.6,0
Female,20,Business,90.45,65.92,70.9,59.89,75.8,58.03,26.8,No,Yes,PhD,Low,6,8.7,1
Male,19,Engineering,72.63,59.25,58.78,90.53,66.8,69.85,15.1,No,Yes,PhD,Low,8,8.3,0
Female,20,CS,75.33,82.39,67.51,58.12,51.5,68.24,17.9,Yes,Yes,Unknown,Medium,7,5.4,1
Male,18,Mathematics,51.63,92.21,62.31,72.85,68.0,63.94,9.6,No,No,PhD,Medium,6,4.6,0
Male,19,CS,53.47,87.09,61.44,55.01,2.4,61.52,18.8,No,Yes,Master's,High,7,7.0,1
Male,21,CS,62.88,71.84,64.13,81.17,77.69999999999999,87.45,11.6,No,Yes,Unknown,High,2,5.4,0
Female,23,Business,77.19,46.15,59.05,73.43,21.200000000000003,64.73,25.7,No,No,Bachelor's,Medium,6,5.0,1
Male,23,Mathematics,86.98,82.59,83.39,81.43,65.6,85.33,10.0,No,No,Unknown,High,9,7.2,0
Male,24,Mathematics,80.25,61.77,79.0,83.9,11.4,68.43,14.0,Yes,No,High School,Medium,4,7.8,1
Female,22,Mathematics,69.61,45.14,82.42,80.97,11.4,90.1,7.4,Yes,No,Bachelor's,Medium,2,6.6,0
Female,24,CS,55.92,90.55,67.19,64.7,3.6,58.36,19.7,Yes,Yes,High School,High,9,5.6,1
Female,19,Mathematics,89.04,60.29,88.49,91.85,91.0,57.88,28.5,Yes,No,Bachelor's,Medium,8,6.6,0
Female,21,Mathematics,68.19,53.09,56.48,77.58,60.5,83.98,9.3,Yes,Yes,Unknown,High,8,7.0,0
Female,19,Engineering,86.8,92.29,78.56,74.49,36.2,95.75,5.5,Yes,Yes,High School,Low,7,4.3,0
Female,19,Business,75.65,94.13,63.77,99.35,78.8,57.15,15.6,No,No,Bachelor's,Low,8,6.2,0
Male,23,Mathematics,86.93,60.34,76.38,64.18,62.6,53.69,23.7,Yes,No,PhD,Medium,3,7.0,0
Female,20,Mathematics,95.36,61.29,66.18,76.4,62.0,96.73,29.4,No,No,High School,Medium,6,4.6,0
Male,18,Business,96.05,74.78,89.53,84.12,48.7,55.87,6.3,No,Yes,Master's,Low,7,6.2,1
Female,22,Business,76.76,84.01,94.56,56.26,0.8,62.52,24.6,No,No,Bachelor's,Low,5,5.7,0
Male,21,CS,75.58,43.79,87.13,67.71,25.8,96.47,14.2,No,No,PhD,Medium,2,8.3,1
Male,19,CS,63.28,75.6,58.78,90.08,10.9,90.15,8.8,Yes,No,PhD,Low,10,6.4,0
Female,22,CS,96.79,97.17,63.74,61.84,66.2,67.14,9.8,Yes,No,Unknown,Medium,7,6.1,1
Female,19,Business,72.9,55.73,95.97,74.66,24.9,97.73,28.1,Yes,Yes,Unknown,Low,2,5.2,0
Male,23,Engineering,56.38,94.53,71.86,81.53,45.0,78.4,25.2,Yes,Yes,High School,Low,9,8.8,0
Female,18,Mathematics,71.64,97.01,97.06,83.56,35.3,53.61,12.8,No,No,High School,Medium,9,8.8,1
Female,23,Business,56.35,56.15,69.62,86.42,14.3,85.15,28.5,Yes,No,Master's,Medium,10,5.8,0
Male,22,Engineering,75.13,85.25,97.59,93.3,95.8,76.86,7.6,No,No,PhD,Medium,6,8.6,0
Male,21,Business,78.06,54.33,96.29,69.64,93.3,78.63,13.1,Yes,No,Bachelor's,Medium,4,7.1,0
Male,19,Engineering,66.89,84.26,83.03,85.33,8.5,99.71,21.3,No,Yes,Master's,High,10,7.9,0
Female,18,Business,53.58,87.85,50.44,86.61,82.69999999999999,57.63,30.0,Yes,No,Master's,High,4,4.4,1
Female,23,Business,97.18,54.83,70.02,65.01,48.8,82.84,16.6,Yes,No,Master's,Medium,5,4.1,0
Female,22,Engineering,88.67,82.95,95.56,98.41,77.4,72.94,25.3,No,No,Bachelor's,High,7,6.6,0
Female,23,Engineering,91.94,88.73,94.26,93.26,15.1,63.59,27.9,Yes,Yes,Master's,Low,8,4.4,0
Male,19,Engineering,68.34,61.51,59.37,64.49,13.2,84.68,5.2,Yes,Yes,Unknown,Medium,10,8.5,1
Female,19,Engineering,88.04,50.06,69.96,83.75,89.1,83.41,12.2,Yes,No,Unknown,High,8,8.1,1
Male,21,Engineering,74.27,45.52,91.78,85.89,89.80000000000001,92.82,7.5,No,No,Unknown,Medium,7,7.6,0
Female,18,Engineering,60.05,74.52,78.89,71.57,46.6,93.94,24.4,Yes,Yes,Master's,Low,6,4.2,0
Female,20,Engineering,56.22,98.69,92.36,93.19,87.0,78.09,19.2,No,No,Master's,Low,2,6.3,0
Male,23,Engineering,67.25,89.38,91.33,84.51,66.7,66.28,7.4,No,No,PhD,Medium,8,4.4,0
Female,19,Business,56.88,66.15,95.37,82.91,18.5,76.48,15.5,Yes,No,High School,High,4,8.6,0
Female,22,Engineering,99.91,72.2,55.86,61.04,32.9,67.96,17.8,Yes,No,PhD,Medium,8,7.1,0
Male,23,Engineering,52.46,56.77,57.26,70.39,13.6,63.87,22.4,No,Yes,Unknown,Medium,5,4.8,1
Female,21,Business,72.06,49.78,54.14,71.7,77.4,77.58,24.5,Yes,Yes,High School,Low,3,6.8,0
Male,21,Business,72.6,68.92,96.76,86.68,98.5,82.9,7.2,No,Yes,PhD,Medium,6,4.6,0
Male,19,CS,65.03,67.81,73.76,80.92,54.6,79.53,17.2,No,No,Bachelor's,High,2,4.7,0
Male,19,CS,78.57,71.32,53.22,54.29,65.6,97.72,9.0,No,Yes,Bachelor's,Medium,6,4.4,1
Male,19,Engineering,57.5,97.17,66.08,65.38,74.6,64.93,23.8,No,Yes,Bachelor's,Medium,6,8.4,0
Female,24,Engineering,89.2,76.23,67.57,73.65,22.4,68.62,21.4,Yes,Yes,Unknown,Low,1,6.7,1
Female,20,CS,66.62,76.35,90.48,86.84,33.6,83.38,23.1,Yes,Yes,High School,Low,10,5.6,0
Female,19,CS,79.57,47.68,86.77,87.18,41.2,80.02,6.9,Yes,Yes,Unknown,Low,5,4.0,0
Male,23,Mathematics,85.78,99.79,84.47,74.53,59.5,50.09,17.8,Yes,Yes,Bachelor's,Low,5,6.4,1
Female,23,Mathematics,94.45,86.37,51.09,55.85,85.0,65.61,26.0,No,Yes,Master's,High,8,6.6,0
Female,24,Engineering,91.79,92.63,95.53,64.65,25.4,62.69,22.8,Yes,No,Unknown,Low,7,5.7,0
Female,24,Mathematics,80.42,64.86,60.78,62.73,47.1,92.0,26.5,No,No,High School,Medium,9,6.4,0
Female,18,CS,69.42,70.13,81.45,89.05,75.19999999999999,93.31,10.2,Yes,Yes,Unknown,Low,10,4.5,0
Male,22,Engineering,75.16,71.33,53.09,59.0,8.7,64.19,12.2,Yes,No,High School,High,3,8.6,1
Male,19,Business,88.44,51.65,54.08,73.25,51.3,55.1,16.0,No,Yes,Master's,High,1,5.3,1
Female,23,Business,93.88,81.37,50.48,83.54,14.4,60.26,18.1,Yes,No,PhD,Low,7,8.7,1
Male,24,CS,55.19,94.18,78.3,98.24,53.9,58.83,11.3,Yes,Yes,High School,Low,9,6.5,0
Female,23,Mathematics,69.24,49.82,81.47,99.96,76.8,61.87,14.5,No,Yes,High School,Low,10,8.3,1
Female,23,Business,88.81,45.18,52.52,97.65,23.700000000000003,61.73,22.2,No,Yes,Bachelor's,Low,10,6.9,1
Female,24,Mathematics,71.58,84.29,64.52,85.91,84.9,73.99,21.1,No,No,Bachelor's,Medium,7,8.2,0
Male,20,Business,66.61,56.39,92.57,87.32,33.5,65.98,7.8,No,No,Master's,Medium,10,4.1,1
Female,24,Mathematics,70.57,77.43,55.07,87.96,19.1,77.99,29.6,No,Yes,Unknown,High,7,4.9,1
Male,24,Business,80.14,81.75,60.83,93.13,46.5,67.21,19.1,No,No,PhD,Low,10,5.8,1
Male,22,Business,99.99,59.31,71.22,97.59,87.6,90.73,17.1,No,Yes,PhD,Low,6,5.5,0
Female,24,Engineering,74.65,88.91,92.11,72.29,6.9,97.54,29.2,No,No,Master's,Medium,5,8.7,0
Male,21,Engineering,60.42,73.0,62.74,70.83,32.8,70.2,8.5,No,Yes,PhD,Low,5,6.0,0
Male,24,CS,58.14,92.14,99.86,73.02,65.3,52.47,18.6,No,Yes,Unknown,Medium,8,8.9,1
Female,23,Business,52.12,85.8,67.76,82.99,35.8,61.98,25.1,No,No,Bachelor's,High,9,7.3,0
Male,19,Mathematics,77.94,92.11,69.32,88.77,7.1,55.09,15.0,Yes,Yes,Master's,High,4,8.2,1
Male,23,Business,77.23,41.21,56.11,93.53,33.2,67.24,23.4,Yes,Yes,PhD,Low,10,6.0,1
Female,22,Mathematics,60.26,54.61,84.01,72.81,82.10000000000001,82.26,27.5,No,Yes,Master's,Low,1,5.0,0
Female,21,Mathematics,84.77,45.4,62.17,68.17,96.8,75.95,11.5,Yes,Yes,Master's,Low,5,4.3,1
Male,24,Business,87.06,66.52,81.44,99.17,4.0,62.14,11.0,No,No,High School,Medium,4,7.3,1
Female,20,Mathematics,62.95,93.4,61.16,61.59,56.900000000000006,88.36,14.0,No,Yes,High School,Medium,4,8.9,0
Female,18,CS,67.2,68.05,69.39,61.1,10.5,56.57,15.5,No,No,Master's,High,1,4.6,1
Male,24,Engineering,99.52,90.98,92.83,85.77,68.0,61.41,7.8,Yes,No,High School,Medium,3,7.9,0
Male,19,Mathematics,68.71,59.63,86.95,58.98,0.8,83.8,10.8,No,Yes,PhD,Low,3,5.8,0
Female,18,Business,88.04,60.37,57.73,69.97,1.5,59.86,26.8,Yes,Yes,Master's,High,8,9.0,1
Male,20,Engineering,72.64,93.73,80.39,64.62,77.69999999999999,83.94,19.2,No,Yes,High School,Low,6,8.4,0
Female,22,CS,89.67,65.55,81.43,58.44,7.4,98.85,11.7,Yes,No,PhD,Medium,6,5.2,0
Female,22,Mathematics,88.45,87.39,54.53,78.99,30.5,91.57,28.6,Yes,Yes,Bachelor's,Medium,6,7.8,0
Male,20,Mathematics,83.39,54.2,73.29,68.68,95.8,58.0,24.4,No,No,Bachelor's,Low,8,7.7,0
Male,23,Engineering,92.74,96.93,63.03,73.11,98.5,76.02,14.1,Yes,Yes,Master's,Low,5,7.8,0
Female,20,Mathematics,96.96,74.47,73.36,59.79,16.1,71.12,24.1,Yes,Yes,Unknown,High,3,4.4,1
Female,24,Business,79.0,85.56,88.85,88.39,56.1,99.58,19.9,No,No,PhD,Medium,1,8.0,0
Female,19,Engineering,61.87,45.37,57.91,65.74,55.9,98.22,22.1,Yes,Yes,Master's,Medium,8,5.3,0
Female,21,Engineering,69.93,69.56,56.17,67.14,45.2,56.36,13.0,Yes,Yes,High School,High,10,7.0,1
Male,24,Mathematics,87.92,94.06,63.47,62.61,92.5,95.44,10.2,Yes,Yes,Bachelor's,High,4,4.6,0
Female,24,CS,82.54,92.62,97.61,71.72,75.4,59.67,11.3,Yes,No,High School,Medium,3,6.8,0
Male,24,CS,58.89,42.81,87.39,73.18,76.5,65.97,7.1,No,No,PhD,High,8,8.5,0
Male,18,CS,52.56,58.22,50.97,76.48,27.0,67.67,16.8,Yes,Yes,Master's,Medium,10,4.9,1
Female,18,CS,84.15,66.6,70.05,98.38,43.4,64.34,15.2,Yes,No,Bachelor's,Medium,7,8.3,0
Male,22,Engineering,62.55,50.34,62.87,95.23,48.7,92.66,5.1,No,No,PhD,High,8,6.2,0
Male,24,Engineering,74.98,83.8,81.91,80.47,29.9,66.5,26.4,Yes,Yes,Bachelor's,High,2,5.6,1
Female,23,Mathematics,87.34,51.07,72.96,51.95,9.5,90.84,22.0,Yes,No,Bachelor's,High,8,4.3,1
Male,22,CS,78.13,60.8,98.22,80.61,12.6,99.72,16.2,Yes,Yes,Master's,Medium,4,6.6,0
Male,19,CS,54.17,79.8,60.95,54.48,18.1,92.04,29.2,No,No,Master's,High,2,5.0,0
Female,20,Mathematics,59.28,68.93,79.39,85.52,20.4,67.31,28.5,No,Yes,Unknown,Medium,4,8.7,1
Female,18,Mathematics,60.97,84.31,85.01,69.5,24.2,85.56,7.4,Yes,No,Unknown,Low,8,5.2,1
Female,24,Mathematics,62.89,97.67,91.28,91.88,25.5,76.7,20.4,No,No,Unknown,High,6,6.9,0
Female,19,Business,78.27,46.99,70.35,97.13,45.6,89.33,25.4,No,Yes,Unknown,Medium,3,6.8,0
Female,22,Mathematics,75.2,82.57,84.35,70.86,51.0,57.65,9.3,Yes,Yes,High School,Medium,7,5.7,1
Female,22,Mathematics,60.16,53.82,65.16,73.03,30.9,81.91,8.2,Yes,No,Unknown,Medium,6,8.3,1
Female,18,Business,53.38,64.87,71.77,79.51,90.7,88.68,11.5,No,Yes,High School,High,5,4.9,0
Male,22,CS,58.57,41.97,94.78,59.86,55.3,88.06,12.0,Yes,Yes,Bachelor's,High,6,8.1,0
Male,23,Engineering,99.22,48.15,97.5,96.37,78.7,98.18,29.1,No,Yes,High School,Low,3,5.0,0
Female,22,CS,73.43,59.19,85.94,71.65,92.4,52.92,24.5,No,Yes,Bachelor's,High,5,4.2,1
Male,21,Engineering,93.37,60.52,68.72,58.34,16.299999999999997,67.29,6.5,No,Yes,Unknown,Low,3,8.7,1
Male,20,Engineering,92.44,93.98,91.0,88.14,42.8,73.83,24.7,Yes,No,High School,Low,2,7.2,0
Female,22,Mathematics,75.58,84.51,51.29,60.96,43.3,65.49,9.2,No,No,Bachelor's,Low,2,7.2,0
Male,21,Mathematics,85.33,98.33,55.14,57.18,35.4,65.49,13.9,Yes,No,Unknown,Low,2,5.3,1
Female,19,Business,59.64,75.94,83.07,78.14,0.8999999999999999,58.81,13.0,Yes,Yes,Bachelor's,High,10,4.7,0
Male,22,CS,84.42,54.5,64.56,83.57,81.6,90.65,11.8,No,No,Master's,Low,4,7.5,0
Female,23,CS,63.62,59.66,97.57,78.48,11.2,95.4,12.7,Yes,Yes,Bachelor's,High,2,6.6,0
Male,19,Engineering,91.6,59.19,71.8,82.83,99.5,54.12,23.9,Yes,No,Unknown,High,4,5.6,1
Male,24,Mathematics,54.19,59.59,71.47,55.78,77.30000000000001,57.74,11.7,No,Yes,PhD,High,9,5.6,1
Male,22,Mathematics,88.66,80.38,83.9,73.8,58.0,61.42,25.0,No,No,Master's,High,3,8.4,0
Female,18,CS,55.0,71.85,88.38,67.85,15.5,75.45,7.3,Yes,No,High School,High,5,8.4,1
Male,21,Business,94.06,63.13,73.78,98.67,51.5,89.56,19.9,Yes,No,Master's,Medium,2,5.4,0
Male,21,Mathematics,65.21,48.95,60.7,52.48,26.1,53.57,26.6,No,Yes,Unknown,High,7,8.0,1
Female,18,Business,82.72,41.33,88.67,64.91,25.2,81.84,7.0,No,Yes,Bachelor's,High,10,5.1,0
Female,20,CS,74.38,53.13,66.02,97.09,83.0,57.47,20.9,Yes,No,PhD,Low,5,8.0,1
Male,24,CS,68.32,46.45,58.76,99.17,38.1,98.57,17.8,Yes,Yes,Unknown,Low,7,4.6,0
Male,23,Business,82.27,87.13,81.58,91.25,45.1,94.94,13.3,No,No,Bachelor's,Low,3,7.8,0
Male,21,Mathematics,97.38,46.75,54.52,53.8,84.3,97.48,7.5,No,No,Unknown,Low,6,6.8,0
Male,19,CS,52.06,83.45,98.57,78.07,8.8,55.31,21.9,No,No,PhD,Low,3,4.6,0
Female,23,Engineering,95.94,63.14,81.62,70.01,59.5,74.4,12.7,Yes,No,Bachelor's,Low,1,7.1,0
Male,21,CS,80.45,44.4,99.29,90.32,57.8,58.26,13.5,Yes,No,PhD,High,8,5.0,0
Male,24,Mathematics,90.37,88.76,66.94,52.75,42.5,80.02,22.9,Yes,No,Bachelor's,High,9,5.0,0
Female,20,Engineering,69.19,74.78,98.56,59.86,83.0,61.64,28.6,Yes,Yes,Master's,Low,5,6.2,1
Male,24,CS,73.59,54.15,57.28,74.46,94.3,88.53,13.3,Yes,Yes,Unknown,Medium,1,8.8,0
Male,19,Mathematics,93.44,93.68,52.03,57.88,46.5,82.2,23.7,Yes,No,High School,Medium,2,8.5,0
Male,24,Mathematics,70.74,42.72,51.65,84.64,45.6,78.58,28.9,No,Yes,High School,High,8,8.1,0
Female,23,CS,76.73,52.11,73.24,91.04,50.2,91.26,7.4,No,Yes,Unknown,High,7,8.3,0
Female,19,Mathematics,51.01,85.12,54.15,85.23,72.30000000000001,75.01,18.2,Yes,No,High School,Medium,4,6.5,0
Male,18,Business,57.93,82.56,75.61,72.01,66.8,63.49,5.3,Yes,No,PhD,Medium,3,5.9,0
Male,22,Engineering,82.08,57.36,66.38,93.92,22.3,81.04,25.6,No,No,High School,Low,4,8.4,1
Female,18,Business,85.85,43.72,66.78,56.88,6.4,97.85,12.2,No,Yes,Unknown,Medium,5,4.4,1
Male,23,CS,79.13,91.48,81.78,63.02,94.9,80.06,13.3,No,No,Master's,Low,4,9.0,0
Male,22,Business,57.17,58.82,58.15,74.48,26.1,81.48,22.2,Yes,Yes,Unknown,High,9,6.8,1
Female,18,CS,72.27,51.74,88.33,53.07,63.9,96.74,24.7,Yes,No,Unknown,High,1,6.7,0
Female,22,CS,67.75,70.96,79.1,54.78,82.8,75.76,15.0,Yes,Yes,Bachelor's,Low,1,5.5,1
Female,21,Mathematics,74.78,94.61,95.75,69.87,30.0,99.82,21.6,No,No,High School,High,10,4.9,0
Male,24,Mathematics,93.52,42.61,68.24,97.19,63.5,57.98,28.9,No,Yes,High School,High,7,7.4,1
Male,19,CS,88.79,85.95,99.14,95.42,10.8,76.85,27.2,No,Yes,Bachelor's,Low,3,5.8,0
Male,22,Engineering,54.2,74.35,78.79,73.3,97.0,60.65,22.5,Yes,Yes,PhD,Medium,4,5.5,0
Male,21,Engineering,94.52,65.53,98.67,57.11,5.8,72.67,28.6,No,Yes,PhD,High,1,4.8,1
Female,24,Engineering,73.59,84.64,51.35,58.91,43.8,58.53,26.9,Yes,Yes,Bachelor's,Medium,2,6.7,0
Male,24,Business,87.19,97.95,86.4,68.88,53.7,61.13,23.2,Yes,No,High School,Medium,5,6.9,1
Male,20,CS,57.0,53.75,90.83,60.5,79.0,60.54,27.9,Yes,Yes,PhD,High,4,6.2,0
Female,18,Mathematics,83.54,48.62,52.66,54.15,12.1,66.0,25.4,No,No,PhD,Medium,3,4.1,1
Female,20,Business,61.82,94.77,78.95,83.69,44.1,56.73,17.6,Yes,Yes,Master's,High,2,6.5,0
Male,23,Business,71.92,80.14,90.1,79.07,30.0,90.47,17.6,Yes,No,PhD,High,1,5.4,0
Female,21,Mathematics,50.84,66.28,78.05,64.56,31.200000000000003,61.03,5.2,Yes,Yes,High School,Low,1,4.7,1
Female,20,CS,57.58,74.4,53.19,88.95,77.9,70.83,5.8,Yes,Yes,Master's,High,1,6.9,1
Male,20,Business,54.6,84.74,84.67,88.8,0.5,50.8,23.7,No,No,Master's,Low,7,7.4,0
Male,24,CS,61.99,86.38,53.03,74.55,74.9,55.24,18.9,Yes,Yes,High School,Low,1,6.6,1
Male,21,CS,55.0,95.19,90.87,54.83,81.0,94.81,24.0,Yes,Yes,Bachelor's,Low,2,7.1,0
Male,24,CS,84.6,65.61,52.15,95.92,90.1,91.86,28.7,Yes,Yes,Unknown,Low,2,7.0,0
Female,19,Mathematics,51.45,57.6,56.87,83.43,62.7,92.05,16.3,No,No,PhD,Low,8,4.6,0
Female,22,CS,80.89,78.38,63.76,62.35,33.3,70.57,7.2,No,Yes,Bachelor's,Medium,5,5.1,0
Male,23,Business,57.04,64.94,81.67,80.52,42.7,57.08,20.7,Yes,No,Unknown,Low,4,4.0,0
Male,23,Mathematics,97.26,75.68,98.82,70.25,97.0,55.39,7.5,No,Yes,High School,Low,3,8.9,0
Female,18,Mathematics,96.65,65.2,55.89,81.77,88.10000000000001,80.28,20.5,Yes,Yes,PhD,Medium,8,5.1,1
Male,24,Business,61.28,49.18,57.14,73.69,46.4,91.41,18.2,No,Yes,Bachelor's,Low,10,8.1,1
Male,22,Mathematics,80.72,68.17,68.44,74.27,94.3,95.01,22.8,No,Yes,Unknown,Medium,6,7.9,0
Male,18,Business,51.4,81.46,91.81,86.79,82.30000000000001,64.44,13.8,No,Yes,High School,Medium,7,7.5,0
Male,23,Engineering,96.59,87.96,73.36,80.69,90.1,66.05,8.6,Yes,Yes,Master's,Low,5,6.2,0
Female,22,Business,76.15,69.6,66.08,54.0,68.3,55.04,10.9,No,No,Master's,High,5,6.9,1
Male,20,Mathematics,52.16,49.91,78.06,53.27,85.8,88.72,22.1,No,No,Master's,High,10,4.9,0
Female,19,Business,67.12,64.88,63.03,65.25,89.2,63.78,17.0,Yes,No,High School,Low,8,4.5,1
Male,20,Engineering,53.84,87.18,70.06,71.51,9.2,74.05,18.5,Yes,Yes,Unknown,High,1,5.8,1
Male,19,CS,69.65,64.77,66.63,63.76,96.5,96.44,13.1,No,No,High School,Low,3,8.1,0
Female,24,CS,83.5,81.79,90.21,82.57,33.4,87.61,25.9,No,Yes,Master's,Low,7,6.8,0
Male,21,CS,73.49,70.43,96.21,59.76,44.0,52.64,30.0,No,No,High School,Medium,3,7.8,0
Female,18,Mathematics,69.19,54.47,87.98,85.21,79.2,50.41,12.8,No,No,PhD,Low,9,8.5,1
Male,18,Engineering,55.96,87.77,71.95,88.66,66.5,89.37,23.0,No,No,Unknown,Low,2,6.8,0
Male,21,Business,62.25,45.05,75.22,56.22,89.3,77.63,9.3,Yes,Yes,PhD,High,1,5.8,1
Male,22,Business,55.01,71.49,56.25,82.54,40.1,86.02,23.6,No,Yes,Master's,Medium,7,8.3,0
Male,21,Business,90.37,52.53,87.34,98.07,37.3,57.84,15.8,Yes,Yes,Unknown,Medium,9,5.1,0
Male,24,Business,56.76,44.02,79.82,59.64,3.2,93.6,20.1,No,Yes,PhD,High,4,4.1,0
Female,23,Mathematics,79.77,70.18,95.12,95.47,46.3,88.67,10.9,No,No,High School,Low,9,4.3,0
Female,21,Mathematics,67.14,69.97,60.03,80.3,72.4,94.54,26.3,No,No,Bachelor's,Medium,3,6.9,0
Male,19,Engineering,61.3,82.41,87.99,79.55,30.1,67.05,9.3,Yes,Yes,High School,Medium,8,8.5,0
Male,23,Business,81.97,84.69,84.23,52.6,46.3,63.79,28.2,Yes,No,Master's,High,9,6.8,0
Female,21,CS,72.85,83.67,63.29,87.42,21.9,57.59,6.5,No,Yes,Bachelor's,Medium,5,6.0,1
Female,18,Mathematics,70.01,64.57,83.37,73.91,77.30000000000001,96.5,12.2,No,Yes,Unknown,Low,5,6.9,0
Male,20,Engineering,79.64,77.9,96.22,86.06,6.1,58.84,19.1,Yes,No,Bachelor's,High,5,7.4,1
Male,19,Engineering,74.56,74.62,95.92,90.46,70.5,55.97,26.5,Yes,Yes,Unknown,Low,9,7.8,1
Female,24,Mathematics,65.17,65.29,85.98,76.19,37.9,59.63,19.4,Yes,No,PhD,Medium,9,5.7,1
Male,19,CS,77.95,75.83,52.4,63.18,4.2,88.57,10.4,No,Yes,PhD,High,3,5.9,0
Female,22,CS,83.47,96.83,93.61,57.08,85.3,94.48,26.5,Yes,Yes,PhD,Low,4,4.1,0
Male,20,Business,51.33,51.57,82.89,58.03,48.8,90.55,19.9,No,Yes,PhD,Medium,6,7.2,0
Female,19,Mathematics,73.29,94.35,65.52,93.35,59.900000000000006,78.16,10.8,Yes,Yes,PhD,Low,8,7.9,0
Female,21,CS,52.88,43.21,59.36,56.18,73.2,99.69,19.0,Yes,Yes,Bachelor's,Low,2,6.6,0
Male,19,Mathematics,59.32,58.5,55.81,69.23,65.5,53.44,21.9,Yes,Yes,Unknown,High,4,5.9,1
Female,19,Engineering,78.03,57.29,52.51,66.71,73.1,93.36,22.0,No,No,PhD,Low,5,5.7,1
Male,19,Engineering,93.31,77.58,87.71,93.27,76.2,71.39,23.1,Yes,No,PhD,Medium,6,7.2,0
Male,22,Engineering,94.14,47.87,61.79,73.88,58.9,72.76,27.4,No,Yes,Unknown,Medium,1,5.7,0
Male,19,Mathematics,53.5,92.94,51.21,99.82,36.6,56.38,25.6,No,No,Bachelor's,Medium,6,7.0,1
Male,19,Business,70.96,89.71,69.86,86.85,24.3,51.67,20.2,No,Yes,PhD,Medium,10,8.6,1
Female,22,Business,79.15,79.12,74.13,92.55,90.3,65.83,5.8,No,Yes,Bachelor's,Low,7,5.7,0
Male,23,CS,57.35,67.5,58.46,54.93,97.0,58.74,23.7,Yes,Yes,PhD,Medium,9,4.3,1
Male,20,Mathematics,88.27,95.98,52.2,62.66,35.8,74.17,29.4,Yes,No,Bachelor's,High,8,8.4,0
Male,24,Business,87.21,89.84,59.46,56.77,11.2,57.37,12.6,Yes,No,Master's,Low,3,5.4,1
Male,23,Mathematics,95.17,69.96,83.96,73.18,22.3,56.9,20.2,Yes,Yes,PhD,High,5,8.9,1
Female,18,Business,50.42,82.11,54.11,85.91,67.1,93.85,24.2,No,Yes,PhD,Medium,1,8.2,0
Male,22,Engineering,60.83,74.02,77.75,58.45,17.3,96.06,21.0,No,No,High School,High,9,6.1,1
Female,22,Engineering,91.36,75.28,57.32,56.51,78.0,98.21,28.1,No,No,High School,Medium,10,7.1,0
Female,19,CS,83.53,59.86,59.78,80.73,92.3,84.03,16.8,No,No,Bachelor's,Low,7,5.4,1
Female,19,Engineering,94.72,67.73,69.65,61.52,96.4,88.55,18.3,No,No,High School,High,3,4.4,0
Male,24,Business,52.86,44.69,55.04,73.97,0.8999999999999999,91.79,6.0,No,Yes,Bachelor's,Low,6,6.6,1
Male,18,CS,79.85,61.44,58.66,52.56,95.8,82.95,27.5,No,No,PhD,Medium,10,6.1,1
Male,19,CS,78.45,81.75,67.45,84.03,74.0,66.51,11.6,Yes,No,PhD,Low,1,8.8,1
Male,21,Engineering,51.78,97.19,66.48,77.07,8.4,57.82,29.5,No,Yes,Master's,High,3,7.0,0
Female,19,Mathematics,75.68,97.78,87.46,82.37,41.5,61.86,10.1,Yes,Yes,Master's,High,1,7.7,0
Female,19,Engineering,80.48,73.34,53.74,63.77,70.0,92.02,11.3,No,No,High School,High,7,4.7,0
Male,21,Engineering,59.56,76.4,93.02,63.93,95.7,84.8,17.1,No,Yes,PhD,Medium,3,7.6,0
Male,18,CS,63.67,51.14,90.81,90.07,16.4,72.79,21.5,No,Yes,Bachelor's,High,5,4.3,0
Male,21,Engineering,82.02,81.72,88.3,85.93,12.8,51.47,16.0,No,Yes,High School,High,5,7.1,0
Male,22,Business,73.42,44.24,65.47,78.99,47.2,63.31,13.8,Yes,No,Master's,High,9,8.2,1
Male,21,CS,92.9,57.08,91.14,81.41,96.8,86.44,18.5,Yes,Yes,Unknown,Low,1,6.4,0
Male,20,Engineering,67.12,80.1,59.14,54.7,97.1,75.62,29.0,Yes,Yes,Bachelor's,Medium,3,5.1,1
Male,22,Mathematics,63.33,58.62,56.22,92.81,22.8,71.78,29.0,No,Yes,Unknown,Medium,4,6.2,1
Female,19,Business,99.24,42.99,52.25,88.5,31.9,65.68,13.2,Yes,Yes,High School,Medium,4,8.2,1
Female,24,Mathematics,95.56,89.91,96.97,79.52,90.8,80.35,22.0,Yes,No,High School,Medium,8,7.6,0
Female,22,Business,51.45,58.62,65.4,95.93,73.5,98.32,23.0,No,No,Unknown,High,8,7.0,0
Female,18,Mathematics,88.54,43.79,95.88,58.43,97.2,95.06,21.3,Yes,No,High School,Medium,4,7.5,0
Male,18,Engineering,55.52,44.49,63.63,84.33,89.3,51.52,7.8,No,No,High School,Medium,10,8.2,1
Male,21,Business,51.37,55.11,95.38,98.15,21.5,74.05,18.5,Yes,No,PhD,High,9,4.8,0
Male,22,CS,63.68,50.68,95.2,65.5,76.0,66.47,24.1,Yes,No,Bachelor's,High,9,8.2,0
Male,19,CS,63.47,86.46,96.18,50.76,4.9,75.53,10.0,No,Yes,Master's,High,3,8.0,0
Male,18,Mathematics,90.97,59.3,74.81,86.74,81.8,80.31,13.7,Yes,No,PhD,High,9,6.4,0
Female,23,Mathematics,85.53,88.28,93.3,50.35,60.2,60.0,10.1,No,No,High School,Low,8,6.0,1
Male,19,Mathematics,99.08,50.43,97.54,93.63,95.6,89.08,27.2,Yes,Yes,Master's,Medium,4,8.7,0
Female,23,Business,85.58,69.57,66.23,52.82,96.0,73.75,26.5,Yes,No,High School,High,10,8.1,0
Male,20,CS,70.91,81.28,70.94,82.64,5.1,99.6,9.2,No,Yes,Bachelor's,Medium,5,8.9,0
Female,23,Engineering,84.95,79.12,85.96,68.86,16.1,51.26,24.0,Yes,Yes,High School,Low,2,7.2,1
Male,18,Business,99.97,76.07,65.02,60.17,48.4,59.49,14.1,No,No,Unknown,High,7,4.2,1
Female,21,Mathematics,85.51,95.49,87.69,94.91,87.89999999999999,84.48,22.2,No,No,Unknown,Low,2,4.8,0
Male,20,CS,88.08,53.71,53.69,87.31,81.4,84.76,17.3,Yes,Yes,Unknown,Medium,1,8.1,0
Male,22,Mathematics,96.92,69.62,76.17,67.02,96.4,79.11,16.8,No,Yes,Unknown,Low,10,7.2,1
Male,19,Engineering,55.68,93.04,56.12,64.21,61.8,98.6,27.0,Yes,Yes,Master's,Medium,5,5.0,0
Male,18,Engineering,85.24,44.67,64.67,86.8,25.7,70.77,20.9,Yes,Yes,Unknown,Medium,8,4.1,1
Female,20,CS,92.54,43.35,62.93,91.83,2.5,70.85,10.9,No,Yes,High School,Medium,4,5.3,1
Male,20,Business,97.72,54.0,91.95,85.79,22.3,95.52,7.8,No,Yes,PhD,Medium,1,4.7,0
Female,18,Engineering,60.55,77.98,59.68,82.0,67.5,76.92,28.3,No,Yes,High School,Medium,4,8.4,0
Male,22,Engineering,75.2,55.59,90.42,61.4,92.6,67.69,8.8,Yes,No,High School,High,9,8.4,0
Female,22,Engineering,84.03,51.41,89.7,92.64,32.1,85.95,23.4,Yes,Yes,High School,High,8,8.2,0
Male,21,Engineering,62.37,67.53,74.94,87.48,87.6,80.98,17.4,No,No,High School,Low,9,4.5,0
Male,24,Mathematics,80.02,76.82,61.69,75.86,39.5,65.32,8.5,Yes,No,PhD,Low,7,4.7,1
Female,23,Mathematics,62.88,54.91,61.34,75.58,30.8,64.9,24.4,No,No,Unknown,High,6,4.7,1
Male,22,Business,66.67,58.04,73.25,78.46,50.9,69.78,27.6,No,Yes,Bachelor's,Medium,6,5.3,0
Male,21,CS,72.08,76.81,50.44,91.41,44.2,53.58,8.0,Yes,No,Master's,Medium,1,4.4,1
Female,23,CS,76.46,96.74,76.57,87.11,91.4,97.13,6.7,Yes,Yes,PhD,High,3,8.9,0
Male,20,CS,72.47,80.48,97.64,92.81,46.8,59.15,26.2,No,Yes,PhD,Medium,2,8.3,0
Female,18,Engineering,74.66,86.97,57.74,75.36,27.7,59.69,17.5,Yes,No,PhD,Low,7,4.3,1
Male,22,Mathematics,64.93,62.01,78.67,81.23,84.3,82.35,21.9,Yes,Yes,Master's,Medium,10,4.7,0
Female,21,Mathematics,57.95,56.34,98.09,92.73,99.9,86.21,16.0,Yes,No,High School,Medium,6,5.3,0
Female,20,Business,52.37,67.26,93.03,61.62,64.80000000000001,86.84,15.3,No,Yes,Master's,Low,3,7.9,0
Female,22,CS,59.8,88.43,92.52,72.2,25.0,68.75,12.5,No,No,PhD,Low,4,7.6,1
Female,19,Mathematics,79.1,67.38,91.09,81.03,23.9,93.67,19.1,No,No,High School,High,1,7.2,0
Male,24,Business,89.31,90.8,65.45,95.76,5.8,77.2,9.0,Yes,No,PhD,Medium,4,8.6,1
Male,20,CS,58.46,99.33,94.53,50.79,7.7,71.93,22.9,Yes,Yes,Bachelor's,Low,2,4.2,0
Female,22,Engineering,55.43,44.32,97.07,60.63,91.5,90.52,18.7,No,Yes,Unknown,Low,5,4.8,0
Male,20,Mathematics,87.46,42.72,74.79,61.72,9.6,62.18,26.2,Yes,Yes,Unknown,Low,9,4.9,1
Male,18,Mathematics,65.26,48.98,67.73,66.33,48.4,93.01,28.0,Yes,Yes,PhD,Low,9,4.3,0
Male,18,CS,97.57,63.06,70.71,64.09,69.80000000000001,76.94,27.5,No,No,High School,Low,1,7.1,0
Female,24,Engineering,85.72,47.86,66.71,79.51,85.0,95.0,20.0,Yes,No,Bachelor's,Low,6,5.0,0
Male,18,Engineering,66.34,92.24,60.62,94.28,17.1,60.08,13.0,Yes,No,Bachelor's,High,2,6.4,0
Male,23,Mathematics,64.48,41.39,80.92,81.85,43.8,96.8,13.9,Yes,No,High School,Medium,1,7.4,0
Female,19,CS,76.18,58.95,78.13,62.08,25.1,84.39,21.3,No,No,High School,Medium,9,7.0,0
Male,18,Business,53.96,51.08,73.13,93.19,25.6,80.92,22.8,No,Yes,Bachelor's,Medium,2,5.5,0
Female,19,Mathematics,55.88,95.89,54.79,81.6,30.4,71.1,9.0,No,Yes,Unknown,Medium,6,6.1,0
Female,18,Engineering,58.79,80.17,89.84,60.95,58.7,97.82,29.9,Yes,Yes,Unknown,Medium,6,5.7,0
Female,23,Business,88.74,94.72,58.75,68.08,1.7000000000000002,72.2,7.7,Yes,No,Bachelor's,Medium,3,8.3,0
Male,20,CS,75.69,98.34,55.73,89.5,40.9,74.93,20.2,Yes,Yes,Master's,Medium,6,6.1,0
Male,22,Engineering,50.53,69.83,81.15,86.95,18.700000000000003,89.07,18.3,Yes,No,Bachelor's,High,4,4.3,0
Female,22,Business,83.68,54.06,69.93,78.83,96.7,64.24,19.8,Yes,No,PhD,Low,8,7.1,1
Female,18,Mathematics,71.18,51.62,52.99,57.24,58.3,64.57,18.3,Yes,No,Master's,Low,4,5.0,1
Female,22,Engineering,75.54,53.38,67.78,90.16,86.8,88.76,6.4,Yes,No,High School,Low,7,5.7,0
Female,18,CS,60.71,82.52,88.59,65.38,19.6,56.43,29.9,Yes,Yes,Bachelor's,High,10,5.6,1
Female,18,Engineering,77.59,42.43,80.76,88.58,81.0,91.15,29.5,Yes,No,Bachelor's,Low,2,4.4,0
Female,24,Mathematics,98.96,43.08,68.14,82.38,41.5,81.26,18.1,Yes,Yes,Master's,High,6,8.8,0
Male,21,CS,53.67,76.49,59.59,63.21,17.8,76.95,10.2,Yes,Yes,Bachelor's,High,10,6.7,0
Female,21,Mathematics,64.2,78.52,81.59,60.62,76.10000000000001,61.46,9.6,Yes,No,PhD,High,5,4.8,1
Female,24,Business,62.15,79.92,94.38,56.55,76.2,89.32,6.4,Yes,No,Unknown,High,1,6.8,0
Female,21,Engineering,62.43,62.31,82.31,62.1,99.6,90.25,20.3,No,Yes,Bachelor's,Low,5,6.3,0
Male,19,Mathematics,68.94,88.36,90.65,57.89,78.1,74.15,17.0,No,No,Unknown,Medium,6,5.7,0
Male,21,Business,90.91,72.02,76.08,80.85,14.5,69.46,15.4,No,No,High School,Low,2,6.4,1
Male,18,CS,95.64,46.33,85.9,79.94,32.3,62.31,18.1,No,No,High School,High,7,7.3,1
Male,23,CS,60.11,87.83,94.81,79.31,45.2,87.71,26.8,Yes,Yes,Bachelor's,High,1,5.0,0
Female,23,Business,77.15,97.18,88.66,82.09,12.7,81.97,6.8,No,Yes,High School,High,1,6.7,0
Male,20,Business,81.84,43.6,95.49,90.74,78.8,60.33,18.6,No,No,Bachelor's,Low,1,8.1,1
Female,21,CS,76.09,63.48,71.56,95.68,52.7,89.72,22.5,No,Yes,Unknown,Medium,2,5.1,0
Female,23,Mathematics,71.7,69.25,95.21,61.52,94.4,94.11,29.3,Yes,Yes,Master's,Low,1,6.6,0
Female,21,Business,59.6,48.79,81.08,79.39,58.9,52.96,23.5,No,Yes,Bachelor's,High,7,8.8,1
Female,20,Mathematics,74.41,92.06,93.5,53.92,52.3,88.62,18.7,Yes,No,Master's,Medium,5,8.0,0
Female,23,CS,70.06,57.05,51.97,56.01,7.1,92.64,24.2,No,Yes,Unknown,High,7,7.0,1
Female,18,Mathematics,89.78,86.98,82.89,82.72,14.9,99.58,29.9,Yes,Yes,Unknown,Medium,5,7.7,0
Male,19,Mathematics,88.18,80.26,92.4,74.33,85.0,61.88,27.2,No,Yes,Master's,Medium,8,6.6,0
Male,24,Business,56.7,75.88,58.71,87.92,99.1,68.55,7.2,Yes,Yes,Bachelor's,High,10,8.9,0
Male,24,Mathematics,54.43,51.53,83.09,71.28,41.5,98.31,19.4,No,Yes,Master's,Low,8,4.8,0
Male,24,Mathematics,95.41,53.24,91.25,56.38,81.0,54.7,24.7,Yes,Yes,Bachelor's,Low,9,7.6,1
Male,21,Mathematics,76.78,42.84,64.4,93.6,62.8,76.19,21.8,No,No,Bachelor's,Medium,3,4.0,1
Female,23,CS,92.89,54.44,70.26,54.14,95.9,75.34,15.4,No,Yes,Master's,High,2,4.6,1
Male,23,CS,52.91,60.73,78.48,59.45,23.8,80.33,13.1,No,Yes,Unknown,High,7,7.6,0
Male,20,Engineering,76.33,89.99,75.96,63.85,54.5,66.54,20.7,Yes,No,PhD,High,7,7.8,1
Male,18,CS,76.97,61.98,51.96,99.76,40.9,96.3,15.3,Yes,Yes,High School,Low,3,4.2,1
Female,22,CS,93.04,85.28,54.93,70.84,54.2,63.5,14.8,Yes,No,PhD,Medium,2,5.7,1
Female,23,Engineering,54.88,66.37,55.02,75.09,26.9,82.48,25.9,Yes,No,Unknown,High,10,4.6,0
Female,19,Engineering,62.02,87.09,63.11,88.48,49.8,74.8,12.9,No,Yes,High School,Low,2,8.5,0
Male,20,Business,70.33,98.58,62.29,81.82,62.5,63.33,21.1,Yes,No,Master's,Low,3,6.3,0
Male,23,Business,93.29,54.39,87.11,92.07,8.100000000000001,59.44,26.8,No,No,PhD,Low,8,6.2,0
Male,23,CS,96.94,91.74,78.64,74.32,74.3,97.83,20.5,Yes,Yes,Bachelor's,High,8,8.1,0
Male,20,Mathematics,99.64,77.31,88.2,98.61,70.7,78.06,17.3,No,Yes,Unknown,Medium,1,7.5,0
Male,20,Business,97.96,89.04,53.49,89.84,88.0,80.21,5.9,Yes,Yes,Unknown,High,9,8.6,0
Female,21,Business,50.3,79.1,74.26,70.07,42.6,89.14,22.0,Yes,No,Unknown,Low,5,8.7,0
Male,23,CS,52.39,65.44,66.19,69.06,6.2,54.06,29.9,Yes,No,PhD,Low,5,5.6,1
Female,22,Mathematics,57.38,53.68,92.5,96.47,46.1,85.69,25.2,No,No,Bachelor's,Medium,2,7.2,0
Male,19,Engineering,67.44,44.2,85.39,84.22,13.8,58.26,20.9,No,No,PhD,Low,5,6.7,1
Female,18,Engineering,91.5,72.13,93.46,81.07,64.7,87.02,16.7,No,No,Bachelor's,Low,6,7.0,0
Female,18,CS,94.63,99.42,52.32,87.89,4.699999999999999,57.07,10.6,No,No,High School,Low,7,7.1,1
Female,22,CS,59.34,84.28,86.04,78.04,37.400000000000006,91.62,22.3,Yes,No,Master's,Medium,1,4.3,0
Female,20,Mathematics,80.98,59.64,77.0,57.96,8.299999999999999,84.05,9.4,No,No,Unknown,Low,3,8.5,1
Male,20,CS,95.87,89.63,91.25,65.96,0.3,69.29,27.2,No,No,Bachelor's,High,4,4.7,1
Male,20,CS,73.19,86.14,75.36,77.9,96.1,67.94,13.8,Yes,Yes,PhD,Low,7,6.1,0
Male,23,CS,55.18,56.9,77.01,50.91,99.6,57.45,15.0,Yes,No,PhD,Low,8,5.5,0
Female,20,Mathematics,72.89,40.86,52.59,71.87,55.6,95.2,10.4,No,Yes,Unknown,Low,5,6.8,0
Male,20,CS,68.79,47.09,83.43,87.79,23.9,55.93,17.0,No,Yes,Unknown,Low,7,8.8,1
Male,23,Business,78.88,92.64,63.66,58.21,91.1,73.6,22.0,Yes,Yes,Unknown,High,2,6.1,0
Male,23,Mathematics,71.93,90.19,50.98,53.23,92.3,61.83,12.6,Yes,Yes,High School,High,8,7.0,1
Male,22,Business,50.87,57.71,53.32,91.8,85.5,99.82,22.5,No,No,Master's,High,2,4.7,0
Female,21,Mathematics,99.7,57.11,97.86,80.86,54.400000000000006,79.29,20.5,No,No,Bachelor's,High,3,6.3,0
Female,23,Business,77.18,87.57,67.3,58.83,7.5,57.48,14.3,No,Yes,Unknown,High,3,8.6,0
Male,19,Mathematics,73.68,96.26,93.4,90.32,8.8,83.38,12.8,Yes,Yes,Bachelor's,Medium,6,8.7,0
Male,20,Engineering,97.73,86.75,97.98,82.91,89.7,99.58,26.5,Yes,No,PhD,High,10,6.7,0
Male,21,CS,57.79,76.33,97.16,66.71,87.6,80.25,5.3,No,No,Master's,Medium,6,7.8,0
Female,18,CS,59.46,54.56,94.09,68.81,43.4,72.87,22.9,Yes,Yes,Master's,High,1,4.0,1
Female,22,Mathematics,90.4,71.54,94.74,57.79,32.8,64.66,15.4,Yes,No,Bachelor's,Medium,10,6.7,1
Female,21,Business,63.04,54.01,64.45,91.76,64.4,54.61,22.9,No,Yes,PhD,Low,2,7.7,1
Male,23,Engineering,89.96,88.48,57.57,75.45,80.7,61.41,17.7,Yes,No,PhD,High,5,5.6,1
Female,20,Business,63.58,63.22,81.96,77.85,73.2,77.68,7.1,Yes,No,High School,Medium,9,8.5,1
Female,20,CS,51.66,90.02,74.41,94.17,61.6,87.69,29.6,No,Yes,Unknown,Low,6,7.9,0
Female,20,CS,75.85,62.9,54.94,50.79,23.2,93.9,7.2,No,Yes,PhD,High,6,7.8,0
Female,21,Business,59.83,89.45,83.88,53.35,26.3,89.69,9.0,No,No,Unknown,Medium,1,4.1,0
Female,20,Mathematics,87.89,60.0,78.14,58.08,72.4,56.27,15.5,Yes,Yes,Unknown,Low,8,4.9,1
Male,23,Mathematics,82.06,66.41,93.15,51.5,80.3,88.67,28.6,Yes,No,Bachelor's,Medium,9,7.6,0
Male,21,Business,96.18,76.93,80.46,82.91,11.6,79.08,12.3,Yes,No,Unknown,High,5,6.8,0
Male,20,CS,89.15,44.22,78.7,81.69,18.700000000000003,73.46,19.2,No,No,Bachelor's,Low,10,6.9,1
Male,18,Business,59.04,96.89,72.04,60.54,68.0,78.64,18.0,No,No,Master's,Low,3,4.1,0
Female,18,CS,90.01,74.42,73.14,57.47,38.9,50.4,13.3,Yes,Yes,PhD,Low,10,6.2,1
Male,19,Business,82.09,70.47,97.72,57.28,56.3,53.39,22.4,Yes,No,Bachelor's,High,5,7.9,1
Male,20,Mathematics,83.45,90.36,56.92,97.66,61.5,76.29,17.5,No,Yes,High School,Low,5,7.3,0
Male,20,Engineering,91.61,91.95,72.31,84.68,77.6,58.68,19.5,No,Yes,Bachelor's,Medium,1,6.9,1
Female,21,CS,78.69,71.34,82.79,79.27,80.60000000000001,77.28,10.3,No,Yes,Unknown,High,9,7.5,0
Male,21,Engineering,73.3,95.64,71.65,66.12,28.0,67.71,28.2,No,No,High School,Low,10,8.3,0
Female,24,Mathematics,81.83,43.88,64.16,71.65,54.1,95.37,7.8,Yes,No,Unknown,High,2,8.2,0
Female,20,Business,64.9,46.79,64.37,54.47,12.4,97.48,22.3,No,Yes,High School,High,5,6.3,1
Female,19,Mathematics,59.13,75.81,61.68,99.91,84.2,98.99,27.1,Yes,Yes,Bachelor's,Low,1,5.5,0
Male,20,Engineering,80.83,61.24,67.2,87.75,84.5,94.95,7.1,Yes,Yes,Unknown,Low,7,5.8,0
Female,23,Mathematics,61.69,67.85,93.58,81.07,30.0,99.29,5.7,No,Yes,Bachelor's,Low,7,6.6,0
Male,21,Mathematics,54.0,59.68,75.26,79.39,16.1,85.31,13.3,Yes,Yes,PhD,Medium,5,4.4,0
Male,20,Business,50.03,64.28,62.01,75.22,7.0,98.03,24.7,No,Yes,High School,Low,10,7.0,0
Male,21,Engineering,80.42,89.36,69.23,62.87,57.5,82.09,22.9,No,Yes,Master's,Medium,10,6.3,0
Female,20,Engineering,68.11,75.61,55.29,61.32,9.1,90.46,25.6,No,Yes,Master's,Low,2,7.8,1
Female,22,Engineering,87.62,99.84,95.2,77.48,68.1,56.6,14.9,Yes,No,Bachelor's,High,8,5.4,0
Male,21,CS,68.76,87.21,70.41,53.51,67.8,84.13,29.8,No,No,High School,High,3,4.3,0
Female,19,Mathematics,74.3,56.42,99.02,53.72,61.4,96.56,14.2,Yes,No,High School,Low,5,8.5,0
Female,22,Engineering,70.35,55.86,67.38,78.04,87.69999999999999,77.0,25.1,Yes,No,Bachelor's,Low,6,4.3,1
Female,23,Mathematics,82.53,60.15,91.82,95.99,37.8,59.34,13.8,No,No,Master's,Low,6,8.6,0
Male,20,Business,67.81,90.6,62.82,95.71,90.2,76.34,10.5,Yes,No,PhD,High,8,6.5,0
Female,24,Business,98.19,41.64,53.81,50.54,3.7,85.35,13.4,No,No,Master's,High,1,4.3,1
Female,23,CS,96.81,53.81,51.59,55.37,11.3,88.49,9.8,No,No,Unknown,High,5,4.6,1
Male,21,CS,92.4,94.3,80.31,79.15,41.2,76.19,8.2,Yes,No,Master's,Low,7,6.7,0
Female,22,Business,96.02,78.39,65.58,92.42,59.400000000000006,60.87,14.1,Yes,Yes,Unknown,Low,5,4.1,1
Male,23,Engineering,72.46,53.61,72.18,97.72,3.2,96.33,8.7,Yes,No,Unknown,High,8,8.6,0
Female,19,Business,76.82,53.15,90.93,93.03,56.7,88.68,17.6,No,Yes,PhD,Medium,2,8.0,0
Female,24,Mathematics,87.1,91.76,62.41,83.88,30.7,63.53,5.9,No,Yes,PhD,Low,5,6.5,1
Female,21,CS,84.81,93.63,65.43,60.03,88.69999999999999,90.59,15.8,No,No,Master's,Low,4,8.6,0
Female,22,CS,94.53,55.37,92.27,53.63,53.3,67.39,29.0,Yes,Yes,Bachelor's,Medium,3,5.3,0
Female,23,Business,85.82,65.23,74.64,52.38,58.8,65.62,14.0,No,No,Master's,High,2,8.3,1
Female,22,Engineering,99.89,90.08,91.38,80.6,94.6,93.15,8.4,Yes,Yes,PhD,Low,8,8.0,0
Male,22,Engineering,67.43,86.26,68.72,51.81,76.39999999999999,93.66,12.6,Yes,No,Unknown,Medium,4,6.9,0
Female,23,Mathematics,91.65,88.83,69.92,86.96,43.8,69.92,24.8,No,No,Unknown,Medium,10,5.6,1
Female,18,CS,84.88,71.1,58.36,85.62,47.7,50.45,12.8,No,No,Bachelor's,High,10,6.8,1
Female,20,Business,84.57,94.69,95.82,53.98,64.80000000000001,59.33,14.6,No,No,Master's,Medium,4,8.8,0
Male,21,Business,66.29,59.56,94.84,95.33,20.0,95.46,24.7,Yes,Yes,Bachelor's,High,4,4.4,0
Male,21,CS,89.28,49.4,99.21,76.1,8.9,94.94,11.5,Yes,No,Bachelor's,Medium,9,5.0,0
Male,24,Business,95.02,82.52,70.12,95.22,31.1,72.67,17.0,No,No,Master's,Low,7,7.2,0
Female,24,CS,60.93,72.36,90.93,95.08,77.8,65.21,6.6,Yes,Yes,High School,High,10,7.4,0
Female,24,Engineering,81.27,91.28,70.75,59.85,25.7,65.14,9.4,Yes,Yes,Master's,High,3,4.8,1
Male,21,Engineering,69.61,44.87,72.71,69.03,13.1,94.86,10.2,No,No,Bachelor's,Medium,5,8.0,0
Male,22,Business,99.48,90.62,91.5,56.73,21.9,66.24,16.6,No,No,High School,Low,4,8.6,0
Male,24,Engineering,73.94,57.6,58.87,88.75,67.9,75.58,25.5,Yes,No,Bachelor's,Medium,1,4.4,1
Female,23,Engineering,61.42,79.29,61.02,75.21,61.4,86.55,13.9,No,No,Bachelor's,Medium,4,8.9,0
Male,20,Mathematics,69.09,42.41,65.74,96.44,68.8,60.47,14.5,Yes,Yes,Bachelor's,Medium,7,5.4,1
Female,19,CS,82.69,76.57,89.41,60.41,32.2,62.69,12.5,No,No,Unknown,Low,5,5.5,0
Female,21,CS,53.8,83.04,68.63,84.42,90.1,67.9,13.0,No,No,Master's,Low,6,4.2,1
Female,23,Business,80.18,62.13,67.91,99.46,45.2,82.71,15.1,No,No,PhD,Medium,6,6.5,0
Male,20,CS,96.56,52.92,99.94,83.27,51.4,90.87,27.5,No,No,Unknown,High,7,8.8,0
Female,20,Mathematics,92.52,72.26,69.19,53.44,94.9,77.34,5.6,Yes,Yes,Master's,High,1,4.8,0
Male,18,Business,53.38,89.99,62.39,79.42,97.9,56.65,20.6,No,Yes,Unknown,High,6,6.9,0
Male,23,Business,99.67,59.41,81.16,58.99,66.2,72.31,27.2,No,No,Master's,High,9,5.4,0
Male,21,CS,84.94,55.15,90.09,51.53,94.5,56.38,15.4,Yes,No,High School,Medium,10,4.1,1
Male,24,Engineering,58.11,56.74,53.48,66.75,54.2,54.41,21.3,No,No,PhD,Medium,5,8.9,1
Female,22,Engineering,50.62,96.95,80.94,63.31,30.7,79.48,19.6,Yes,Yes,High School,Low,7,7.6,0
Female,24,Engineering,58.56,61.56,51.79,89.44,31.5,97.81,13.5,Yes,No,High School,High,3,7.7,0
Female,20,Engineering,91.91,40.22,76.32,68.68,55.9,91.88,8.4,No,No,Master's,Medium,4,7.3,1
Female,20,Mathematics,51.08,86.9,62.85,86.65,60.5,88.72,10.5,Yes,Yes,Bachelor's,High,4,4.7,0
Male,19,Business,61.66,81.96,65.33,50.81,44.0,86.35,6.4,Yes,Yes,Bachelor's,High,6,5.0,1
Male,24,Engineering,87.87,47.71,73.35,50.74,88.4,94.86,24.1,No,No,Bachelor's,Medium,3,5.9,1
Male,18,Mathematics,79.31,99.09,96.36,51.47,42.7,87.64,18.3,No,Yes,Bachelor's,Medium,3,9.0,0
Male,20,Business,89.14,76.48,85.53,60.97,27.3,81.34,24.6,Yes,No,PhD,Medium,10,7.4,1
Female,20,CS,87.31,70.05,96.84,68.7,0.8,68.23,12.3,Yes,Yes,High School,High,5,6.2,1
Male,22,CS,52.53,62.93,83.0,80.39,97.1,55.05,25.1,Yes,No,Unknown,Low,2,6.4,1
Female,22,Mathematics,94.63,93.92,50.36,99.3,82.4,73.05,12.7,No,Yes,PhD,High,1,8.6,0
Male,19,Business,61.35,54.64,63.28,67.72,61.6,96.24,8.0,Yes,Yes,Master's,Medium,2,5.0,0
Male,23,Engineering,77.67,57.15,95.29,52.78,83.10000000000001,79.16,18.3,No,No,PhD,High,9,5.6,0
Male,19,Business,82.21,47.34,82.17,59.75,81.0,59.23,28.6,No,Yes,PhD,Low,3,5.9,1
Male,19,Engineering,58.43,85.55,99.08,94.89,93.2,82.45,15.4,Yes,Yes,Master's,Medium,3,8.5,0
Female,22,Mathematics,98.81,75.73,57.8,84.97,38.6,73.27,17.9,No,Yes,Unknown,Medium,1,7.9,1
Female,24,Engineering,74.41,76.54,64.84,89.51,55.5,96.57,16.3,Yes,No,High School,High,2,7.0,0
Female,24,Mathematics,52.88,53.11,68.12,56.21,9.9,58.05,16.4,Yes,Yes,PhD,Medium,6,5.6,1
Female,24,Business,96.86,79.07,66.33,56.75,96.5,85.6,10.4,No,No,Master's,Low,2,5.0,0
Male,23,Business,79.31,85.93,62.6,55.61,98.5,84.08,15.6,Yes,Yes,Master's,Medium,10,5.7,0
Male,22,Engineering,84.96,61.47,72.17,92.86,78.89999999999999,99.18,17.4,No,No,Unknown,High,10,8.6,0
Female,18,Business,76.26,88.08,82.11,60.5,45.4,78.25,23.6,No,Yes,PhD,Medium,8,8.6,0
Female,21,Engineering,91.74,60.93,65.56,82.16,49.7,93.58,8.5,Yes,Yes,Master's,High,6,6.1,0
Male,21,Business,51.66,85.49,53.98,75.81,43.5,51.24,19.3,Yes,No,Unknown,Medium,2,5.6,1
Male,18,CS,63.42,42.02,85.43,77.22,29.3,56.14,21.6,No,Yes,Unknown,Medium,10,8.4,1
Female,24,Engineering,73.48,73.07,72.95,59.77,52.8,67.3,14.6,No,No,Master's,High,6,6.2,1
Female,21,Mathematics,53.83,98.17,77.82,81.76,5.300000000000001,80.97,18.7,Yes,No,Master's,Low,2,4.2,0
Female,23,CS,85.3,98.87,72.77,52.16,99.2,72.45,22.8,No,No,PhD,High,1,5.7,0
Male,22,Mathematics,69.68,56.91,94.52,99.67,42.400000000000006,60.13,16.6,No,Yes,PhD,Low,5,7.0,0
Female,21,Business,63.63,66.48,77.94,51.34,92.7,79.46,13.3,No,No,High School,High,5,8.7,0
Female,23,CS,50.17,43.78,96.16,52.51,72.4,78.33,25.6,Yes,No,Master's,Medium,8,6.1,0
Female,22,Business,85.99,92.4,75.53,66.23,29.0,76.22,29.7,No,No,Bachelor's,Low,4,5.2,0
Female,23,Engineering,91.69,74.11,64.63,91.58,22.200000000000003,54.53,10.4,Yes,Yes,Bachelor's,High,2,5.9,1
Female,18,Mathematics,69.75,63.11,67.77,62.86,99.6,96.35,27.2,Yes,Yes,High School,High,7,4.3,0
Male,19,Business,78.21,46.77,76.11,73.6,77.2,79.61,18.6,Yes,Yes,Master's,High,3,8.5,1
Female,18,Mathematics,61.38,96.81,76.5,50.9,25.0,63.2,16.2,No,No,Unknown,High,3,4.2,1
Male,21,Mathematics,81.11,71.81,84.37,53.94,6.7,84.37,27.3,No,No,Bachelor's,Low,8,4.0,1
Female,22,Business,50.61,56.98,61.22,80.4,69.7,65.9,27.8,No,Yes,PhD,Low,3,7.1,1
Female,23,Engineering,74.43,61.01,82.94,59.72,30.3,75.29,11.8,Yes,Yes,Bachelor's,Low,2,4.8,0
Female,21,Mathematics,82.21,56.24,88.93,84.71,22.1,67.06,14.0,No,Yes,Master's,Low,10,5.5,0
Male,21,Business,95.91,76.11,83.83,89.27,73.5,94.02,26.3,Yes,No,Bachelor's,High,9,6.5,0
Male,19,Engineering,69.07,95.8,74.09,92.52,67.9,99.7,17.3,No,Yes,High School,Low,8,8.0,0
Male,24,Business,88.26,91.4,99.58,56.69,48.1,58.06,12.2,No,Yes,PhD,Low,2,5.9,1
Female,21,Engineering,79.88,67.62,70.24,72.78,94.3,51.18,29.1,Yes,Yes,High School,Medium,8,8.8,1
Female,19,Mathematics,96.35,89.59,55.33,97.35,68.0,60.97,10.4,No,Yes,Unknown,Medium,5,6.3,0
Male,22,CS,69.92,65.39,91.08,88.6,89.3,79.5,20.3,Yes,No,Unknown,Low,10,8.6,0
Male,22,Business,65.95,55.14,60.61,55.85,19.1,58.7,15.7,No,Yes,Unknown,Medium,10,6.3,1
Female,23,Mathematics,94.36,99.0,85.66,75.13,29.700000000000003,90.57,16.3,Yes,Yes,Unknown,Medium,4,6.6,0
Male,24,Business,52.46,58.23,58.95,96.12,10.5,70.43,7.6,No,Yes,Master's,Medium,10,8.8,1
Female,19,Business,56.82,59.42,50.84,72.0,30.5,80.53,11.4,No,Yes,Master's,Medium,5,7.4,1
Male,18,Engineering,54.12,99.38,57.99,91.87,97.2,72.78,9.2,Yes,No,Master's,High,10,4.7,0
Male,22,Business,92.16,48.04,68.85,74.79,96.3,95.17,23.7,No,Yes,High School,Medium,5,7.0,0
Male,24,Engineering,50.53,85.63,55.33,55.34,76.0,51.76,22.4,Yes,No,High School,High,1,5.1,1
Female,23,Mathematics,93.08,96.15,59.88,57.39,52.1,86.47,24.9,No,No,Bachelor's,High,5,5.5,0
Female,18,Business,72.56,70.71,88.23,52.33,78.1,82.61,22.5,Yes,No,PhD,Medium,7,8.2,0
Male,22,Mathematics,50.2,40.15,88.49,59.77,55.3,82.48,8.2,No,No,High School,High,8,7.4,0
Female,22,CS,70.08,62.5,90.87,94.68,0.4,70.7,29.5,No,Yes,Bachelor's,High,8,5.4,0
Female,23,Mathematics,59.34,46.69,92.06,82.51,50.2,50.78,9.7,No,No,Unknown,High,2,4.0,1
Female,23,Business,81.22,64.97,71.02,86.94,59.900000000000006,84.46,13.8,No,No,Unknown,High,10,6.7,0
Female,20,CS,83.97,87.4,93.38,81.08,26.6,91.47,22.7,No,No,High School,Medium,1,5.3,0
Male,21,Engineering,74.38,66.32,76.3,69.33,20.3,54.26,8.5,No,Yes,Master's,Medium,4,4.1,1
Female,21,CS,52.03,65.92,73.53,60.84,27.4,72.08,9.3,Yes,No,Bachelor's,High,3,4.3,1
Female,18,Business,82.81,73.41,85.93,96.28,62.400000000000006,58.13,26.9,No,No,PhD,Medium,8,7.4,0
Male,21,Business,92.1,74.9,60.69,75.74,14.6,80.55,13.3,No,Yes,Bachelor's,Low,6,6.1,0
Female,18,Mathematics,86.02,91.38,89.47,74.05,72.0,89.28,21.6,No,Yes,Master's,Low,5,5.3,0
Female,24,Engineering,91.5,58.5,71.47,99.81,42.3,83.34,26.5,Yes,No,Master's,Medium,9,8.4,0
Female,22,Business,60.03,89.3,56.36,69.2,35.3,65.9,29.3,No,No,High School,Low,6,8.1,1
Male,20,Business,94.44,73.96,55.97,92.71,80.7,56.99,10.3,Yes,Yes,Master's,Medium,6,6.3,1
Male,20,Engineering,66.11,58.03,58.25,93.12,50.6,89.71,8.1,Yes,Yes,Master's,High,1,5.4,0
Female,22,Engineering,50.67,57.71,94.53,61.63,37.8,66.2,23.5,Yes,Yes,PhD,Medium,9,6.5,1
Female,23,Mathematics,92.17,61.67,99.55,54.74,87.8,51.11,9.7,Yes,No,Master's,High,2,7.8,1
Male,19,CS,97.09,77.36,67.85,98.78,36.8,78.57,19.5,Yes,No,Unknown,Low,1,4.1,0
Male,19,Engineering,82.78,53.85,64.61,71.29,85.9,62.33,18.3,No,No,Master's,High,7,7.1,1
Male,21,Business,61.57,95.22,60.94,50.11,50.4,92.06,19.0,No,Yes,Unknown,High,5,7.6,0
Female,23,Engineering,62.59,74.49,91.19,74.95,20.8,57.16,21.2,Yes,No,PhD,Low,6,8.1,1
Female,18,Business,73.33,95.2,60.46,80.97,61.3,71.74,26.3,No,No,High School,Medium,4,5.1,0
Male,24,Mathematics,94.89,42.78,96.2,88.8,28.5,62.66,11.8,No,No,Unknown,Medium,8,5.0,0
Female,20,CS,57.48,60.56,83.37,97.15,14.7,84.48,18.9,No,No,High School,Medium,7,5.1,0
Female,21,Mathematics,91.3,41.37,94.86,95.76,8.7,77.43,13.4,No,Yes,High School,Medium,1,8.7,1
Female,22,Engineering,64.57,56.34,77.7,97.01,24.2,89.55,13.0,No,Yes,Unknown,High,6,4.7,0
Female,23,Business,90.43,91.72,84.53,51.61,73.7,72.93,5.5,Yes,Yes,Bachelor's,High,3,7.8,0
Female,20,Engineering,96.01,42.2,80.97,85.59,83.80000000000001,50.24,20.0,Yes,No,Master's,Low,8,8.9,1
Female,18,Engineering,71.37,66.17,91.56,61.29,86.19999999999999,60.76,29.3,Yes,No,PhD,Low,6,8.7,1
Female,18,Engineering,68.25,47.05,91.79,59.38,27.0,99.96,24.0,Yes,Yes,High School,High,6,6.0,0
Male,19,Engineering,90.11,65.01,79.49,90.02,66.10000000000001,70.27,11.1,No,Yes,Bachelor's,Low,5,8.2,0
Male,21,CS,76.47,90.33,81.63,70.86,23.0,81.01,22.9,No,No,High School,Medium,8,7.4,0
Male,22,Business,84.22,77.38,96.09,95.83,62.3,95.25,12.4,Yes,No,Bachelor's,High,6,8.3,0
Male,20,Engineering,81.14,84.21,96.49,52.12,88.69999999999999,51.03,23.8,Yes,No,PhD,Low,7,4.8,1
Male,24,Business,57.64,60.95,83.21,90.11,4.1,82.98,26.4,No,No,Bachelor's,Low,9,7.8,0
Male,18,CS,92.24,96.66,50.39,56.84,98.5,64.42,13.4,Yes,Yes,PhD,Medium,6,6.9,1
Male,20,Business,59.79,82.56,55.22,58.83,82.69999999999999,63.96,5.1,No,No,Master's,High,6,6.7,0
Male,22,Business,96.61,65.31,92.9,73.87,76.2,61.24,12.6,Yes,Yes,Bachelor's,Low,9,7.6,0
Male,20,CS,62.53,65.59,54.24,69.78,69.1,91.14,10.1,No,Yes,High School,Low,6,5.4,0
Female,21,Engineering,86.69,95.12,60.68,74.31,77.0,68.65,20.5,No,Yes,Master's,Low,7,4.4,1
Female,19,Business,64.23,74.58,61.53,97.0,99.5,53.36,12.3,Yes,No,High School,Medium,4,6.5,0
Male,20,Mathematics,65.89,82.38,80.01,82.87,77.0,54.84,5.9,Yes,No,High School,Low,5,5.5,1
Female,23,Business,65.5,65.02,78.83,64.52,35.2,57.43,18.3,No,Yes,Master's,High,8,5.3,1
Female,19,Engineering,87.39,53.42,64.47,58.65,61.4,94.95,26.9,Yes,No,Master's,Medium,10,9.0,1
Male,22,Mathematics,77.84,83.41,60.38,71.0,33.7,71.37,16.3,Yes,Yes,PhD,High,10,5.0,1
Male,19,Engineering,94.15,76.47,88.23,72.58,97.0,95.8,14.4,No,Yes,Bachelor's,Medium,5,5.2,0
Male,20,Business,65.37,70.08,96.77,80.06,90.0,90.87,9.5,Yes,No,PhD,Low,4,5.7,0
Female,20,CS,84.6,77.44,52.64,63.3,56.8,91.89,14.7,Yes,No,Unknown,High,8,6.5,0
Female,23,Engineering,87.65,52.5,56.66,88.38,78.1,64.34,13.3,No,Yes,Unknown,Low,5,8.3,1
Male,18,Engineering,57.57,87.64,82.11,54.92,91.0,63.57,29.9,Yes,No,PhD,High,2,4.9,0
Female,23,CS,70.03,96.89,90.22,78.02,24.4,78.0,5.8,No,Yes,PhD,Low,10,7.1,0
Female,20,Business,74.14,93.47,89.56,81.18,57.9,70.9,11.0,No,No,Bachelor's,Low,8,5.8,0
Female,24,Engineering,67.78,59.29,85.98,60.34,48.2,75.45,6.7,No,No,Master's,High,8,8.0,0
Male,19,Business,66.11,64.36,94.37,91.3,77.2,52.66,26.4,No,No,Unknown,Medium,7,7.0,0
Female,23,Business,84.32,88.5,60.87,80.77,37.9,98.58,15.4,No,No,Master's,High,9,8.0,0
Female,23,Business,60.79,75.71,55.36,82.29,70.9,52.91,24.9,Yes,Yes,High School,Medium,9,8.3,0
Female,24,CS,85.47,72.87,80.77,74.89,40.3,58.94,22.3,No,Yes,High School,High,4,8.6,1
Female,24,Business,96.75,95.6,91.11,95.48,11.1,83.91,28.2,Yes,Yes,Master's,High,7,9.0,0
Female,24,Business,78.26,72.16,79.1,84.7,10.7,57.78,5.6,No,No,High School,High,1,7.1,1
Female,18,Mathematics,80.57,70.9,98.15,69.09,11.9,55.34,10.2,No,No,Unknown,Medium,1,7.2,1
Female,20,Mathematics,53.45,42.52,89.78,61.93,3.3000000000000003,57.68,22.6,No,Yes,Unknown,Low,3,4.7,1
Male,20,Mathematics,93.22,44.17,85.04,53.55,53.3,53.1,19.6,Yes,Yes,High School,Medium,6,4.5,1
Male,22,Engineering,64.27,40.45,53.01,58.27,67.2,62.57,22.4,No,Yes,Unknown,Low,10,6.4,1
Female,18,Engineering,80.75,94.79,55.39,99.63,12.7,63.56,19.4,Yes,No,High School,Low,8,7.5,1
Male,22,Mathematics,98.96,64.5,89.24,70.34,61.2,74.93,19.5,Yes,Yes,Bachelor's,High,5,5.2,1
Female,22,CS,79.78,68.11,59.91,94.93,59.8,71.94,28.3,No,Yes,Bachelor's,High,3,5.6,0
Female,22,CS,86.24,90.72,51.44,58.53,14.7,73.69,28.0,Yes,Yes,Master's,Low,2,7.5,1
Female,21,Mathematics,72.27,76.55,95.54,71.27,40.4,80.8,5.9,No,No,High School,Medium,10,5.1,0
Male,22,Engineering,53.02,76.57,94.54,98.03,75.5,61.55,15.3,Yes,No,Bachelor's,High,8,6.6,0
Female,23,Engineering,89.88,57.79,60.92,54.56,1.7000000000000002,56.74,17.8,No,Yes,Bachelor's,Low,9,6.7,1
Female,19,CS,51.75,90.03,89.01,79.7,14.7,93.94,13.9,No,No,Unknown,High,7,8.6,0
Male,23,Business,85.03,49.95,52.4,95.96,99.6,81.7,6.2,Yes,No,Master's,Medium,6,6.0,1
Male,23,CS,51.15,43.19,64.25,97.48,73.4,53.03,16.8,No,Yes,Master's,High,10,5.1,1
Female,20,Business,93.12,51.5,81.18,92.3,46.4,98.05,29.4,No,No,Bachelor's,Low,2,4.9,0
Male,21,Engineering,57.88,56.06,88.16,92.8,63.0,84.65,6.8,Yes,No,Bachelor's,Low,2,5.5,0
Male,22,Engineering,75.71,56.94,50.52,82.61,84.60000000000001,57.59,25.4,No,Yes,Master's,High,6,5.4,1
Female,20,Mathematics,79.86,80.23,66.31,61.02,84.2,98.46,9.9,No,Yes,Unknown,Medium,9,7.8,0
Female,18,Engineering,72.88,53.07,60.72,86.53,32.5,68.27,19.4,No,Yes,PhD,Medium,9,7.0,0
Female,18,Business,67.04,80.6,99.94,98.92,49.1,99.23,14.7,No,No,Unknown,Low,9,7.4,0
Male,20,CS,73.39,45.47,83.55,76.3,63.8,55.16,13.7,No,Yes,PhD,High,3,7.2,1
Male,19,Mathematics,65.57,48.83,70.28,63.03,7.199999999999999,58.0,26.8,No,Yes,Master's,Low,3,6.4,1
Male,20,Business,71.91,70.53,53.78,78.67,94.6,82.87,29.3,Yes,No,Master's,Medium,9,8.6,1
Female,20,CS,67.95,95.31,79.93,84.53,43.3,51.11,14.7,No,No,Master's,High,5,8.1,0
Male,21,CS,78.31,91.57,82.09,60.41,37.1,50.93,21.0,Yes,No,High School,Medium,3,5.1,0
Male,18,CS,61.9,98.13,90.82,85.96,90.7,89.6,18.9,Yes,No,High School,Low,7,6.1,0
Female,18,Engineering,99.43,79.03,64.43,79.37,11.8,58.39,6.9,No,No,High School,High,6,5.4,1
Female,22,CS,75.04,80.55,99.07,80.62,3.9,95.94,6.0,No,No,Master's,Medium,10,7.7,0
Female,23,Engineering,59.71,77.5,71.97,65.3,68.5,71.29,24.3,No,No,Bachelor's,High,3,5.7,1
Male,20,CS,73.85,77.37,64.8,57.76,38.5,93.68,14.9,No,No,Master's,High,6,7.2,1
Female,20,CS,93.32,48.83,67.42,81.17,76.39999999999999,70.89,12.7,Yes,No,PhD,Medium,10,5.5,0
Male,19,Engineering,51.09,72.62,75.98,79.31,6.9,76.51,29.6,Yes,Yes,Unknown,Low,9,4.9,0
Male,24,Engineering,83.98,63.16,96.84,66.9,38.4,65.83,7.1,Yes,No,PhD,Medium,2,4.0,1
Female,24,Business,77.4,66.55,86.76,64.79,23.5,82.9,11.7,No,Yes,Unknown,Medium,5,9.0,0
Female,18,CS,58.48,71.42,78.86,67.36,74.0,65.91,26.4,Yes,No,PhD,High,10,5.1,0
Female,19,Engineering,90.87,47.7,58.14,74.49,22.7,61.16,15.4,No,Yes,Unknown,High,5,8.2,1
Female,21,Business,68.44,61.57,57.47,98.74,45.8,54.05,19.6,No,No,Bachelor's,Medium,6,8.1,1
Female,22,Business,64.69,43.81,75.11,88.18,81.89999999999999,52.88,6.2,No,Yes,Unknown,Medium,2,5.2,1
Male,19,Engineering,91.41,98.78,86.44,92.59,91.5,65.3,28.0,No,No,Master's,Low,6,6.1,0
Male,18,CS,81.93,47.11,87.55,75.28,72.30000000000001,86.82,8.4,Yes,No,PhD,High,1,8.2,0
Male,21,Business,94.91,55.51,61.3,76.31,42.9,60.28,10.3,No,Yes,High School,Medium,10,7.4,1
Female,20,CS,81.49,93.48,55.0,60.22,57.2,64.96,8.9,Yes,Yes,Bachelor's,Low,7,5.8,1
Male,21,CS,87.04,68.96,69.22,86.05,69.0,95.26,17.4,No,No,PhD,High,1,8.7,0
Female,23,Business,91.82,48.14,95.91,71.08,87.5,81.96,25.4,No,No,Bachelor's,Low,2,5.7,0
Female,19,Engineering,52.74,63.05,77.27,87.12,88.9,95.99,11.7,No,No,High School,Medium,4,5.1,0
Male,18,CS,88.8,46.95,66.0,70.45,93.1,95.56,8.6,No,No,High School,High,5,4.7,0
Male,19,Mathematics,80.69,52.01,66.18,55.43,81.1,53.17,15.2,Yes,No,High School,Low,10,7.5,1
Female,20,Engineering,53.48,43.12,56.6,58.65,14.7,97.75,29.5,Yes,No,High School,Medium,1,4.1,1
Male,24,Business,75.43,66.29,73.66,90.58,74.80000000000001,52.56,5.3,Yes,No,High School,Low,1,8.2,1
Female,20,Mathematics,54.12,88.4,89.57,62.93,81.5,96.28,17.6,Yes,No,Master's,Low,5,5.5,0
Male,18,CS,86.8,75.16,98.43,63.22,87.8,77.34,21.7,No,Yes,Unknown,Medium,6,5.8,0
Male,23,Engineering,77.33,76.38,75.08,96.47,92.5,76.66,25.2,Yes,Yes,High School,High,3,8.0,0
Male,22,Mathematics,97.68,52.04,58.36,82.88,50.9,85.66,23.7,No,Yes,PhD,Medium,5,8.1,1
Male,21,Engineering,59.16,60.63,84.15,55.72,65.5,93.96,6.9,Yes,No,PhD,High,2,6.0,1
Male,21,CS,80.3,90.71,87.84,57.18,1.0,80.85,16.5,Yes,No,High School,Low,8,6.8,0
Female,20,Engineering,60.58,45.27,53.58,63.62,57.3,71.27,7.0,Yes,Yes,Bachelor's,Low,3,7.4,1
Male,19,Mathematics,80.7,91.48,92.51,79.7,47.3,55.59,20.5,Yes,Yes,High School,Medium,3,7.4,1
Male,24,Engineering,86.13,69.02,91.47,87.64,96.2,89.46,6.9,Yes,No,Master's,Low,9,6.7,0
Male,19,Business,86.12,90.23,73.63,63.72,90.2,56.41,6.2,Yes,No,Unknown,Low,4,8.2,1
Female,23,Business,90.75,59.08,78.02,93.53,79.80000000000001,86.32,12.7,No,No,PhD,High,10,8.2,0
Female,22,Mathematics,92.68,60.33,85.67,55.46,5.699999999999999,76.4,28.5,Yes,Yes,High School,Medium,3,8.2,1
Female,19,Engineering,53.86,85.1,83.84,60.38,40.2,69.29,22.7,No,Yes,Unknown,High,5,5.3,0
Female,21,Mathematics,67.16,87.1,50.83,98.52,69.6,80.65,5.1,Yes,Yes,Unknown,Medium,6,5.3,0
Female,24,Engineering,84.36,53.78,56.12,56.74,3.0,88.62,12.1,No,No,High School,Low,10,4.7,1
Male,19,CS,74.93,98.37,58.13,94.41,23.6,97.06,5.4,No,No,Unknown,Low,1,8.1,0
Male,24,Business,59.53,45.07,87.78,85.2,88.80000000000001,63.23,12.4,Yes,Yes,PhD,Medium,7,4.3,1
Male,22,CS,77.64,44.11,72.0,53.65,13.0,97.36,22.1,No,No,High School,Medium,4,4.7,0
Female,21,Engineering,70.37,75.73,77.28,74.19,5.1,98.05,24.0,Yes,Yes,Bachelor's,Medium,9,8.6,0
Female,24,CS,69.5,83.36,88.63,75.95,58.1,90.68,25.1,Yes,Yes,High School,Low,2,4.6,0
Male,19,Mathematics,90.49,97.65,67.05,96.61,94.6,94.07,27.7,No,No,PhD,High,2,4.6,0
Female,21,Mathematics,70.38,64.3,87.44,71.06,83.5,84.62,14.1,No,No,High School,Low,10,8.5,0
Female,20,Engineering,51.32,41.52,72.11,72.34,97.5,51.95,26.6,Yes,No,High School,Low,2,5.6,1
Female,20,Business,52.9,76.17,68.86,55.62,75.4,78.75,23.2,No,No,High School,Low,10,8.4,0
Male,23,Mathematics,92.81,57.38,66.65,81.96,43.7,87.36,18.4,Yes,Yes,Master's,Medium,10,5.9,0
Male,20,Business,98.03,65.98,98.25,60.54,94.7,97.09,28.9,No,Yes,Master's,Low,8,5.9,0
Female,19,Engineering,84.42,69.31,88.6,53.88,42.7,78.52,28.7,No,Yes,PhD,High,2,4.7,0
Female,22,Business,68.22,43.87,51.01,99.85,35.0,89.71,27.4,Yes,Yes,Unknown,Medium,4,8.6,0
Female,21,Engineering,96.93,69.16,97.87,63.48,44.8,85.25,10.1,No,No,High School,Low,10,7.8,0
Female,24,CS,83.14,65.58,88.77,57.05,81.4,64.04,10.2,Yes,Yes,High School,Low,1,5.1,0
Male,18,Engineering,92.22,82.75,57.46,84.97,91.8,57.74,27.5,Yes,Yes,Master's,Low,4,7.6,1
Female,20,CS,88.29,78.74,53.82,91.08,35.8,87.55,14.9,Yes,Yes,Bachelor's,Low,6,4.5,0
Male,20,Engineering,68.96,51.11,65.41,53.2,46.2,61.69,24.9,Yes,Yes,Master's,Medium,6,6.6,1
Male,18,Mathematics,73.94,52.37,81.21,55.27,89.80000000000001,62.23,22.2,Yes,No,Unknown,Medium,3,5.3,1
Male,24,Mathematics,59.31,55.06,80.83,54.51,4.699999999999999,82.2,24.1,No,Yes,High School,Medium,9,8.3,0
Female,24,Business,64.6,50.74,63.79,52.35,78.4,89.45,5.7,Yes,No,High School,Medium,5,6.6,1
Male,18,Engineering,88.91,79.43,72.28,82.97,45.4,79.12,15.7,Yes,No,PhD,Medium,9,8.6,0
Male,24,Engineering,94.7,99.67,60.59,79.42,37.7,94.25,26.4,No,Yes,Bachelor's,Low,2,6.9,0
Female,19,Engineering,86.22,79.13,52.53,83.14,44.7,60.57,17.2,No,No,PhD,Medium,3,6.5,1
Female,24,Business,73.26,76.4,75.85,75.28,41.900000000000006,62.62,22.3,No,No,Bachelor's,Low,7,7.5,1
Female,21,Mathematics,54.33,64.6,67.35,90.88,75.7,81.85,23.9,Yes,Yes,Bachelor's,High,5,7.9,0
Male,24,Engineering,52.85,58.75,77.14,77.33,92.8,91.47,8.0,No,Yes,Bachelor's,High,9,4.1,0
Female,20,Business,68.72,94.66,97.33,95.94,49.1,76.97,8.9,No,No,Bachelor's,Low,2,6.6,0
Male,22,Engineering,73.19,98.14,57.17,74.28,83.3,50.52,23.1,Yes,Yes,PhD,Low,9,7.9,1
Male,19,CS,80.46,69.81,50.1,89.53,73.2,83.85,6.4,Yes,No,High School,Medium,8,6.0,0
Female,19,Engineering,50.32,57.41,53.84,70.37,33.1,90.68,13.5,No,No,High School,Medium,5,4.2,0
Male,24,CS,99.49,86.21,73.14,71.76,58.7,63.83,28.0,No,Yes,PhD,High,1,4.1,1
Male,22,Business,68.2,47.95,85.35,92.45,66.7,52.71,19.4,No,Yes,Master's,High,10,8.0,1
Male,22,Business,92.4,85.94,79.04,55.38,2.3000000000000003,75.9,27.8,No,Yes,Unknown,Low,1,5.0,1
Male,23,Mathematics,76.75,89.14,74.74,78.25,39.6,52.11,12.7,Yes,Yes,Bachelor's,High,7,4.9,0
Female,22,Engineering,56.52,47.49,67.7,86.32,99.3,70.8,20.9,No,No,PhD,Low,2,5.4,1
Male,24,Business,89.88,98.61,65.5,87.52,63.7,50.89,12.2,No,No,Bachelor's,Low,1,4.5,1
Female,24,Mathematics,85.49,99.13,68.81,79.57,33.4,61.25,7.8,Yes,No,Bachelor's,High,3,4.3,0
Male,18,Engineering,76.37,96.2,80.58,72.4,25.0,69.44,29.8,Yes,No,Bachelor's,Low,2,8.4,1
Male,20,Business,75.73,69.76,58.39,63.04,20.9,55.59,9.4,No,Yes,PhD,Low,3,5.5,1
Female,23,CS,54.37,54.76,88.57,95.47,40.2,55.71,9.7,No,No,High School,Low,9,6.9,1
Male,24,Business,82.79,74.92,78.76,68.49,19.3,91.35,26.0,No,No,Master's,Low,9,8.3,0
Male,18,CS,95.56,65.2,63.46,89.95,13.5,52.07,25.1,Yes,No,Master's,Medium,9,8.9,1
Male,23,Mathematics,54.66,52.36,75.06,51.58,36.4,84.45,29.4,Yes,No,PhD,High,6,7.4,1
Male,20,Mathematics,63.18,65.42,98.14,61.61,60.7,90.72,6.8,No,Yes,Unknown,High,3,8.8,0
Male,23,Engineering,95.12,79.83,51.02,67.28,14.6,56.54,7.4,Yes,Yes,Master's,Low,6,6.1,1
Male,18,Engineering,64.22,44.25,59.98,83.58,4.4,59.77,16.2,No,Yes,Master's,High,3,7.9,1
Female,21,Engineering,82.7,60.01,72.42,65.97,3.5,82.07,19.8,No,No,Bachelor's,High,8,8.7,0
Female,24,Mathematics,76.74,41.07,81.92,52.07,26.7,65.78,6.0,No,No,PhD,Medium,5,4.3,1
Female,20,CS,79.82,84.97,60.61,58.69,19.0,73.82,9.0,Yes,Yes,High School,Medium,2,5.6,1
Male,19,Engineering,70.79,78.44,96.57,62.96,53.9,91.8,22.6,No,Yes,PhD,Medium,5,7.7,0
Male,20,Engineering,65.0,43.76,82.13,58.8,45.6,56.9,21.7,Yes,No,PhD,Medium,3,5.6,1
Male,20,Mathematics,52.43,97.88,93.87,60.19,32.5,80.98,7.2,Yes,No,Master's,Medium,2,4.1,0
Female,20,CS,87.21,41.36,66.47,88.45,83.4,97.12,28.3,Yes,No,Bachelor's,Low,10,8.0,0
Male,21,Business,87.3,75.4,91.45,70.6,50.5,52.87,11.4,No,No,PhD,High,10,4.8,1
Female,24,Engineering,83.54,86.58,68.91,70.26,9.2,53.0,27.2,Yes,No,High School,Medium,8,5.6,1
Male,18,Business,82.18,87.27,62.64,98.33,29.6,77.74,28.1,No,Yes,Bachelor's,Medium,9,8.6,0
Male,24,Business,62.19,42.06,95.58,72.34,97.3,98.0,17.3,Yes,Yes,Bachelor's,High,3,5.0,0
Male,19,Engineering,51.12,94.38,54.61,96.38,97.7,61.02,15.3,No,Yes,High School,Low,10,8.5,0
Female,18,Mathematics,90.44,95.11,97.14,64.95,25.5,66.54,12.0,Yes,Yes,High School,High,4,6.1,0
Male,23,Engineering,74.56,73.68,72.93,70.03,16.7,54.93,25.2,Yes,No,High School,Medium,7,8.6,1
Female,23,CS,65.34,68.92,99.63,69.81,49.6,68.11,9.9,Yes,No,PhD,Low,7,8.4,1
Male,23,CS,55.1,42.69,76.98,77.3,48.1,52.22,20.6,Yes,No,Bachelor's,Low,2,6.1,1
Male,18,Engineering,53.14,73.72,87.87,79.21,41.0,69.45,19.2,No,Yes,Bachelor's,Low,1,8.6,0
Female,22,Business,67.44,64.56,50.35,62.41,52.9,77.77,11.2,Yes,Yes,Unknown,High,3,7.2,1
Male,21,CS,90.24,86.37,74.83,89.68,23.2,98.75,29.6,No,No,Unknown,High,2,6.4,0
Male,22,CS,95.94,64.23,86.87,74.83,11.5,90.92,26.2,Yes,Yes,Unknown,High,8,6.7,0
Male,24,Engineering,94.84,81.01,89.14,50.35,57.0,91.1,5.5,No,No,PhD,Medium,5,4.3,0
Male,23,Engineering,96.0,46.08,57.9,79.57,93.3,61.41,15.6,No,No,PhD,Low,9,8.0,1
Female,21,Mathematics,95.39,47.98,70.95,89.9,13.8,54.36,14.0,Yes,Yes,High School,Medium,7,5.5,1
Female,18,Engineering,76.36,48.38,70.95,62.52,70.5,80.15,27.1,Yes,Yes,PhD,Low,1,5.4,0
Male,23,Engineering,60.97,42.73,55.18,51.89,43.8,76.06,11.6,Yes,No,Bachelor's,Low,6,7.6,1
Male,18,CS,89.9,72.48,72.15,90.36,29.4,75.83,30.0,No,Yes,Bachelor's,Low,4,5.9,1
Female,21,CS,60.69,87.64,90.35,98.81,85.3,55.45,10.0,No,Yes,Master's,Low,10,6.6,0
Male,18,CS,63.36,76.62,65.01,53.83,45.6,74.69,11.1,Yes,Yes,Master's,Low,1,6.1,1
Female,18,Business,61.66,74.5,71.63,96.9,58.3,57.52,21.7,Yes,Yes,PhD,Low,2,6.5,1
Male,19,CS,75.75,80.84,98.05,67.96,44.3,71.11,9.0,No,Yes,Master's,Low,1,5.1,0
Female,24,CS,66.09,60.38,51.59,97.07,8.100000000000001,53.11,27.2,No,Yes,PhD,High,10,8.4,1
Female,22,Engineering,57.71,61.72,79.58,82.44,59.5,92.84,7.7,Yes,Yes,High School,High,5,7.1,0
Female,22,Mathematics,72.66,58.86,87.17,94.51,41.900000000000006,50.66,29.6,Yes,Yes,High School,Medium,5,5.2,1
Female,22,CS,93.7,82.73,88.04,89.29,8.7,96.97,26.9,Yes,Yes,Master's,Low,4,4.5,0
Male,20,Mathematics,78.53,49.7,85.8,51.4,59.6,93.14,26.0,No,No,PhD,Medium,1,6.7,0
Male,19,CS,93.92,40.78,86.32,53.27,1.0,87.63,15.2,No,Yes,Master's,High,1,6.3,1
Female,23,CS,59.79,75.77,52.95,76.29,20.9,99.13,17.8,No,No,Bachelor's,Medium,7,8.7,0
Female,23,Mathematics,58.35,96.54,76.71,56.48,78.1,52.69,16.4,Yes,No,PhD,Medium,10,5.2,1
Female,23,Engineering,78.78,76.56,89.15,73.05,3.8,82.08,29.7,No,No,Unknown,Low,9,8.4,1
Female,22,CS,73.17,86.98,54.7,97.73,64.7,92.47,5.9,Yes,Yes,Bachelor's,Medium,7,7.8,0
Male,24,Mathematics,83.01,80.37,50.6,64.74,95.0,56.33,14.5,Yes,Yes,PhD,Medium,4,6.4,1
Female,22,CS,89.73,69.85,90.73,74.45,17.1,79.24,29.2,Yes,Yes,Master's,Medium,4,8.4,0
Female,24,Business,87.57,83.1,85.61,69.21,41.7,69.7,14.2,Yes,No,Master's,High,9,8.3,0
Female,19,Business,97.11,89.45,70.61,81.49,57.5,71.79,15.0,No,Yes,Master's,Low,6,7.6,1
Female,24,Business,69.91,53.48,97.02,59.69,45.0,95.63,20.8,No,No,PhD,Low,10,4.5,0
Female,18,Business,60.32,60.17,88.33,63.0,62.0,76.93,27.7,Yes,Yes,Master's,Low,2,4.8,1
Female,22,Engineering,77.55,53.42,98.39,92.94,40.4,54.66,12.4,No,Yes,PhD,Low,1,7.0,0
Female,23,Business,55.54,67.13,96.47,90.57,14.9,96.86,28.7,No,Yes,PhD,High,6,5.2,0
Male,18,Mathematics,64.44,93.1,74.06,89.46,8.9,59.26,12.1,Yes,No,Master's,Low,1,6.8,0
Female,22,CS,60.39,60.71,87.74,88.55,74.4,94.63,25.4,No,No,High School,Medium,3,6.8,0
Female,21,Mathematics,69.83,62.47,83.46,72.97,23.9,98.55,11.9,No,Yes,High School,High,6,6.9,0
Female,20,Business,55.56,91.62,90.57,86.44,84.7,93.89,6.8,No,Yes,Bachelor's,Medium,5,6.8,0
Male,22,Engineering,51.59,70.92,89.38,69.36,74.3,83.86,25.3,Yes,No,PhD,High,9,5.9,0
Male,21,Business,82.84,72.13,57.66,55.04,4.9,87.18,16.3,Yes,No,Master's,Low,6,5.1,0
Male,19,Business,80.51,91.65,61.69,69.67,20.1,84.99,14.8,No,Yes,Master's,Low,3,6.6,0
Female,21,Engineering,85.42,69.43,63.29,57.93,29.2,73.03,15.7,Yes,No,Master's,High,10,6.5,1
Female,19,Engineering,83.02,80.89,90.92,69.54,59.400000000000006,63.72,20.3,No,No,High School,Low,4,5.4,0
Female,22,Engineering,55.71,45.14,90.54,64.87,81.0,64.25,11.6,Yes,Yes,Unknown,High,5,4.3,0
Male,19,Engineering,64.55,50.72,74.77,79.96,6.0,86.56,10.9,No,Yes,PhD,Low,4,5.0,1
Female,21,Engineering,56.48,64.26,79.04,68.08,25.0,81.3,17.1,Yes,Yes,Bachelor's,High,3,6.8,1
Male,24,Engineering,92.15,69.69,91.35,85.28,37.6,79.24,5.9,No,Yes,Bachelor's,Low,9,6.7,0
Male,20,CS,87.35,97.94,65.63,75.61,18.3,82.63,21.1,Yes,No,Bachelor's,Low,9,4.7,0
Male,18,Business,60.08,98.24,52.51,95.97,54.5,88.74,25.6,Yes,Yes,PhD,High,5,7.0,0
Male,18,Business,67.07,91.07,74.13,54.55,47.8,87.42,23.2,Yes,No,PhD,Medium,1,6.1,0
Male,20,Engineering,98.33,58.94,95.69,84.39,31.6,55.27,16.7,No,Yes,Bachelor's,Low,1,7.3,1
Female,23,Mathematics,79.71,97.84,89.52,83.62,51.7,68.15,19.1,No,No,Bachelor's,High,7,8.4,0
Female,18,Engineering,90.06,81.36,68.33,97.53,35.6,63.2,5.7,Yes,Yes,Master's,Low,3,5.5,1
Male,22,CS,63.23,63.58,53.24,68.58,34.300000000000004,76.91,27.8,No,No,Unknown,Low,8,5.7,0
Female,23,Mathematics,60.5,82.1,81.85,65.27,26.5,53.07,19.0,No,Yes,High School,Medium,6,7.4,1
Female,22,CS,89.2,40.99,91.72,58.62,54.0,88.12,12.9,Yes,Yes,PhD,High,6,8.7,0
Male,21,Mathematics,84.29,48.77,83.25,63.26,44.400000000000006,55.33,12.3,No,Yes,Unknown,Medium,6,6.4,1
Male,21,Mathematics,84.05,89.78,71.25,75.09,19.6,63.57,21.5,Yes,Yes,Bachelor's,Low,6,4.8,0
Female,23,Engineering,77.63,78.73,56.17,91.89,1.3,89.14,19.6,No,Yes,Bachelor's,High,3,8.7,0
Female,23,CS,78.18,61.85,95.54,64.21,15.1,52.58,9.7,No,Yes,Bachelor's,Medium,6,6.3,1
Female,23,Mathematics,86.78,70.04,63.8,57.89,4.3,83.01,15.2,Yes,Yes,Bachelor's,High,3,6.3,1
Female,23,CS,63.5,94.31,61.21,63.61,43.2,96.22,21.9,No,Yes,Master's,Low,5,6.7,0
Male,19,Engineering,67.64,77.89,90.8,55.05,22.5,80.88,12.4,Yes,No,PhD,Low,1,5.3,1
Female,24,Engineering,93.58,63.89,99.06,96.33,42.0,85.63,17.7,No,Yes,Bachelor's,Medium,2,7.9,0
Male,23,Engineering,65.44,47.22,83.01,93.63,32.9,89.61,11.4,No,No,Bachelor's,Low,2,7.2,0
Male,24,Engineering,77.32,57.62,81.24,65.42,53.8,61.11,6.8,No,Yes,PhD,High,9,8.8,1
Female,23,Business,85.13,98.7,65.97,62.35,72.4,79.05,14.7,No,Yes,High School,Low,5,5.0,0
Female,21,Mathematics,100.0,66.24,51.02,95.27,47.9,65.45,23.3,Yes,Yes,Master's,Medium,1,7.1,1
Female,22,Business,71.76,68.31,59.59,50.09,6.2,62.47,10.3,Yes,No,Master's,Low,2,6.6,1
Male,24,Engineering,71.4,69.92,79.22,80.03,1.7999999999999998,59.62,23.9,No,No,Unknown,Medium,6,8.5,0
Male,21,Mathematics,92.13,93.05,57.57,95.8,21.3,79.27,21.7,No,No,Master's,Medium,6,4.2,0
Male,18,Mathematics,90.28,76.24,94.19,75.43,42.5,89.73,17.7,Yes,No,Unknown,Medium,2,7.8,0
Male,19,CS,86.55,81.62,59.41,50.15,4.5,93.79,29.3,No,No,High School,Medium,3,7.1,0
Female,19,Engineering,73.16,63.36,76.11,60.94,32.8,71.43,27.1,Yes,Yes,PhD,High,4,7.0,1
Male,22,Business,66.2,41.75,75.6,96.12,88.69999999999999,68.64,19.1,Yes,No,Bachelor's,Medium,10,8.4,1
Male,23,CS,80.44,95.86,80.2,50.85,9.0,84.37,18.9,No,No,Unknown,High,1,6.9,0
Female,21,Mathematics,93.81,96.95,66.37,69.74,94.9,89.02,11.9,Yes,No,Master's,High,10,7.6,0
Male,18,Business,94.19,96.95,93.68,89.49,85.7,62.67,28.0,No,No,Bachelor's,High,2,7.2,0
Male,21,Engineering,55.42,96.62,72.22,91.9,83.2,64.86,27.4,Yes,No,High School,Low,7,4.3,0
Female,23,Business,71.42,88.91,85.01,73.88,86.4,76.67,23.6,No,No,PhD,Medium,6,4.6,0
Male,23,Business,73.24,81.08,81.8,61.62,8.0,72.22,8.2,No,No,Unknown,Medium,5,5.7,0
Male,20,Business,98.88,90.67,55.86,79.99,15.1,85.29,22.6,Yes,Yes,Master's,Low,8,7.4,0
Male,21,CS,83.9,76.03,81.13,63.19,13.4,75.22,11.3,Yes,No,Bachelor's,Medium,3,4.1,1
Male,22,Mathematics,70.36,48.06,77.54,62.76,11.1,55.58,9.7,Yes,No,Bachelor's,Low,8,7.9,1
Female,21,Business,51.3,63.47,94.93,90.38,32.8,58.3,24.0,Yes,Yes,Bachelor's,Medium,5,5.0,0
Male,19,Mathematics,78.27,98.28,94.04,57.71,83.0,95.1,29.0,No,Yes,PhD,High,9,6.8,0
Female,18,CS,54.8,61.07,57.55,50.28,25.2,61.37,7.7,No,Yes,Unknown,High,9,5.0,1
Male,24,Engineering,91.72,92.07,54.08,66.84,24.4,52.5,9.1,Yes,Yes,PhD,High,7,4.9,1
Female,22,Engineering,87.63,45.59,64.73,74.55,67.6,86.57,10.5,Yes,No,Master's,Medium,3,5.7,1
Female,20,Business,73.03,60.05,99.33,85.25,9.7,84.2,29.1,No,No,Unknown,High,4,8.6,1
Female,18,CS,71.46,61.06,51.08,89.06,36.0,80.0,22.4,No,No,High School,Low,6,5.2,1
Male,18,Engineering,94.87,43.1,83.64,83.18,29.5,75.11,22.0,Yes,No,High School,Medium,1,4.2,1
Male,24,CS,64.42,47.15,80.43,81.33,84.7,98.48,17.6,No,Yes,PhD,Medium,2,8.4,0
Male,19,CS,62.45,51.59,82.33,83.29,51.5,55.99,18.4,Yes,No,PhD,Medium,6,6.2,1
Female,19,Business,96.96,90.27,60.91,63.58,64.6,75.51,12.3,No,No,PhD,High,9,7.1,0
Male,19,Business,90.46,43.8,61.34,69.12,12.9,78.2,8.9,No,No,High School,High,4,8.4,0
Male,22,CS,91.03,57.92,71.53,80.82,92.9,51.12,24.5,No,No,High School,Low,3,7.8,1
Male,21,CS,59.76,40.61,54.79,53.28,32.2,70.6,16.8,No,No,Unknown,Low,8,8.0,1
Male,18,Business,57.16,81.74,53.73,64.77,70.7,89.14,11.4,No,No,Unknown,Medium,7,6.4,0
Female,21,CS,51.3,77.22,54.42,70.32,95.5,73.55,20.8,No,Yes,PhD,Low,2,7.4,0
Female,21,Business,61.85,78.7,78.65,76.67,50.9,93.76,10.2,No,Yes,Bachelor's,Medium,10,8.8,0
Male,19,Mathematics,88.71,62.46,69.89,74.32,50.8,82.24,17.2,Yes,No,Unknown,High,4,8.4,1
Male,21,CS,62.0,52.5,64.68,85.91,11.7,88.3,9.8,No,Yes,High School,High,10,7.1,0
Male,18,Business,86.46,83.22,65.79,73.67,39.0,90.22,24.0,No,Yes,Master's,Medium,6,4.4,0
Female,18,CS,62.6,88.67,60.36,95.21,85.19999999999999,84.48,13.0,Yes,No,Bachelor's,High,2,8.9,0
Male,23,Business,69.76,48.32,70.58,69.02,13.5,87.47,16.0,Yes,Yes,High School,High,6,5.1,0
Female,20,CS,99.16,69.21,60.15,76.27,91.8,84.77,23.9,Yes,Yes,Bachelor's,High,9,5.8,0
Female,22,Engineering,62.24,54.92,84.9,50.16,66.7,77.52,21.5,No,Yes,Master's,Medium,4,4.7,1
Male,21,Engineering,68.82,50.09,56.2,65.52,42.1,78.33,15.0,Yes,No,PhD,Low,10,4.8,1
Male,22,CS,65.05,84.06,97.41,93.33,54.6,59.49,6.8,No,No,Bachelor's,Medium,7,8.0,0
Male,22,Engineering,55.48,72.29,54.49,66.68,15.0,91.37,28.0,Yes,Yes,Master's,Medium,9,4.6,1
Female,22,CS,74.49,52.97,97.17,62.66,21.7,65.61,5.2,Yes,No,Master's,High,8,4.9,0
Female,24,CS,68.93,58.6,91.66,77.18,28.6,76.79,23.4,No,No,Bachelor's,High,2,4.9,1
Male,23,Mathematics,84.74,98.0,84.04,53.94,38.5,62.48,28.6,Yes,No,Bachelor's,Low,9,5.9,0
Female,22,Mathematics,90.88,90.92,95.62,76.58,91.6,84.79,12.7,No,No,Bachelor's,Medium,8,7.5,0
Male,23,Engineering,77.21,92.8,56.96,65.18,36.8,98.76,6.9,No,No,Bachelor's,Low,5,7.2,0
Male,18,Mathematics,51.61,67.6,58.82,69.16,52.400000000000006,90.1,11.2,No,Yes,PhD,Low,9,7.6,0
Female,24,Mathematics,80.95,77.43,62.61,89.57,16.200000000000003,80.95,12.8,No,No,High School,Medium,6,7.6,0
Female,21,CS,52.77,62.61,62.24,83.1,73.60000000000001,78.38,16.3,No,Yes,Unknown,Low,9,4.0,0
Female,23,Business,80.82,44.66,65.54,72.31,56.0,74.49,18.1,Yes,No,PhD,Medium,9,7.4,1
Female,20,CS,84.25,64.06,78.78,78.88,44.0,60.25,23.1,Yes,No,Bachelor's,Medium,3,7.4,1
Male,22,Mathematics,59.89,75.64,51.41,88.34,94.7,67.4,27.5,Yes,Yes,Master's,Low,7,4.3,0
Male,24,CS,90.97,57.23,69.11,87.29,89.1,70.32,16.6,Yes,Yes,PhD,Low,4,6.1,0
Male,20,Engineering,95.55,90.88,62.32,59.27,66.0,97.23,23.7,Yes,Yes,Unknown,Medium,4,4.4,0
Female,18,Business,90.65,49.07,80.33,65.05,92.2,71.28,8.2,No,Yes,Unknown,High,7,5.0,0
Male,18,Mathematics,65.26,62.03,99.26,67.41,56.5,79.31,13.2,No,No,PhD,High,6,6.4,0
Female,19,Mathematics,79.33,47.49,75.88,59.38,82.69999999999999,96.12,8.0,No,Yes,Master's,Medium,4,4.1,1
Female,22,CS,95.74,64.29,71.28,50.61,40.9,75.92,22.3,No,No,Master's,High,5,4.5,0
Female,19,CS,66.03,42.38,68.41,58.7,8.7,62.57,27.7,No,No,Master's,Low,6,4.4,1
Male,24,CS,91.0,56.35,89.25,90.41,99.4,69.05,27.2,Yes,Yes,High School,Low,4,4.6,0
Female,20,CS,50.47,64.04,53.6,77.3,16.599999999999998,68.78,13.2,No,Yes,Master's,High,8,4.2,1
Female,21,Mathematics,50.18,68.69,97.99,67.08,25.2,85.74,10.9,No,Yes,Unknown,High,4,7.1,0
Female,19,CS,87.99,72.62,70.9,80.42,16.299999999999997,64.81,11.9,No,No,Bachelor's,Medium,10,4.9,1
Female,18,Mathematics,88.07,56.5,65.69,86.99,33.7,86.51,12.2,No,Yes,Bachelor's,Low,4,8.3,1
Female,22,CS,89.45,71.38,98.7,67.72,28.9,94.46,7.1,Yes,No,Unknown,High,10,8.4,0
Female,20,Business,96.5,70.54,96.79,73.3,60.1,66.8,8.3,Yes,Yes,Master's,High,10,7.5,0
Female,23,Business,55.9,58.97,82.1,53.21,99.6,56.77,10.4,Yes,Yes,Bachelor's,High,1,4.3,1
Female,24,CS,61.6,89.81,50.93,79.85,5.300000000000001,81.93,5.2,No,No,Unknown,High,6,8.5,1
Female,24,CS,95.19,72.74,87.43,67.82,77.8,68.04,6.2,Yes,No,Master's,Low,1,6.1,0
Female,18,Engineering,58.86,59.94,66.78,71.68,12.8,76.7,22.5,No,Yes,High School,Medium,9,4.9,0
Female,23,Business,84.11,96.84,69.41,71.13,2.0,81.71,20.5,No,No,Bachelor's,Low,5,7.9,0
Female,24,Mathematics,76.52,90.71,57.94,81.62,63.9,70.39,28.6,Yes,Yes,Master's,Medium,2,5.7,0
Male,21,Business,54.16,98.96,76.17,78.62,87.30000000000001,96.23,15.0,No,Yes,Master's,High,9,6.5,0
Male,22,Mathematics,64.26,81.53,87.23,71.11,17.6,69.98,16.1,No,No,Bachelor's,High,8,7.7,1
Female,21,CS,76.02,62.69,63.65,50.85,34.2,65.37,6.7,Yes,Yes,Master's,Medium,4,4.5,1
Female,24,Business,92.62,56.85,96.94,81.05,16.9,94.28,8.8,Yes,No,PhD,High,3,4.8,0
Female,21,Business,85.38,79.8,59.74,93.98,90.7,56.82,22.3,Yes,No,PhD,Low,4,8.8,1
Male,24,Engineering,81.09,98.85,53.31,88.48,27.0,56.21,10.9,Yes,Yes,High School,Medium,10,7.6,1
Male,22,Engineering,74.8,77.6,82.22,99.08,44.5,96.78,24.3,Yes,Yes,Unknown,High,4,5.2,0
Male,22,Business,64.93,92.9,92.47,56.95,89.5,60.45,22.6,Yes,No,PhD,High,9,6.9,0
Female,23,Business,55.96,59.75,97.66,61.13,55.3,57.42,23.7,Yes,No,PhD,High,6,4.9,1
Female,21,Business,70.45,64.42,88.36,76.96,93.3,76.76,22.3,Yes,Yes,High School,Medium,4,8.3,0
Female,20,Mathematics,51.43,94.38,59.98,61.79,92.6,52.34,22.7,No,Yes,PhD,Low,2,6.2,1
Female,23,CS,60.55,85.41,98.88,51.73,46.2,81.0,18.7,No,Yes,PhD,Low,9,8.0,0
Male,22,Engineering,71.62,98.88,95.97,70.11,58.2,72.65,22.0,Yes,Yes,Bachelor's,High,7,8.9,0
Female,18,CS,70.93,86.49,58.16,64.38,23.0,82.02,18.2,Yes,Yes,High School,Medium,5,8.9,0
Male,24,Engineering,52.21,66.91,77.94,63.19,99.1,64.2,10.2,No,No,Master's,Medium,2,4.7,1
Male,23,Engineering,79.45,71.86,77.78,97.66,27.8,95.27,10.4,Yes,No,Master's,Medium,1,8.7,0
Female,19,Engineering,77.48,94.03,72.13,61.92,78.3,63.53,15.1,Yes,No,Unknown,High,7,5.4,1
Male,20,Business,53.91,73.1,99.21,56.47,31.3,81.88,5.3,No,No,Unknown,Low,3,5.8,0
Male,24,Engineering,97.16,55.32,52.98,56.27,31.3,97.25,27.2,Yes,No,PhD,Medium,8,4.3,1
Male,23,CS,54.97,66.14,81.36,90.32,10.4,70.04,11.7,No,No,PhD,Low,4,7.2,1
Male,22,Engineering,92.74,70.98,60.27,85.74,56.0,58.07,6.3,No,Yes,Master's,Medium,5,7.2,1
Female,22,CS,50.02,45.8,76.37,56.47,24.5,53.42,15.6,No,No,High School,Medium,3,7.9,1
Female,20,Engineering,94.11,84.63,88.99,60.99,14.8,98.15,25.4,No,Yes,Bachelor's,Low,7,8.7,0
Male,19,Engineering,50.99,46.56,62.34,87.37,22.7,88.19,14.9,Yes,No,Unknown,Medium,4,6.1,1
Female,23,Business,87.89,64.3,69.67,63.73,25.1,95.95,11.6,No,No,PhD,Low,1,6.0,0
Male,23,CS,68.08,88.28,97.54,99.08,50.4,84.94,18.6,Yes,No,Unknown,Medium,5,7.2,0
Female,21,Engineering,86.91,68.05,88.07,77.03,38.6,67.12,19.4,Yes,Yes,Master's,Low,2,7.3,0
Female,18,Engineering,70.09,90.52,78.64,59.6,7.5,56.15,24.0,No,No,High School,High,7,6.2,1
Female,22,CS,53.55,60.51,61.1,92.94,53.6,96.47,25.0,Yes,No,Master's,Medium,2,8.6,0
Female,23,Engineering,88.38,97.46,71.27,65.97,78.8,74.48,22.7,No,Yes,Bachelor's,Medium,4,4.3,0
Female,23,Mathematics,53.56,52.57,88.7,64.44,57.400000000000006,69.83,5.1,No,Yes,High School,Low,2,7.8,0
Male,24,Business,96.11,42.3,91.03,66.37,97.5,78.89,5.1,No,No,Bachelor's,Low,7,5.0,0
Female,24,CS,52.55,92.35,62.23,88.41,9.9,55.33,29.4,Yes,No,Bachelor's,Low,3,6.5,1
Male,23,Business,73.97,85.13,83.1,58.66,82.10000000000001,65.46,11.6,No,Yes,High School,Low,2,8.3,1
Male,19,Mathematics,86.15,53.92,54.75,69.09,50.6,81.89,12.1,No,No,Bachelor's,High,2,5.6,1
Female,18,Mathematics,69.66,99.08,51.16,51.54,52.2,55.01,23.3,Yes,Yes,Unknown,Medium,2,8.5,1
Male,23,Mathematics,60.86,70.14,77.43,91.33,51.900000000000006,56.76,19.5,No,Yes,PhD,Medium,6,6.3,0
Female,20,CS,87.95,97.06,61.22,67.04,32.5,75.53,16.6,No,Yes,High School,Medium,8,7.5,0
Male,22,Mathematics,89.21,70.3,53.95,62.41,32.5,81.17,7.9,Yes,Yes,Master's,High,7,7.6,0
Male,21,CS,96.13,68.31,86.49,78.99,63.2,59.35,7.0,Yes,No,Master's,Low,10,5.3,1
Female,24,CS,68.81,66.95,74.9,85.25,4.5,51.65,22.6,No,No,PhD,High,1,8.5,1
Female,20,Engineering,75.31,60.09,89.81,90.64,58.9,97.92,8.1,Yes,No,Master's,Medium,3,4.6,0
Female,22,CS,68.16,72.02,83.2,67.39,72.5,51.37,15.9,No,No,PhD,Medium,8,7.0,1
Female,24,Mathematics,62.85,67.15,86.49,90.62,35.6,50.1,23.4,Yes,Yes,Unknown,Low,8,8.6,1
Male,19,CS,87.55,42.2,65.37,73.24,21.7,66.17,28.1,No,Yes,Master's,Low,9,4.2,1
Female,24,CS,66.98,55.63,63.16,55.06,21.3,61.12,26.8,Yes,No,Master's,High,7,6.7,1
Male,18,Business,71.41,52.79,80.04,92.32,8.2,78.68,26.6,No,Yes,Unknown,Medium,5,5.2,0
Male,18,Mathematics,70.18,92.05,60.0,77.38,9.0,94.71,14.0,Yes,Yes,Master's,High,3,5.0,0
Male,22,CS,85.63,75.93,90.77,80.12,16.7,74.06,28.2,Yes,No,Master's,Medium,8,5.2,0
Male,20,Engineering,95.89,85.82,76.15,96.87,1.9,88.67,22.1,No,No,Unknown,Low,5,8.5,0
Male,21,CS,83.34,97.41,61.35,77.96,26.6,95.46,27.2,No,No,Unknown,Low,5,6.1,0
Male,19,CS,73.58,78.64,81.26,50.28,30.6,59.47,7.2,No,Yes,Unknown,Medium,8,5.2,1
Female,22,Business,88.96,98.96,97.25,93.53,99.5,74.42,6.0,No,Yes,Master's,Low,8,8.6,0
Male,19,Mathematics,82.05,58.71,54.1,64.24,99.2,82.1,15.7,Yes,No,PhD,Medium,8,5.6,1
Male,18,Mathematics,53.03,51.18,55.47,75.09,18.700000000000003,66.59,25.7,No,No,PhD,Low,4,7.6,1
Male,23,Engineering,54.78,64.2,92.19,60.24,21.3,86.99,15.2,Yes,Yes,High School,Low,3,6.7,0
Female,23,Engineering,51.9,68.25,55.48,64.85,49.2,85.27,27.1,Yes,Yes,High School,High,6,7.4,1
Female,21,Engineering,72.84,93.72,51.97,84.33,14.9,71.05,10.9,Yes,No,Master's,Low,5,4.9,0
Male,19,CS,91.29,73.6,67.4,71.48,50.4,54.4,6.0,No,No,Master's,Medium,10,7.4,1
Female,22,CS,65.65,57.53,73.34,81.36,39.900000000000006,50.58,24.0,No,Yes,PhD,Medium,5,8.5,1
Male,21,Engineering,69.21,84.56,78.47,91.18,32.5,68.47,20.7,No,Yes,Bachelor's,Medium,5,4.5,1
Female,24,Mathematics,95.47,70.35,75.37,67.04,82.30000000000001,54.1,16.0,No,Yes,High School,High,3,5.6,0
Male,24,Mathematics,91.85,49.73,95.66,78.42,82.8,89.08,26.1,Yes,No,PhD,Medium,7,8.9,0
Female,20,Engineering,83.25,74.61,88.43,88.88,98.8,66.72,25.6,No,Yes,Master's,High,5,5.1,0
Female,23,Business,63.34,94.68,99.19,85.76,22.3,83.3,13.1,Yes,Yes,High School,High,4,4.3,0
Female,22,Mathematics,55.85,90.56,73.82,76.99,88.80000000000001,67.32,25.9,Yes,Yes,High School,Low,4,4.3,0
Male,19,Mathematics,50.8,75.21,54.22,69.17,53.8,89.8,13.6,Yes,Yes,High School,Low,7,5.4,1
Male,21,Engineering,55.35,62.62,97.78,70.38,59.1,94.42,20.5,Yes,Yes,Master's,High,1,6.5,0
Male,22,Mathematics,64.63,45.22,50.21,71.66,89.60000000000001,91.88,9.8,Yes,Yes,PhD,Medium,8,5.3,0
Female,21,CS,77.59,68.18,88.8,67.44,94.3,74.22,11.6,Yes,Yes,Bachelor's,High,1,5.4,0
Female,21,CS,53.2,85.12,51.56,84.95,72.69999999999999,54.2,16.2,No,No,Master's,Low,6,8.2,1
Male,21,Mathematics,56.81,61.62,88.06,56.27,34.8,68.59,12.9,Yes,No,High School,High,4,7.8,0
Female,19,CS,59.05,54.13,96.9,98.37,49.0,71.22,8.2,Yes,No,Unknown,Medium,7,5.6,0
Male,22,Business,81.6,95.88,69.46,88.95,61.5,98.01,17.1,No,No,PhD,High,6,5.7,0
Male,18,Mathematics,80.79,89.29,62.05,64.91,82.89999999999999,78.27,17.8,Yes,No,Master's,Low,5,8.8,0
Male,18,Engineering,77.54,78.3,61.31,52.13,65.8,82.04,9.0,Yes,No,High School,High,5,8.8,1
Male,19,CS,62.53,48.21,74.59,85.57,36.5,89.1,9.4,No,No,Bachelor's,Medium,6,8.9,0
Female,24,Business,68.56,48.69,58.54,86.72,41.8,78.41,5.7,Yes,No,High School,Medium,7,8.7,1
Female,19,Business,54.83,46.19,83.65,98.18,5.0,79.92,5.8,No,No,High School,Low,3,7.1,0
Female,23,CS,61.32,76.98,68.42,62.69,92.4,62.27,14.0,No,Yes,Master's,Low,3,5.5,1
Male,21,Business,94.89,46.93,66.16,54.14,8.8,52.94,8.7,Yes,Yes,Bachelor's,Low,7,8.8,1
Female,22,Mathematics,98.98,90.56,73.06,95.76,58.0,86.07,28.0,No,No,Unknown,Low,3,7.7,0
Male,22,Business,82.38,99.58,77.13,62.93,87.2,92.43,10.0,No,Yes,Master's,High,7,7.6,0
Male,20,CS,95.84,61.98,57.1,86.08,42.1,70.6,6.6,Yes,Yes,PhD,Low,2,8.0,0
Male,20,Business,82.14,67.22,85.39,53.03,80.0,77.45,15.1,No,Yes,Bachelor's,Medium,8,7.0,0
Male,18,CS,51.66,82.7,94.15,88.03,80.39999999999999,65.36,9.8,No,No,Unknown,Low,9,6.9,0
Male,20,CS,99.84,96.23,63.9,56.35,6.0,72.51,6.5,Yes,No,Unknown,High,6,5.8,1
Male,20,Business,54.95,93.65,59.02,84.78,41.2,60.44,23.8,No,No,Bachelor's,High,2,4.8,0
Female,18,CS,84.13,43.46,88.03,76.62,69.1,87.99,18.9,Yes,Yes,PhD,High,9,6.2,0
Female,23,CS,62.64,50.14,59.18,97.77,42.2,74.6,6.4,Yes,Yes,High School,High,5,6.6,1
Female,24,Engineering,69.6,85.28,52.06,51.85,54.5,77.36,16.7,Yes,Yes,Master's,Medium,4,8.4,0
Female,18,Mathematics,82.3,81.33,80.96,64.6,59.400000000000006,51.85,6.0,Yes,No,PhD,Low,7,6.0,1
Male,24,CS,71.82,47.99,61.99,53.48,15.1,81.12,13.9,No,No,Unknown,Low,6,8.4,1
Male,20,Mathematics,62.53,70.12,58.59,93.96,41.2,60.13,14.1,Yes,No,PhD,Low,4,5.6,1
Female,22,Engineering,66.72,86.85,99.08,79.7,2.8000000000000003,69.17,25.6,Yes,Yes,High School,Low,10,8.7,0
Female,20,Engineering,67.08,53.13,64.59,76.75,15.0,70.64,23.4,No,No,PhD,Low,2,4.2,1
Female,21,Engineering,97.97,92.28,95.17,56.57,51.2,72.44,27.4,Yes,Yes,PhD,Low,4,6.6,0
Female,24,Engineering,89.93,43.18,58.91,74.45,57.400000000000006,61.37,8.5,Yes,Yes,Unknown,Low,1,5.6,1
Female,24,Mathematics,72.93,86.93,90.95,69.94,14.6,92.51,18.3,Yes,No,PhD,High,8,5.5,0
Female,21,Business,59.99,76.95,75.1,65.79,75.6,71.39,5.5,Yes,Yes,Master's,High,4,4.4,0
Female,21,Business,90.55,58.91,53.93,88.61,37.3,80.61,25.6,Yes,Yes,Bachelor's,Medium,2,7.4,0
Female,23,Mathematics,57.86,83.26,86.68,53.06,92.1,80.7,14.2,Yes,Yes,Unknown,High,5,6.0,0
Male,19,CS,60.52,86.94,94.6,82.33,38.8,80.35,6.7,Yes,Yes,Bachelor's,Medium,1,8.7,0
Male,21,Mathematics,68.3,96.03,58.15,91.15,15.0,77.97,13.1,Yes,Yes,PhD,Low,2,7.6,0
Male,24,CS,94.02,62.07,86.28,95.37,75.8,91.13,12.2,No,Yes,High School,Low,8,6.2,0
Male,22,CS,56.59,81.16,72.25,87.3,56.8,90.63,24.2,No,No,Unknown,High,4,7.1,0
Female,24,Business,56.11,76.16,87.69,64.12,38.7,70.86,8.2,Yes,Yes,PhD,High,9,4.3,0
Male,24,Engineering,74.7,71.51,85.7,80.03,35.6,81.79,18.9,No,No,PhD,Low,10,6.9,0
Female,23,Business,63.82,93.42,51.33,57.07,15.1,55.14,24.8,Yes,Yes,High School,Low,4,7.3,1
Male,19,Business,78.44,40.19,58.94,55.85,34.1,54.54,23.5,No,Yes,PhD,High,2,4.5,1
Female,19,Mathematics,72.58,56.93,73.55,81.93,2.9,74.0,28.4,No,No,Master's,Low,8,7.4,0
Female,21,Mathematics,71.75,72.3,96.68,92.56,50.2,95.01,5.0,No,No,High School,High,10,6.4,0
Male,20,CS,55.6,50.7,67.1,53.36,89.7,82.5,13.8,Yes,No,Unknown,Low,4,6.4,1
Male,24,Mathematics,57.05,94.47,81.44,55.3,79.5,83.46,14.2,Yes,No,Unknown,High,8,7.6,0
Female,18,CS,91.05,78.86,50.6,78.28,2.9,57.88,5.8,No,No,Bachelor's,High,2,6.2,1
Female,20,CS,94.29,68.67,85.56,60.91,88.10000000000001,72.67,25.4,Yes,Yes,Master's,Low,4,5.2,0
Female,20,Engineering,61.73,88.88,80.15,80.59,45.2,70.04,22.2,Yes,No,Master's,Low,1,5.5,0
Male,19,Engineering,55.67,67.05,85.77,60.73,19.1,89.15,18.2,No,Yes,Unknown,High,8,7.7,0
Male,19,Business,52.67,73.52,95.23,55.82,75.19999999999999,56.89,15.1,No,No,PhD,Medium,6,4.4,0
Female,23,Engineering,80.41,40.17,57.32,77.28,32.3,76.96,27.4,Yes,No,Master's,Medium,2,8.2,1
Male,23,CS,85.77,61.94,63.08,93.11,25.3,95.57,11.6,No,Yes,Master's,Medium,3,6.9,0
Female,19,Mathematics,68.64,48.33,99.79,84.26,16.1,94.62,13.4,Yes,Yes,PhD,Medium,6,7.6,0
Male,22,Engineering,83.98,81.38,57.81,90.94,48.7,92.62,28.8,Yes,No,High School,Low,10,5.7,0
Male,22,Engineering,85.65,68.74,86.03,63.32,9.3,68.75,6.6,Yes,Yes,PhD,Medium,9,5.1,0
Male,18,Engineering,96.77,58.11,86.25,94.3,78.60000000000001,97.06,24.5,Yes,Yes,Bachelor's,Medium,10,8.0,0
Male,19,Engineering,53.24,68.07,84.15,68.85,47.1,90.27,23.0,Yes,No,Bachelor's,High,7,4.5,0
Male,21,CS,59.61,52.58,61.37,92.62,44.7,92.56,27.5,No,Yes,Unknown,High,9,4.8,0
Female,23,CS,53.43,95.51,60.76,73.56,0.2,96.62,7.3,No,No,High School,Low,10,5.4,0
Female,19,Business,93.4,43.24,83.32,63.39,81.8,96.85,29.3,No,No,Master's,High,4,5.8,0
Male,22,Mathematics,89.63,91.93,59.31,63.01,49.3,62.0,5.7,No,No,Unknown,Medium,8,5.0,0
Female,19,Business,78.73,70.68,83.08,78.38,44.0,56.38,13.4,No,No,Unknown,Medium,2,8.6,1
Female,22,Business,54.18,77.14,74.63,53.95,76.10000000000001,84.54,7.1,No,No,Master's,Low,2,4.1,0
Male,19,Engineering,63.67,58.16,69.33,96.5,6.3,78.16,6.3,No,No,Master's,Low,4,8.0,0
Female,24,Mathematics,64.89,98.0,65.01,63.57,36.7,66.37,29.1,Yes,No,PhD,Medium,3,6.1,1
Male,21,Engineering,78.04,56.91,97.38,66.78,57.6,84.22,23.0,Yes,Yes,Bachelor's,High,8,8.2,0
Female,18,CS,62.9,75.33,75.4,61.67,46.1,53.1,17.6,No,No,Master's,High,2,8.0,1
Female,24,Business,53.65,99.61,78.06,50.15,18.2,52.36,7.7,Yes,Yes,PhD,Low,4,4.6,1
Female,21,Mathematics,86.54,92.87,97.46,84.63,29.9,67.72,18.2,No,Yes,Bachelor's,Low,9,7.3,0
Female,22,CS,64.95,72.18,82.69,79.53,30.0,59.69,13.0,Yes,No,High School,Low,9,5.9,0
Female,23,Business,72.62,99.42,97.89,90.48,99.2,85.93,11.8,Yes,Yes,High School,Medium,4,8.1,0
Female,23,Mathematics,56.38,82.08,55.32,52.05,32.599999999999994,97.4,20.5,Yes,Yes,High School,High,3,8.3,1
Female,20,Business,90.13,52.52,92.33,96.43,20.5,83.08,24.8,Yes,Yes,Master's,High,1,4.9,0
Male,21,Mathematics,78.28,64.34,66.77,66.54,82.30000000000001,82.74,16.1,No,Yes,Bachelor's,High,1,6.4,1
Male,19,Business,95.08,60.07,90.52,95.65,42.1,50.33,17.3,No,Yes,Bachelor's,Medium,8,7.0,0
Male,18,Engineering,74.77,60.64,92.78,55.36,44.400000000000006,75.61,21.3,No,No,High School,Low,9,6.7,0
Male,19,Business,97.07,85.63,63.57,87.2,54.900000000000006,90.86,8.1,No,No,Unknown,High,9,5.3,0
Female,19,Business,94.59,75.06,70.44,78.97,59.6,82.71,25.7,Yes,Yes,Bachelor's,Medium,5,5.4,0
Female,21,Mathematics,78.82,42.29,86.3,67.91,59.1,61.39,25.9,No,No,Bachelor's,High,2,8.3,0
Female,18,Mathematics,96.69,92.65,54.95,53.96,3.4000000000000004,92.42,18.5,Yes,No,PhD,Medium,7,4.2,0
Male,20,Engineering,66.15,57.81,87.78,80.24,81.89999999999999,98.22,9.7,Yes,Yes,High School,High,4,5.3,0
Male,24,Mathematics,68.28,99.82,55.52,51.32,19.5,63.95,17.5,No,Yes,Unknown,Low,10,5.1,1
Male,19,Business,52.27,97.25,95.72,75.06,29.2,60.35,7.6,Yes,Yes,PhD,High,4,5.9,0
Female,18,Mathematics,79.46,96.43,63.82,80.21,17.3,66.93,24.1,No,No,Unknown,Medium,4,7.4,0
Male,20,Mathematics,86.1,88.67,78.78,86.63,76.7,53.16,12.8,No,Yes,Unknown,High,10,6.7,0
Female,24,Mathematics,88.68,53.24,55.86,99.57,58.4,93.67,12.8,No,Yes,Unknown,Medium,3,6.7,1
Male,19,Engineering,57.49,71.96,63.47,63.0,75.5,96.46,28.6,No,No,Master's,Medium,4,7.7,0
Female,18,Engineering,72.21,53.46,70.2,66.12,65.3,81.67,15.5,No,Yes,Bachelor's,High,2,8.1,1
Male,24,CS,58.84,55.58,74.35,67.06,10.4,88.22,24.7,Yes,No,Bachelor's,Medium,9,4.8,1
Female,21,Engineering,83.11,76.66,50.0,86.58,30.1,83.43,20.9,No,No,PhD,Medium,7,4.5,0
Male,23,Engineering,57.9,42.45,94.43,96.59,50.7,68.87,12.9,No,No,Unknown,Low,1,5.5,0
Male,23,Engineering,95.21,98.17,50.38,98.72,30.5,81.6,8.1,No,Yes,Unknown,Low,5,8.1,0
Female,19,Business,61.53,95.12,88.68,97.29,20.7,91.82,24.9,Yes,Yes,Bachelor's,Low,2,6.7,0
Female,19,CS,64.57,62.85,73.53,93.97,87.0,90.5,24.1,No,Yes,Unknown,Medium,3,4.7,0
Male,24,Business,92.55,70.93,76.19,99.55,74.80000000000001,54.05,9.2,No,Yes,Unknown,High,3,4.8,0
Female,18,Engineering,72.92,67.97,60.41,68.8,34.5,73.13,11.2,Yes,No,Unknown,High,7,8.5,1
Male,23,Engineering,51.2,92.93,80.37,97.42,76.5,69.87,24.2,Yes,No,High School,Low,3,5.8,0
Female,19,CS,74.73,81.32,76.86,88.05,62.8,87.6,29.6,Yes,No,High School,Medium,7,5.3,0
Male,20,CS,54.23,56.69,58.21,58.42,0.4,75.07,26.1,Yes,No,High School,Low,8,7.5,1
Female,19,Mathematics,99.27,66.81,61.91,52.27,38.0,67.49,22.1,Yes,Yes,PhD,Low,2,8.3,1
Male,23,Engineering,79.41,65.74,53.35,60.72,29.0,85.32,27.9,Yes,No,Unknown,Medium,1,6.2,0
Male,22,Engineering,62.83,97.56,53.31,88.94,21.8,73.68,12.1,No,Yes,High School,Low,6,8.0,1
Male,23,Business,78.19,50.52,50.69,81.58,25.2,62.83,5.2,Yes,Yes,High School,Medium,9,6.2,1
Female,20,Mathematics,53.84,45.37,61.02,61.22,94.2,94.52,13.0,No,No,Master's,Low,6,7.5,1
Male,18,Engineering,89.99,92.84,83.98,87.1,48.6,55.65,29.3,No,No,PhD,High,8,6.9,1
Female,20,Business,96.27,93.8,65.81,57.07,84.80000000000001,50.9,27.0,Yes,Yes,High School,Low,5,8.5,0
Female,22,CS,93.72,92.3,67.14,91.09,21.4,57.2,6.3,Yes,No,High School,High,8,5.6,1
Female,22,Business,67.09,70.66,56.6,89.71,17.4,58.18,17.5,Yes,No,High School,Low,4,7.9,0
Male,19,Engineering,66.29,79.58,78.77,98.63,88.9,76.9,7.0,No,Yes,Master's,Low,6,7.4,0
Female,19,Business,51.75,73.8,67.11,57.51,49.6,81.24,24.7,No,No,Master's,High,8,8.2,0
Female,23,Business,82.57,44.17,83.82,95.33,89.5,72.43,14.3,No,Yes,PhD,Low,1,7.0,0
Female,21,Mathematics,76.75,75.75,87.07,67.06,6.3,60.21,27.8,No,Yes,Unknown,Medium,6,6.3,0
Male,20,Mathematics,72.97,40.82,79.23,70.8,91.6,56.61,6.4,No,Yes,Unknown,High,8,4.2,1
Female,23,CS,95.38,59.5,63.8,73.42,41.5,74.61,23.3,Yes,No,PhD,Medium,5,8.2,1
Female,21,Mathematics,58.39,95.94,75.43,81.35,15.5,78.27,15.0,Yes,Yes,Unknown,Medium,3,8.5,0
Female,23,Business,50.48,58.24,62.6,99.74,68.3,65.2,11.7,No,No,Bachelor's,High,5,6.2,1
Female,22,Mathematics,53.67,96.39,95.15,80.0,79.7,61.02,17.9,Yes,No,Unknown,Low,3,5.1,0
Male,19,Engineering,61.17,55.01,88.32,96.34,4.699999999999999,54.03,17.1,Yes,No,Master's,Medium,6,7.2,1
Male,19,Business,51.66,58.87,74.65,62.75,98.7,51.31,13.7,No,Yes,Master's,Low,6,4.6,1
Female,23,Business,75.14,77.7,98.27,69.92,69.7,55.29,21.2,Yes,Yes,High School,Medium,5,4.2,0
Female,19,Business,65.7,85.7,77.34,75.22,32.1,87.1,21.5,No,No,Master's,High,7,5.5,0
Female,18,Engineering,59.02,70.08,66.43,66.15,15.1,67.2,6.9,No,Yes,Bachelor's,High,7,7.4,1
Female,23,Business,87.5,92.93,54.77,98.84,39.3,51.37,19.9,Yes,Yes,Bachelor's,Medium,6,8.1,1
Male,22,Mathematics,60.22,42.41,77.19,86.28,22.1,75.41,22.8,No,Yes,Bachelor's,High,6,4.8,0
Male,24,Engineering,84.38,95.33,93.02,73.94,49.400000000000006,76.8,6.9,No,Yes,High School,Medium,4,8.7,0
Male,23,Business,67.46,51.78,93.34,87.57,78.2,71.43,21.5,Yes,No,Unknown,Low,4,6.8,0
Male,23,Mathematics,75.59,93.05,80.23,73.37,66.0,55.53,25.1,Yes,Yes,High School,Medium,3,8.6,1
Female,19,Mathematics,96.69,64.05,69.67,50.86,43.6,87.75,25.8,Yes,Yes,Master's,Medium,10,4.7,1
Female,22,CS,51.87,89.97,82.51,77.16,11.9,84.45,6.0,Yes,Yes,Bachelor's,Medium,7,6.3,0
Male,23,Mathematics,75.01,80.3,88.11,81.26,95.7,69.74,22.4,No,No,High School,High,3,6.2,0
Male,19,Mathematics,92.72,50.56,70.58,99.06,27.0,69.04,24.9,Yes,No,High School,High,9,6.1,1
Female,20,CS,79.4,95.08,73.81,52.04,27.8,57.8,14.9,Yes,Yes,Bachelor's,High,9,8.7,0
Female,22,CS,63.84,54.73,84.03,75.6,64.6,87.68,18.6,Yes,Yes,PhD,Medium,6,8.2,1
Female,21,Engineering,69.88,54.65,93.83,54.91,77.1,79.98,11.6,No,No,Bachelor's,High,7,8.0,0
Female,18,Mathematics,84.01,88.85,89.55,57.45,98.4,54.29,12.8,No,No,PhD,High,3,5.4,1
Female,21,Engineering,94.54,46.35,51.12,80.52,96.9,68.9,17.5,Yes,No,Bachelor's,High,3,5.7,0
Male,24,Engineering,52.05,53.32,56.22,61.58,91.4,95.18,8.8,No,No,Unknown,High,1,5.3,1
Male,22,Business,53.58,70.22,92.64,87.46,43.5,72.62,14.3,Yes,Yes,PhD,High,6,8.0,1
Female,23,Engineering,66.25,89.83,91.69,75.71,16.7,66.25,12.5,No,Yes,PhD,Medium,3,6.0,0
Female,19,Engineering,61.64,48.85,69.44,60.91,58.4,82.19,11.0,No,No,High School,Medium,1,8.9,1
Male,24,Engineering,63.25,72.86,79.21,74.69,1.7000000000000002,60.15,17.1,No,Yes,PhD,High,8,5.8,0
Female,22,Engineering,61.06,82.67,95.29,50.04,19.6,76.19,26.0,Yes,No,Master's,High,8,4.8,1
Male,18,CS,59.79,91.64,95.58,93.14,0.3,83.48,11.1,Yes,No,High School,Medium,8,8.6,0
Male,22,Mathematics,56.53,96.13,89.15,50.63,18.1,92.74,21.5,No,Yes,High School,Medium,8,7.9,0
Male,24,Business,96.7,87.08,60.48,50.35,47.5,84.63,11.4,No,No,Unknown,High,5,6.9,0
Male,19,CS,57.21,79.17,86.51,80.58,39.3,69.22,8.6,Yes,Yes,High School,Low,7,8.3,0
Female,21,Business,60.22,66.02,55.05,98.68,36.9,88.39,28.6,Yes,Yes,High School,High,3,8.7,0
Female,20,Business,62.31,46.73,94.7,92.8,83.10000000000001,94.92,20.8,No,Yes,Master's,Low,10,8.3,0
Male,21,CS,96.65,82.58,57.46,62.6,67.5,73.89,7.6,Yes,Yes,High School,High,2,8.5,0
Female,19,Engineering,87.79,99.56,83.12,59.83,93.6,50.23,20.8,Yes,Yes,PhD,Low,6,5.4,1
Female,24,CS,89.48,84.21,80.51,81.31,44.5,94.05,9.4,No,No,Unknown,Low,1,6.6,0
Female,19,Business,55.24,41.0,88.84,91.13,27.200000000000003,58.27,27.2,No,Yes,Master's,High,2,8.0,1
Female,18,Business,91.82,69.78,77.58,68.1,12.3,56.32,11.2,Yes,No,Bachelor's,Medium,7,6.6,0
Male,22,Engineering,70.41,76.88,52.98,71.62,67.2,65.38,25.2,Yes,Yes,Bachelor's,Medium,9,7.2,0
Female,22,CS,63.14,81.38,85.29,55.77,84.2,69.0,10.0,No,Yes,Bachelor's,Medium,7,8.6,0
Male,21,Mathematics,78.79,83.18,69.16,57.64,18.4,89.97,19.0,No,No,Master's,Medium,10,5.5,0
Male,24,Business,91.11,73.49,66.01,78.42,87.89999999999999,69.46,27.8,Yes,Yes,Bachelor's,High,8,6.7,0
Female,20,CS,88.93,53.4,99.58,55.13,52.6,52.44,12.4,No,Yes,PhD,Low,8,6.8,1
Male,20,Engineering,94.5,96.53,79.52,60.1,14.4,81.8,7.0,No,Yes,Bachelor's,Medium,10,5.8,0
Female,18,Engineering,96.41,81.8,85.54,61.73,64.3,83.56,18.8,No,No,Bachelor's,High,3,5.8,0
Female,19,Mathematics,61.91,54.21,76.32,72.2,52.0,90.71,9.3,Yes,Yes,Unknown,High,6,7.8,0
Male,18,Business,71.19,59.34,88.5,52.28,2.8000000000000003,69.94,23.2,No,Yes,Bachelor's,Medium,2,8.6,1
Female,22,Mathematics,50.73,95.32,87.6,74.99,39.900000000000006,54.3,19.8,Yes,No,Bachelor's,Medium,9,7.2,0
Male,23,Mathematics,93.97,93.25,82.86,96.43,78.5,77.65,13.7,No,No,High School,Medium,7,6.4,0
Male,23,Mathematics,57.73,64.31,99.89,51.22,55.5,56.05,22.6,No,No,PhD,Medium,3,7.8,1
Female,23,Mathematics,93.07,42.3,72.99,81.55,28.2,50.85,11.0,Yes,Yes,Master's,High,6,9.0,1
Female,19,Engineering,66.47,42.91,85.31,91.79,92.9,88.93,27.9,Yes,Yes,Unknown,High,10,4.4,0
Female,18,Business,68.41,57.04,89.89,65.62,23.8,70.17,13.7,Yes,Yes,Master's,Low,1,7.3,0
Male,24,Mathematics,51.96,77.75,68.8,56.58,25.3,76.25,24.1,No,Yes,Bachelor's,Low,7,6.8,1
Female,21,Business,66.34,75.05,72.86,52.17,35.5,83.14,11.5,Yes,Yes,High School,High,9,7.1,1
Male,22,Engineering,94.42,78.03,98.46,82.2,89.5,70.05,22.9,No,Yes,Bachelor's,Low,5,4.1,0
Male,23,Engineering,51.28,83.04,51.61,77.61,50.8,52.56,5.8,Yes,Yes,Bachelor's,High,9,8.8,1
Female,24,CS,70.32,41.14,66.76,61.46,68.2,62.64,12.4,Yes,Yes,Unknown,Medium,8,4.4,1
Female,20,CS,51.57,46.31,74.31,91.58,97.6,59.72,7.3,No,Yes,Unknown,High,8,5.5,1
Female,18,Business,68.55,61.57,50.07,86.78,78.3,98.87,16.3,No,Yes,Master's,Medium,6,5.5,0
Male,22,CS,58.63,49.29,94.96,63.82,17.3,86.98,15.9,Yes,Yes,Bachelor's,Medium,3,7.7,0
Female,22,Mathematics,62.61,44.52,64.31,87.67,78.8,72.58,14.0,No,Yes,Master's,High,4,7.4,1
Male,20,Business,93.88,78.46,62.89,62.25,74.80000000000001,53.17,29.5,Yes,Yes,Bachelor's,High,1,4.3,1
Female,20,Engineering,71.8,88.92,91.02,83.76,23.3,55.79,11.1,Yes,No,Unknown,Medium,6,4.7,1
Female,20,Engineering,63.69,85.16,63.9,55.93,32.5,90.64,24.8,Yes,Yes,High School,Low,7,5.6,0
Male,23,Mathematics,79.47,89.02,82.88,84.61,71.0,97.27,16.2,Yes,No,Master's,High,10,7.5,0
Male,23,CS,57.11,79.95,91.08,61.94,23.8,51.57,13.4,Yes,Yes,Master's,Medium,9,8.6,0
Female,18,Business,62.97,84.12,89.62,78.62,20.8,95.52,10.1,Yes,No,PhD,Low,5,5.6,0
Female,20,Business,77.31,56.31,89.1,58.62,70.3,69.03,20.8,Yes,No,PhD,Low,2,6.6,0
Female,21,Mathematics,61.88,99.58,54.43,86.3,88.10000000000001,60.68,13.3,No,No,High School,Medium,7,5.9,0
Female,22,CS,83.96,50.99,53.99,53.04,7.5,55.11,25.3,No,Yes,PhD,High,7,6.9,1
Female,20,Business,74.57,52.87,65.34,58.27,44.6,88.59,29.2,No,No,High School,Low,5,7.1,1
Male,22,Mathematics,88.6,57.34,51.8,59.21,60.7,73.45,10.7,Yes,No,Bachelor's,Low,2,6.6,1
Male,19,Business,97.41,98.52,75.02,52.07,67.6,91.62,8.2,Yes,No,PhD,Low,7,5.9,0
Male,24,Engineering,55.79,99.3,69.74,87.25,99.6,61.31,12.9,No,No,PhD,Medium,1,8.4,0
Male,19,Business,66.73,87.69,77.85,99.05,68.3,83.93,16.7,Yes,Yes,Master's,Low,6,8.0,0
Female,20,Business,65.98,77.74,64.94,88.92,62.0,55.91,12.5,No,No,High School,Low,6,9.0,1
Male,22,Business,57.56,71.2,74.29,93.03,99.0,54.49,29.3,Yes,Yes,Master's,Medium,6,6.1,1
Male,24,CS,90.52,98.24,66.74,50.3,6.1,56.67,24.5,No,Yes,PhD,Low,3,4.2,1
Male,19,CS,87.99,81.74,59.76,55.89,7.4,90.45,29.2,Yes,No,Bachelor's,Medium,3,7.3,1
Female,20,Mathematics,74.22,96.68,82.47,77.95,56.1,82.78,14.3,Yes,Yes,Unknown,Low,1,7.9,0
Male,22,CS,76.89,58.99,83.67,98.89,35.9,58.3,12.6,Yes,No,High School,Medium,4,8.7,0
Female,20,Business,52.98,60.03,91.46,83.04,9.7,69.24,15.2,No,Yes,High School,Medium,7,4.1,0
Male,23,Business,77.78,91.28,93.74,68.71,30.6,88.18,18.1,No,Yes,Bachelor's,High,1,8.4,0
Female,22,CS,89.57,48.99,85.22,57.31,67.4,64.28,23.5,Yes,Yes,Bachelor's,High,10,6.6,0
Male,19,CS,78.69,96.76,84.37,57.64,88.10000000000001,96.06,27.0,Yes,No,High School,Medium,10,5.9,0
Female,20,Business,63.27,70.45,52.83,68.14,9.4,95.73,16.6,Yes,Yes,High School,Medium,2,5.1,1
Male,19,Business,83.38,95.58,55.49,85.69,54.0,77.65,12.2,No,Yes,Bachelor's,Low,10,8.1,1
Female,20,Engineering,68.07,60.21,90.63,51.59,29.6,81.6,13.0,No,Yes,Bachelor's,Low,2,5.8,0
Female,18,Mathematics,77.24,82.96,61.65,92.61,66.7,82.66,22.4,Yes,No,Bachelor's,High,5,7.0,0
Male,19,CS,74.38,68.97,67.78,97.08,54.900000000000006,62.92,19.2,Yes,No,PhD,Low,8,6.6,0
Female,19,Mathematics,69.06,77.61,57.26,94.44,92.7,68.27,17.2,No,No,High School,Medium,5,5.3,0
Female,21,Business,85.94,70.26,59.76,95.65,3.8,56.8,10.1,No,Yes,High School,Medium,1,7.9,0
Male,24,Mathematics,94.19,98.03,88.77,50.77,47.0,96.24,26.9,Yes,No,Bachelor's,Medium,1,5.5,0
Male,23,CS,50.26,81.53,63.09,98.89,19.3,86.19,24.5,Yes,Yes,Master's,Low,5,7.9,0
Female,19,CS,96.68,55.08,72.45,68.32,53.7,52.32,8.5,Yes,Yes,Unknown,Low,2,6.0,1
Male,22,Mathematics,75.58,94.58,57.58,93.46,85.39999999999999,77.47,14.2,No,Yes,High School,Medium,3,4.2,0
Male,24,CS,85.04,57.64,83.9,59.34,91.1,67.15,18.6,Yes,No,PhD,Low,2,7.8,0
Male,20,Engineering,92.78,62.3,86.41,72.33,39.8,90.76,16.4,Yes,Yes,Unknown,Medium,9,8.5,0
Female,18,Business,73.36,46.13,68.08,52.21,81.19999999999999,67.19,14.9,No,No,Master's,Medium,5,4.6,1
Female,22,Business,91.75,94.0,89.24,52.0,28.1,82.21,23.0,Yes,No,PhD,Medium,1,6.9,0
Female,24,CS,58.88,57.17,62.0,97.16,0.6,58.29,6.4,Yes,Yes,Bachelor's,Medium,3,4.4,1
Female,22,Business,57.96,55.54,84.6,90.53,85.5,77.94,16.8,Yes,Yes,Master's,High,8,8.1,0
Female,22,Engineering,82.87,95.22,86.5,76.49,11.9,64.69,11.6,No,Yes,Bachelor's,Low,4,8.9,0
Female,22,CS,93.51,88.33,98.43,76.27,1.7999999999999998,58.24,7.1,Yes,Yes,PhD,Medium,8,6.5,1
Female,24,Engineering,94.62,48.46,61.62,87.44,35.4,80.96,16.6,No,Yes,PhD,Medium,1,5.6,1
Male,18,Engineering,82.19,86.16,54.69,67.08,37.9,81.93,9.3,Yes,No,Bachelor's,Medium,8,8.2,0
Female,21,Business,76.27,94.78,63.15,88.09,7.7,99.17,11.5,Yes,No,Unknown,Low,10,6.6,0
Female,23,Business,66.57,44.71,56.14,74.25,81.4,83.46,17.7,Yes,No,High School,Low,9,6.2,0
Male,19,Mathematics,99.0,89.51,58.48,81.9,40.6,75.79,29.3,No,Yes,High School,High,7,5.1,1
Male,24,Engineering,65.98,72.85,66.71,98.24,49.0,95.63,22.1,No,Yes,PhD,High,3,7.1,0
Male,22,Business,87.21,80.15,70.7,73.57,26.5,91.41,12.0,No,Yes,Master's,Medium,2,7.0,0
Female,19,Engineering,76.6,69.57,95.19,70.92,51.2,77.44,14.6,Yes,No,Bachelor's,High,1,5.3,1
Male,24,Mathematics,80.43,81.87,59.78,95.29,76.7,75.57,15.2,Yes,Yes,Master's,Low,10,5.1,0
Female,19,Engineering,69.67,42.05,98.59,95.13,90.6,97.1,8.8,Yes,No,Bachelor's,Medium,10,6.2,0
Female,22,CS,98.24,85.76,90.51,99.62,97.1,80.86,9.0,No,No,Master's,Low,7,6.3,0
Female,21,Mathematics,78.58,42.0,94.07,77.54,42.7,85.69,8.7,Yes,Yes,Bachelor's,High,1,4.6,0
Male,24,Mathematics,96.89,67.32,96.47,67.21,99.0,54.33,18.0,No,No,PhD,Medium,6,5.4,1
Male,19,Engineering,50.38,49.06,87.66,62.02,29.5,85.92,21.9,No,Yes,Unknown,Medium,1,4.8,1
Female,20,Engineering,78.63,89.41,89.44,51.7,0.7000000000000001,63.23,19.8,No,Yes,High School,Medium,10,8.5,0
Female,19,Business,85.86,58.82,71.89,86.34,76.8,55.78,29.4,No,No,Master's,Low,4,4.4,1
Female,23,CS,87.25,67.25,75.52,61.67,17.8,92.48,8.1,Yes,Yes,High School,Low,5,8.4,0
Male,22,Mathematics,95.25,65.73,96.62,80.33,5.2,84.56,29.7,Yes,Yes,Master's,High,1,6.6,0
Female,18,Mathematics,50.22,86.35,68.91,95.83,92.4,70.38,16.7,Yes,Yes,PhD,Low,8,7.3,1
Male,19,Mathematics,50.02,68.87,52.1,97.51,79.2,71.57,10.5,No,Yes,PhD,High,7,8.6,1
Female,21,Business,73.61,87.34,88.14,50.22,10.3,59.86,28.6,No,Yes,Master's,Medium,1,5.8,1
Male,20,CS,51.46,44.41,78.66,65.85,77.69999999999999,50.48,16.7,Yes,Yes,Master's,Low,5,7.5,1
Female,20,Mathematics,98.73,51.5,90.74,91.87,84.39999999999999,67.47,13.7,Yes,Yes,Master's,Low,4,7.4,0
Male,18,Mathematics,61.1,73.09,53.78,76.82,90.5,57.42,10.3,Yes,No,PhD,Low,1,8.9,0
Male,23,Business,73.63,96.83,81.06,90.38,54.400000000000006,71.09,11.7,No,Yes,Unknown,Low,4,4.2,1
Male,18,Engineering,53.06,44.49,62.39,92.67,70.3,91.69,29.5,Yes,Yes,Unknown,Low,4,6.3,0
Male,23,Mathematics,76.1,42.59,95.16,72.13,76.2,55.74,12.6,No,No,Master's,Medium,6,8.9,1
Male,19,CS,69.0,49.39,55.5,67.95,68.89999999999999,54.59,29.4,Yes,No,Bachelor's,Medium,4,5.6,1
Male,22,CS,52.23,78.47,92.15,72.77,64.7,95.11,13.3,No,Yes,Unknown,Medium,5,8.8,0
Female,21,CS,66.76,63.94,54.43,82.64,54.8,87.26,10.8,Yes,Yes,PhD,Medium,10,8.1,0
Female,20,CS,69.57,89.53,51.25,68.36,47.9,52.65,9.6,Yes,Yes,PhD,High,3,5.7,1
Female,18,Business,99.5,44.32,61.75,88.75,99.6,53.98,15.3,Yes,No,PhD,High,7,4.1,1
Female,21,Mathematics,60.39,51.78,66.65,95.2,33.8,84.25,10.9,No,Yes,High School,High,3,5.4,0
Male,23,Business,77.24,58.0,81.33,64.12,8.8,68.52,22.4,Yes,Yes,High School,High,5,4.6,1
Female,22,CS,99.37,77.6,56.59,98.25,76.5,86.21,11.0,No,No,PhD,High,2,6.1,0
Male,20,CS,89.6,81.11,71.87,81.14,21.4,70.22,25.9,Yes,No,Unknown,Medium,10,8.7,0
Male,20,CS,99.67,47.45,60.21,93.91,53.3,98.39,25.9,No,No,High School,High,10,6.6,0
Male,23,Business,98.41,96.63,92.77,55.2,9.6,84.72,12.1,Yes,Yes,Bachelor's,Medium,8,6.2,0
Female,22,CS,74.48,60.46,52.25,62.57,61.900000000000006,52.33,23.8,Yes,Yes,Master's,Medium,4,5.1,1
Male,20,Mathematics,84.82,82.79,67.8,66.05,94.4,66.53,26.4,Yes,Yes,High School,Low,1,7.1,0
Female,22,CS,55.52,71.45,81.57,65.14,72.30000000000001,78.18,19.8,Yes,No,High School,High,2,6.3,1
Female,20,Mathematics,72.06,53.37,95.65,58.59,21.5,57.09,14.2,Yes,Yes,Unknown,High,7,7.9,1
Female,19,Mathematics,90.45,90.77,93.4,93.41,97.1,50.13,16.0,Yes,Yes,Unknown,Medium,7,6.6,1
Female,23,CS,75.27,89.09,94.76,70.93,30.7,53.97,24.7,Yes,Yes,Bachelor's,Medium,2,8.4,1
Female,22,Business,85.13,63.76,53.14,98.16,43.7,76.21,12.3,No,No,Bachelor's,Low,8,7.9,1
Male,21,Engineering,87.29,75.32,92.05,79.17,49.8,81.61,13.4,No,Yes,Bachelor's,Low,1,4.7,0
Male,19,Engineering,62.67,55.47,89.0,56.92,99.1,54.65,9.0,No,No,Bachelor's,Medium,4,4.7,1
Female,24,Mathematics,93.78,81.39,95.12,77.3,6.9,83.26,15.0,Yes,No,High School,Medium,8,4.1,0
Male,21,Business,72.99,58.54,65.58,99.68,69.7,80.86,7.2,No,No,Bachelor's,Medium,5,5.8,0
Female,23,Engineering,60.51,90.64,95.59,78.26,36.2,96.99,13.0,No,No,Bachelor's,Low,8,4.3,0
Male,20,CS,93.27,53.04,70.13,50.09,7.800000000000001,92.03,14.3,No,No,PhD,High,8,6.2,1
Male,24,CS,70.89,40.89,81.7,96.65,93.5,97.16,11.4,No,No,High School,Low,9,5.2,0
Male,21,Mathematics,87.52,56.11,71.21,61.74,59.0,98.31,7.5,Yes,Yes,High School,Low,1,6.5,0
Male,19,Business,77.4,51.46,71.38,84.43,75.4,72.04,18.0,No,No,High School,Low,1,4.8,0
Male,24,Business,69.09,70.5,77.33,75.75,24.0,74.4,26.6,No,No,Master's,Medium,9,6.7,1
Male,24,Engineering,90.49,52.22,67.8,66.27,76.2,64.08,13.4,Yes,Yes,Bachelor's,Low,7,8.8,1
Male,22,Engineering,79.22,85.79,89.64,64.13,82.8,75.42,10.9,No,No,Bachelor's,High,9,7.2,0
Male,18,CS,69.53,54.48,81.68,96.44,43.1,57.54,12.1,Yes,Yes,Bachelor's,Low,2,6.8,1
Male,21,Mathematics,55.48,82.42,84.49,95.6,57.2,83.57,26.5,No,No,Unknown,High,8,7.9,0
Male,18,Business,94.77,74.71,61.55,75.66,97.2,51.25,18.2,Yes,Yes,Unknown,High,1,4.0,1
Male,23,Engineering,51.77,99.17,98.48,62.92,84.7,61.78,8.3,Yes,Yes,Unknown,Medium,4,5.4,0
Male,21,Engineering,93.16,99.99,83.01,55.12,44.5,60.4,22.7,No,No,Master's,Medium,8,8.9,0
Male,21,Mathematics,68.0,92.17,59.86,57.83,66.5,96.89,8.9,Yes,Yes,Bachelor's,Medium,4,7.9,0
Female,22,Mathematics,81.97,85.6,87.52,76.11,78.4,57.25,6.5,Yes,Yes,High School,High,3,4.5,0
Male,20,CS,96.11,63.19,58.69,65.39,2.4,94.54,11.4,Yes,Yes,High School,Medium,7,5.6,0
Male,19,Mathematics,57.59,85.2,53.17,52.1,58.8,56.22,9.2,No,No,PhD,High,5,6.2,1
Male,19,CS,78.35,97.4,76.38,72.76,98.5,82.53,20.1,Yes,No,Unknown,Medium,1,8.7,0
Male,19,CS,88.22,41.4,77.68,87.31,94.7,65.99,17.1,No,Yes,Master's,Medium,4,6.9,1
Male,23,Mathematics,87.88,72.27,59.45,94.58,83.2,65.8,23.1,No,No,PhD,High,4,4.4,1
Male,24,Mathematics,76.28,53.08,67.42,79.26,10.6,99.91,17.8,Yes,Yes,Master's,Medium,1,6.5,0
Female,20,Mathematics,81.24,73.47,97.29,86.16,99.4,61.3,15.5,Yes,No,High School,Low,10,5.4,0
Female,18,Mathematics,87.88,67.99,64.25,68.2,61.0,60.13,18.2,No,Yes,Bachelor's,Low,5,5.7,1
Female,19,Mathematics,92.05,74.55,57.78,74.81,22.3,79.47,15.9,No,Yes,High School,Low,2,4.6,1
Male,18,CS,88.09,73.06,99.63,86.48,67.4,87.04,5.9,Yes,No,High School,Low,8,6.3,0
Male,20,Engineering,67.7,97.61,65.12,86.38,85.7,99.13,22.0,No,Yes,Unknown,High,9,7.3,0
Male,23,Business,99.84,73.13,84.01,71.23,11.2,85.07,29.1,No,Yes,High School,Medium,2,7.8,0
Female,20,Business,71.73,90.77,61.58,77.18,91.6,78.09,15.6,Yes,Yes,Master's,Low,10,7.5,0
Male,22,CS,51.22,59.19,77.51,96.19,92.0,70.46,15.6,No,Yes,Bachelor's,High,10,7.3,0
Male,24,CS,68.13,66.29,69.31,81.6,1.3,79.76,6.1,No,No,Unknown,High,4,8.3,1
Female,19,Engineering,56.39,68.22,98.08,82.13,90.0,80.04,27.3,Yes,No,PhD,Medium,2,5.7,0
Female,23,Mathematics,56.07,56.72,71.64,89.23,94.7,60.89,28.2,No,No,High School,Low,5,5.1,0
Male,22,CS,64.08,62.79,79.21,55.76,3.8,83.56,25.3,Yes,Yes,Unknown,Low,7,4.4,0
Male,19,Business,52.67,75.91,97.24,76.14,29.4,60.22,7.7,Yes,Yes,Unknown,High,5,4.8,0
Male,20,Mathematics,84.43,74.81,99.46,97.97,37.3,74.5,27.5,Yes,Yes,Unknown,High,5,4.7,0
Male,20,CS,53.7,78.19,55.08,68.08,34.900000000000006,62.99,5.6,Yes,No,Master's,Low,2,8.6,0
Female,21,Mathematics,60.16,61.11,91.72,64.75,75.9,65.64,16.1,Yes,Yes,PhD,Medium,3,4.9,1
Male,21,Business,54.64,58.95,69.11,80.06,35.8,80.69,17.5,Yes,Yes,Unknown,High,6,4.5,0
Male,20,Mathematics,53.16,76.7,79.74,61.06,95.7,53.22,25.9,No,Yes,Master's,High,6,6.0,0
Female,20,CS,63.39,47.97,68.75,77.8,99.5,50.6,23.8,Yes,No,PhD,Medium,1,4.8,1
Male,18,CS,78.59,55.18,70.06,57.78,31.7,56.53,24.9,No,No,Bachelor's,Medium,1,4.7,1
Male,24,Business,98.23,42.53,57.94,78.99,50.9,58.44,26.7,No,No,Master's,High,10,5.8,1
Female,18,Engineering,93.78,44.36,78.64,80.12,55.8,59.89,16.9,No,Yes,Unknown,High,9,8.6,1
Female,24,Engineering,93.8,54.6,77.34,70.92,57.9,88.7,24.5,Yes,Yes,High School,Low,2,4.2,0
Male,22,Mathematics,58.8,41.17,59.47,69.14,37.400000000000006,72.34,6.7,Yes,No,Master's,High,2,5.0,1
Female,21,CS,63.25,54.72,77.09,62.27,16.599999999999998,73.5,16.1,Yes,Yes,Bachelor's,High,9,8.1,1
Female,21,CS,53.82,79.3,98.66,66.55,5.5,82.22,5.8,No,No,PhD,High,5,5.2,1
Male,20,Business,88.92,43.67,85.72,74.92,10.6,86.46,27.9,Yes,No,Bachelor's,Low,6,6.2,0
Female,20,Business,53.49,66.2,74.05,62.38,90.1,50.18,29.0,No,No,PhD,Medium,3,4.5,0
Male,22,CS,77.83,94.79,95.8,89.14,28.0,92.84,7.1,Yes,Yes,Master's,Medium,7,8.0,0
Male,23,Business,62.39,87.48,78.77,85.45,7.7,99.42,18.3,No,No,PhD,Medium,2,7.7,0
Male,23,Engineering,62.17,58.33,56.75,63.47,62.400000000000006,56.09,13.1,Yes,No,Unknown,High,5,4.6,1
Male,23,Engineering,99.54,95.49,77.38,54.87,7.5,82.55,13.6,No,Yes,Master's,High,4,8.7,0
Female,21,Mathematics,87.84,59.78,59.05,50.01,7.0,50.12,16.3,Yes,No,High School,Medium,8,7.0,1
Male,18,Business,91.85,44.35,88.38,79.84,62.2,52.45,8.1,Yes,No,Bachelor's,Low,2,8.0,1
Male,23,Mathematics,78.6,99.64,98.36,60.57,59.1,64.25,9.5,Yes,Yes,Bachelor's,High,1,7.8,1
Male,19,Business,93.55,92.2,68.04,50.63,4.1,92.32,19.4,Yes,Yes,Master's,Low,2,6.6,0
Male,22,Business,82.27,67.96,71.75,67.95,46.0,82.63,5.5,No,No,High School,Low,2,7.7,0
Female,23,Engineering,97.31,79.98,71.07,98.1,43.6,72.29,20.0,Yes,No,Master's,High,8,5.2,1
Female,19,CS,64.07,80.27,64.26,84.5,54.7,71.93,13.0,No,Yes,Unknown,Medium,1,4.1,1
Female,23,Business,79.77,51.67,89.71,92.89,73.8,73.3,25.8,No,No,Unknown,Low,1,5.7,0
Male,18,Business,84.51,52.0,80.89,57.24,28.3,65.55,20.0,No,Yes,High School,Medium,10,4.8,1
Female,18,Business,69.65,68.17,53.2,53.66,43.3,93.89,22.7,Yes,Yes,Master's,High,1,8.9,0
Female,23,CS,93.99,94.69,91.94,50.58,79.3,78.39,7.9,Yes,No,High School,Low,3,8.6,0
Male,19,Mathematics,98.99,40.6,59.35,97.78,92.3,74.2,11.6,Yes,No,High School,High,5,4.7,0
Female,22,Mathematics,74.69,86.95,98.96,65.01,89.1,73.25,29.9,Yes,Yes,Unknown,High,8,5.7,0
Male,19,Business,69.53,43.45,68.83,72.98,47.8,96.79,15.8,Yes,No,Unknown,Low,8,6.5,0
Female,22,Business,73.6,68.69,80.82,69.73,52.1,86.18,14.0,No,No,High School,Low,10,6.0,0
Female,23,Mathematics,92.64,78.27,53.89,86.52,52.9,57.24,26.8,Yes,Yes,High School,Medium,5,7.5,1
Female,22,Mathematics,82.27,81.21,67.23,65.5,86.89999999999999,71.85,5.8,Yes,No,PhD,Low,5,6.5,1
Female,20,Engineering,52.24,43.51,90.12,76.77,84.0,64.42,18.4,Yes,Yes,Unknown,High,7,6.8,0
Male,21,Business,77.11,65.12,73.86,99.78,31.200000000000003,99.34,10.3,No,No,High School,Medium,1,7.4,0
Male,24,Mathematics,50.87,75.03,95.23,72.2,16.299999999999997,70.77,14.2,Yes,No,PhD,High,1,4.1,0
Female,21,Engineering,88.93,43.96,78.76,77.56,37.9,53.39,10.0,No,Yes,High School,Medium,1,4.1,1
Male,18,CS,66.42,48.11,96.43,75.13,28.8,70.56,5.9,Yes,Yes,PhD,High,8,4.9,1
Female,20,Business,73.6,79.82,99.13,90.16,95.1,66.07,15.4,No,No,High School,Medium,8,7.6,0
Female,21,Mathematics,89.93,71.3,72.69,63.34,26.6,79.98,24.7,Yes,No,Master's,Low,4,5.2,1
Female,23,Business,52.32,49.71,78.26,58.52,18.1,61.3,28.8,No,Yes,Unknown,High,5,8.6,1
Female,22,Engineering,57.93,72.11,91.75,87.7,89.9,51.8,20.6,Yes,Yes,High School,High,7,4.4,0
Female,22,Mathematics,69.9,94.76,61.08,70.78,8.6,54.79,14.7,Yes,No,Bachelor's,Medium,6,6.9,1
Female,19,CS,61.5,40.94,93.08,95.69,26.0,64.16,24.2,Yes,Yes,Bachelor's,Low,2,4.1,0
Male,19,CS,66.9,78.56,79.6,82.21,43.9,67.42,17.6,No,Yes,PhD,Low,7,8.9,0
Male,22,Engineering,99.91,44.42,86.28,78.22,59.5,91.72,14.2,Yes,Yes,Unknown,Medium,2,5.1,0
Female,23,CS,91.27,40.39,53.99,53.52,32.8,63.5,9.5,Yes,Yes,PhD,Low,4,6.9,1
Male,22,CS,94.2,49.04,88.31,86.52,49.6,51.57,24.9,Yes,Yes,Unknown,Low,4,8.8,1
Female,19,CS,96.85,65.37,65.54,84.3,19.9,89.04,17.5,Yes,Yes,Bachelor's,Medium,5,4.2,1
Male,21,CS,67.05,88.14,90.26,82.0,57.400000000000006,93.45,29.1,No,Yes,Bachelor's,High,1,6.6,0
Male,18,CS,64.85,56.91,75.46,63.4,40.8,74.62,25.0,Yes,Yes,PhD,Medium,3,6.6,1
Male,19,CS,61.7,77.54,63.73,97.34,84.9,64.25,15.5,Yes,No,Master's,Medium,8,5.8,1
Female,23,CS,91.51,64.67,97.64,66.08,41.6,88.61,23.5,Yes,Yes,Bachelor's,Medium,6,7.3,0
Male,21,Mathematics,83.98,54.06,88.25,57.61,44.400000000000006,50.44,16.3,No,No,Unknown,Low,3,6.7,1
Female,21,CS,61.81,70.85,99.28,99.36,59.2,96.2,7.0,Yes,No,High School,High,2,5.2,0
Female,21,Mathematics,68.85,87.85,68.22,87.31,12.3,93.28,17.9,Yes,Yes,High School,Low,6,7.5,0
Female,20,Business,75.34,89.95,82.46,70.74,15.7,77.24,26.6,Yes,No,High School,Low,3,6.3,1
Male,20,Engineering,76.41,90.79,80.58,96.8,79.0,63.88,26.4,No,Yes,Bachelor's,Low,7,6.4,1
Male,24,CS,94.44,60.31,84.38,54.56,27.3,51.64,19.4,Yes,No,Master's,High,7,8.8,1
Male,21,Engineering,69.03,87.61,51.92,54.38,68.5,99.99,14.5,Yes,No,Bachelor's,Medium,2,6.7,0
Female,23,CS,95.43,52.73,64.59,84.12,9.7,88.1,5.3,Yes,Yes,Unknown,Medium,4,7.9,0
Female,22,Mathematics,72.07,84.31,95.47,58.9,82.2,66.94,12.8,Yes,Yes,Bachelor's,High,3,8.3,0
Male,23,CS,87.32,96.9,71.19,95.86,98.8,50.96,29.7,No,No,Bachelor's,Medium,8,6.9,0
Female,20,Business,96.51,40.82,98.03,92.02,37.400000000000006,81.96,23.2,No,No,Bachelor's,High,8,7.9,0
Male,19,Engineering,95.38,66.42,60.68,65.32,50.6,99.35,22.9,Yes,No,Bachelor's,Low,4,5.5,0
Male,24,Engineering,52.85,78.87,99.87,94.44,44.3,85.35,24.0,Yes,No,Unknown,Medium,4,4.9,0
Male,20,Business,60.29,82.11,84.88,52.14,89.39999999999999,54.19,20.5,No,No,Bachelor's,High,6,7.5,1
Male,22,Mathematics,73.85,50.57,88.82,77.43,1.0,70.11,19.6,Yes,Yes,Master's,High,6,8.6,1
Female,18,Mathematics,71.58,98.33,69.84,96.78,65.3,55.46,16.3,No,No,PhD,High,6,4.2,0
Male,24,Business,82.04,76.92,95.35,92.77,65.19999999999999,95.61,16.1,Yes,Yes,Unknown,High,2,7.8,0
Male,20,Engineering,97.24,49.86,77.27,67.8,38.2,66.52,26.8,No,Yes,Master's,Medium,8,4.1,1
Male,23,CS,55.62,41.23,84.05,59.14,21.9,86.67,14.8,No,Yes,High School,Low,7,6.3,1
Male,24,Mathematics,72.59,87.0,54.74,60.53,24.0,54.23,26.0,Yes,Yes,High School,Medium,2,7.4,1
Male,23,CS,59.62,44.78,81.58,75.73,80.0,56.42,25.9,Yes,Yes,Unknown,Medium,8,6.0,1
Male,21,Engineering,94.71,48.46,93.95,79.84,6.6000000000000005,83.97,24.3,No,No,PhD,High,1,5.5,0
Male,21,CS,98.23,74.49,58.91,51.64,56.4,92.17,5.9,Yes,No,Bachelor's,Low,10,4.9,0
Female,21,Business,73.94,76.21,86.89,70.68,30.7,60.07,8.7,Yes,No,Unknown,High,7,8.9,1
Female,24,Mathematics,55.2,81.21,51.27,91.52,26.5,70.92,12.9,Yes,No,Bachelor's,Medium,6,6.9,1
Female,18,Mathematics,89.26,63.61,96.31,72.22,50.6,80.97,26.2,Yes,Yes,Bachelor's,Low,9,4.6,0
Female,22,Business,84.86,86.43,99.15,58.46,89.80000000000001,89.81,26.8,Yes,Yes,High School,Medium,3,4.2,0
Male,24,Business,67.73,98.46,67.71,97.74,61.8,81.41,6.0,No,Yes,PhD,Low,9,5.2,0
Female,19,Mathematics,94.37,56.27,55.35,63.31,78.89999999999999,54.77,13.1,No,No,Bachelor's,Low,5,6.7,1
Female,23,Mathematics,98.79,82.18,82.93,89.92,60.1,77.14,26.3,Yes,No,Unknown,High,5,7.8,0
Female,23,Mathematics,77.89,95.71,51.49,59.69,69.80000000000001,94.23,11.2,No,Yes,High School,High,6,8.9,0
Male,24,Engineering,78.29,81.18,74.12,71.16,43.2,93.4,29.4,Yes,Yes,Bachelor's,High,3,8.2,0
Female,24,Engineering,64.88,80.87,63.59,74.52,92.6,79.25,17.2,Yes,No,High School,Medium,4,7.1,0
Female,22,Engineering,79.23,53.43,73.67,75.03,50.2,99.78,28.4,No,Yes,High School,Low,10,7.3,0
Male,18,CS,71.98,72.11,50.91,75.82,55.2,55.26,15.7,No,Yes,Unknown,High,6,6.6,1
Female,24,Engineering,65.11,73.75,52.58,61.25,52.5,73.93,13.1,No,No,Unknown,High,5,6.2,0
Male,21,Mathematics,53.36,82.01,50.8,75.8,31.6,88.76,14.1,No,Yes,Master's,High,10,7.9,1
Female,22,Engineering,62.64,99.81,80.96,74.09,23.1,57.05,27.1,No,Yes,Bachelor's,High,8,4.9,0
Male,19,Mathematics,59.89,42.02,78.0,60.44,7.4,98.64,13.3,Yes,Yes,High School,Low,7,5.7,0
Female,21,Business,77.1,43.91,61.66,99.41,71.8,67.7,21.7,No,Yes,Master's,Low,1,8.9,1
Female,19,CS,80.08,44.68,82.33,93.28,28.9,67.51,16.7,No,Yes,Unknown,Medium,6,6.9,1
Female,20,CS,80.43,84.58,94.21,94.38,38.9,60.66,28.5,No,Yes,PhD,High,5,6.5,0
Male,19,Business,69.41,48.18,63.87,84.28,92.0,64.4,9.0,No,Yes,High School,Low,10,8.3,1
Female,21,Mathematics,71.06,77.35,91.6,57.99,56.6,78.88,15.7,No,No,PhD,Low,9,7.8,0
Male,20,CS,91.71,59.48,83.13,78.4,9.7,71.47,8.1,Yes,No,PhD,Medium,3,5.6,1
Male,21,Engineering,73.81,67.44,51.69,91.07,80.0,59.67,19.5,Yes,No,High School,High,4,7.1,0
Male,23,Mathematics,99.39,52.94,68.76,51.94,25.6,90.46,15.1,No,No,Master's,Medium,4,4.9,1
Male,21,CS,71.98,91.97,75.39,74.79,55.3,53.11,6.5,Yes,No,Master's,High,4,4.3,1
Female,20,Business,82.48,75.17,86.58,69.81,51.0,91.73,26.2,Yes,No,High School,Low,9,8.9,0
Female,19,Mathematics,52.52,96.67,64.36,60.61,23.8,63.75,14.4,Yes,Yes,Bachelor's,Low,8,7.7,1
Female,23,CS,82.67,74.48,99.14,68.91,11.6,74.8,17.3,Yes,No,PhD,High,9,8.7,1
Male,18,Business,92.57,47.43,84.23,99.17,21.1,69.05,15.2,No,Yes,Master's,High,4,8.2,1
Female,18,Mathematics,97.12,50.25,68.64,86.16,9.7,78.53,17.2,No,No,High School,Low,3,6.1,0
Male,18,Engineering,99.87,99.34,54.85,64.98,27.6,89.8,5.4,Yes,Yes,Unknown,Low,5,8.3,0
Male,18,Mathematics,64.11,83.53,59.07,80.27,99.7,99.47,25.4,Yes,Yes,Unknown,Low,2,7.9,0
Male,22,Engineering,78.77,42.96,74.38,62.33,40.2,65.3,13.3,Yes,No,High School,Medium,5,5.3,1
Female,18,Mathematics,72.54,82.23,74.73,80.54,86.4,77.69,23.1,No,No,Bachelor's,Medium,2,7.1,0
Female,20,Business,78.19,64.73,88.39,94.81,54.900000000000006,73.3,6.6,Yes,Yes,Unknown,Medium,10,5.5,0
Male,24,Engineering,57.87,58.43,86.31,77.84,66.7,99.95,18.1,No,Yes,Bachelor's,Medium,2,5.2,0
Female,18,Engineering,92.81,49.24,60.06,86.67,15.6,90.45,27.7,No,No,High School,High,7,4.4,0
Female,21,Mathematics,95.48,90.39,79.75,72.67,27.5,69.85,15.0,Yes,No,High School,High,10,6.7,0
Male,24,CS,72.48,43.83,51.03,76.21,51.0,73.84,9.9,No,Yes,PhD,Low,4,6.0,1
Male,18,Engineering,64.02,57.39,69.93,84.75,88.10000000000001,62.3,7.5,No,No,High School,High,6,4.4,1
Female,24,Mathematics,57.04,58.38,88.21,90.62,4.3,87.76,26.5,Yes,No,Bachelor's,High,9,7.6,0
Male,19,Business,84.19,49.65,69.98,82.97,50.7,92.26,11.0,Yes,Yes,Master's,High,10,7.6,0
Male,20,Mathematics,65.61,70.49,91.78,98.87,5.1,98.25,29.4,Yes,Yes,Unknown,Medium,3,5.2,0
Female,20,Mathematics,95.48,40.7,98.81,90.99,45.7,78.29,11.2,No,No,Unknown,High,1,8.8,1
Female,24,Engineering,83.55,58.06,80.36,88.86,62.9,83.53,17.0,Yes,No,PhD,High,3,7.9,0
Male,23,CS,82.28,96.02,57.25,92.26,74.5,72.3,16.4,No,No,Master's,Low,3,8.0,0
Female,22,Business,77.97,58.63,68.98,64.06,13.9,80.46,6.6,No,No,Bachelor's,Medium,3,4.0,0
Male,21,Engineering,52.29,61.63,50.47,71.6,16.7,67.44,18.3,Yes,No,Bachelor's,Low,4,8.9,1
Male,24,Engineering,96.6,68.39,80.14,78.22,47.0,86.88,21.8,No,No,PhD,Low,3,9.0,0
Female,20,Engineering,81.4,73.7,91.08,73.12,99.8,51.14,23.6,No,Yes,High School,Medium,5,6.5,0
Male,19,Business,99.7,88.52,81.5,92.37,35.6,51.42,18.1,No,No,Master's,Medium,8,8.9,1
Male,18,CS,76.87,51.42,89.3,51.35,42.8,85.81,25.3,No,Yes,Unknown,Medium,3,7.1,0
Male,20,Business,85.51,92.3,90.0,60.46,43.2,96.53,23.8,No,No,Master's,Low,10,4.7,0
Female,19,Business,52.81,85.45,92.55,94.09,8.100000000000001,81.61,9.8,No,Yes,PhD,Low,6,8.1,0
Female,18,CS,81.59,83.36,63.33,52.96,77.4,86.33,15.0,No,Yes,High School,Medium,1,6.8,0
Female,22,Business,88.23,45.21,93.56,61.35,25.3,91.2,8.6,No,No,Master's,Low,4,5.7,1
Male,20,Mathematics,88.93,41.3,82.7,67.56,70.4,68.08,8.3,Yes,No,High School,High,1,5.2,1
Male,20,Business,88.51,75.64,64.49,87.54,47.5,55.41,22.8,Yes,No,Master's,Low,2,6.6,1
Female,24,Engineering,61.31,91.79,99.36,78.01,61.2,96.65,18.3,Yes,Yes,Unknown,Medium,3,7.5,0
Female,24,Business,98.77,75.07,97.51,97.73,5.4,96.93,20.0,No,No,Bachelor's,Low,5,8.4,0
Female,19,Engineering,99.76,52.79,78.72,61.39,89.0,72.09,23.3,Yes,Yes,Master's,Low,9,7.0,0
Male,23,Business,53.78,45.43,92.16,93.61,24.4,60.86,11.9,Yes,Yes,Bachelor's,Medium,9,6.1,1
Female,24,Engineering,96.82,81.98,63.07,64.15,67.0,94.62,15.0,No,Yes,Bachelor's,High,3,7.2,0
Male,21,Engineering,64.47,83.31,70.8,62.27,79.80000000000001,85.42,20.2,Yes,Yes,Bachelor's,Medium,8,6.5,0
Female,22,Engineering,84.46,50.35,59.2,74.92,54.0,50.41,7.4,Yes,No,PhD,Low,2,7.3,1
Male,21,CS,66.91,41.69,76.01,53.56,33.7,55.39,25.8,Yes,Yes,Unknown,High,9,7.0,1
Male,20,Business,98.39,64.5,74.8,69.22,97.8,99.16,13.6,No,Yes,Bachelor's,High,4,8.9,0
Female,21,Business,55.08,74.96,60.64,67.78,27.8,51.91,21.5,No,No,Unknown,Low,2,7.1,1
Male,18,Mathematics,74.89,82.36,83.64,58.01,94.9,64.13,29.9,No,Yes,Master's,Medium,5,7.5,1
Female,22,Mathematics,71.4,88.6,55.89,93.04,15.6,77.42,16.9,No,No,Unknown,High,7,8.5,1
Male,21,Mathematics,66.3,76.63,53.08,69.29,38.9,59.22,10.4,No,Yes,High School,Medium,6,8.6,1
Male,18,Business,82.28,46.65,69.25,99.1,13.8,61.6,10.4,No,Yes,Bachelor's,Low,9,4.7,1
Female,19,CS,56.55,80.95,70.49,94.99,0.2,67.65,6.5,No,Yes,Master's,Medium,7,6.3,1
Male,21,Engineering,85.83,99.05,65.99,59.74,26.0,63.48,24.2,No,No,Bachelor's,Medium,6,8.7,1
Female,22,Business,99.03,94.34,62.9,75.26,8.7,90.17,12.3,Yes,No,Bachelor's,Medium,8,8.8,0
Female,18,CS,90.23,92.3,66.94,80.09,98.6,75.01,9.3,Yes,No,Master's,High,7,5.0,0
Female,21,CS,93.0,58.13,58.17,90.95,76.2,63.93,22.8,Yes,No,Master's,Low,7,6.2,0
Male,19,Business,67.98,85.05,70.17,94.28,0.4,65.65,12.7,Yes,No,PhD,High,8,5.4,1
Male,21,Engineering,66.24,91.07,95.23,81.2,22.4,51.99,20.0,Yes,Yes,PhD,High,6,8.0,0
Male,18,CS,75.85,80.7,61.22,51.76,67.0,52.47,15.4,Yes,Yes,PhD,Low,10,8.3,1
Female,21,Business,52.29,55.03,84.22,74.06,39.900000000000006,85.9,13.4,No,No,Unknown,High,5,6.3,0
Female,22,Engineering,97.27,97.23,57.09,94.24,83.2,55.65,17.2,Yes,Yes,High School,High,4,7.4,1
Male,20,Mathematics,57.19,67.05,67.7,85.7,50.5,73.79,12.8,No,No,High School,Medium,8,8.3,0
Male,18,CS,95.15,47.79,66.06,93.51,65.4,92.12,26.8,Yes,Yes,Unknown,High,9,7.5,0
Female,18,CS,54.18,46.59,96.85,83.7,59.7,68.42,6.8,Yes,Yes,PhD,Low,9,4.8,0
Male,18,Business,91.13,78.85,71.4,52.2,63.8,67.29,5.8,No,No,High School,Low,4,7.6,1
Female,18,Business,57.6,66.26,84.52,98.4,23.0,93.65,15.2,Yes,Yes,PhD,High,9,4.8,0
Male,21,Engineering,51.91,45.67,80.12,95.9,37.3,93.24,9.3,Yes,No,Master's,High,2,7.3,0
Female,22,Mathematics,85.97,84.42,57.05,56.33,5.1,94.01,23.6,No,Yes,Unknown,Medium,7,5.7,0
Male,19,Mathematics,64.01,87.96,96.98,55.63,58.8,78.6,13.8,No,No,PhD,High,4,4.3,0
Male,22,Business,85.72,83.52,67.29,76.95,45.9,97.62,11.5,No,Yes,Unknown,Medium,4,5.1,0
Female,18,Business,77.75,52.14,52.24,87.85,76.10000000000001,90.95,14.0,No,No,Bachelor's,Medium,8,6.3,0
Female,23,Engineering,55.44,81.39,65.02,69.11,20.6,70.78,10.5,Yes,Yes,Unknown,High,3,9.0,1
Female,21,Business,96.61,40.64,66.78,56.82,43.7,81.48,12.5,No,Yes,Unknown,High,5,5.3,0
Male,23,Engineering,72.62,58.31,54.64,75.53,18.1,56.09,19.2,Yes,Yes,PhD,Low,5,8.9,1
Female,21,Engineering,86.72,63.93,81.0,66.88,61.4,77.57,26.6,Yes,No,Unknown,High,3,5.8,0
Female,18,Mathematics,75.05,90.11,67.34,67.59,84.80000000000001,63.16,14.3,No,No,Bachelor's,Low,4,8.8,1
Male,21,Engineering,80.22,63.42,81.46,82.25,76.5,64.18,13.0,No,Yes,Master's,Medium,9,8.8,0
Female,18,Mathematics,65.14,40.68,50.34,94.28,94.4,56.29,24.5,No,Yes,High School,Medium,3,4.7,1
Female,22,Mathematics,60.02,61.14,99.1,77.93,97.2,67.91,5.6,No,Yes,Master's,High,10,8.1,0
Female,24,Mathematics,77.13,69.94,58.53,84.38,77.2,74.07,12.6,Yes,Yes,Unknown,Low,9,6.6,1
Male,20,Business,72.01,96.94,82.97,83.0,28.700000000000003,80.02,16.3,Yes,No,Bachelor's,Low,10,7.4,0
Male,21,Mathematics,69.51,96.46,85.79,77.56,21.9,65.24,20.0,Yes,No,Bachelor's,Low,1,7.9,0
Male,18,Engineering,83.63,50.85,58.58,65.54,44.8,89.61,8.9,No,Yes,Master's,Medium,5,4.6,0
Female,23,Business,84.53,51.11,55.59,68.89,99.4,76.05,15.8,No,Yes,PhD,Low,5,8.0,1
Male,18,Engineering,52.3,49.8,57.63,65.79,41.3,81.9,19.2,Yes,Yes,High School,Medium,9,5.5,1
Female,23,Business,66.94,87.34,62.34,95.87,19.9,63.91,17.8,Yes,No,Unknown,Medium,8,7.7,1
Female,21,Engineering,70.59,40.36,58.41,91.33,94.4,90.71,19.4,No,No,Unknown,High,7,6.9,0
Female,19,CS,54.84,47.63,83.7,78.97,38.6,81.21,21.6,Yes,No,Master's,High,1,7.4,0
Male,23,CS,61.8,72.28,71.04,95.61,69.1,93.12,14.5,No,Yes,Bachelor's,Medium,7,7.1,0
Male,18,CS,52.58,54.85,76.89,94.32,78.8,58.0,6.6,No,Yes,Bachelor's,High,2,8.1,1
Female,21,Engineering,99.81,45.54,52.37,96.38,84.3,69.03,6.4,No,Yes,PhD,High,9,8.5,1
Female,18,Business,86.83,61.59,93.06,61.09,82.10000000000001,55.65,26.5,No,No,High School,Medium,3,6.2,0
Male,19,Mathematics,54.37,56.45,58.53,85.88,83.6,60.78,21.9,Yes,No,Unknown,Medium,9,6.0,1
Male,20,Mathematics,51.01,70.67,68.01,80.46,66.8,69.73,24.1,No,No,Master's,Low,5,5.2,0
Male,24,Engineering,85.96,98.75,53.6,86.69,40.4,94.73,28.2,Yes,No,PhD,Low,4,8.1,0
Female,24,Engineering,71.96,47.46,56.84,63.17,66.7,77.85,23.8,Yes,No,High School,High,5,8.8,0
Male,19,Engineering,89.34,62.36,83.29,84.74,83.69999999999999,66.52,22.3,Yes,No,Unknown,High,2,5.0,0
Male,22,Engineering,96.17,95.92,84.63,70.49,35.099999999999994,87.34,21.4,Yes,No,High School,Medium,8,6.3,0
Male,21,Mathematics,79.97,92.61,83.85,91.7,29.700000000000003,50.98,11.5,Yes,No,Unknown,Low,8,7.9,0
Female,19,Business,59.36,63.66,77.61,89.77,34.4,68.5,28.9,No,Yes,High School,Low,8,7.2,0
Male,20,Mathematics,89.11,81.94,97.63,60.57,55.1,80.04,18.6,Yes,Yes,High School,Medium,8,8.1,0
Female,18,Engineering,97.79,45.27,75.36,59.19,5.2,79.16,10.6,Yes,No,Master's,Medium,7,4.1,1
Female,21,CS,79.01,82.75,72.47,85.89,77.9,80.38,10.2,Yes,No,PhD,Medium,2,8.6,0
Female,23,Mathematics,84.1,98.37,62.38,77.52,13.9,60.58,25.4,Yes,No,Bachelor's,Low,8,4.3,1
Male,19,CS,66.87,72.25,54.94,77.86,13.3,66.85,11.3,No,No,High School,Medium,6,6.2,1
Male,20,CS,69.08,69.91,77.41,87.63,19.8,96.58,6.0,Yes,Yes,Master's,High,5,5.4,0
Male,19,Engineering,86.73,51.24,65.74,92.75,57.7,98.7,15.7,No,Yes,Bachelor's,Low,2,8.6,0
Female,22,Mathematics,96.39,78.03,76.2,61.95,28.6,65.6,25.4,Yes,Yes,PhD,Medium,3,5.4,1
Male,24,Business,81.45,75.43,60.31,77.78,36.8,82.23,15.4,No,No,PhD,High,4,5.9,1
Female,24,Mathematics,89.49,79.12,91.91,91.45,93.2,62.06,25.1,Yes,No,High School,Low,4,8.4,0
Male,21,Business,58.58,41.56,99.98,93.64,84.7,68.43,25.7,Yes,No,Unknown,Medium,5,6.7,0
Male,18,Business,60.6,72.92,66.12,64.37,85.19999999999999,89.62,26.4,No,Yes,PhD,High,2,8.5,0
Male,20,Engineering,76.6,75.7,92.12,55.21,57.8,75.06,19.7,No,Yes,Master's,Medium,9,7.3,0
Male,19,Business,58.83,52.45,93.65,61.64,86.6,92.48,22.5,No,Yes,High School,High,9,4.4,0
Female,21,Mathematics,81.75,52.5,99.8,97.27,77.9,81.44,11.5,No,No,PhD,Low,9,6.2,0
Female,19,Mathematics,64.58,56.57,67.14,73.12,95.3,81.45,7.5,Yes,No,High School,Low,5,4.9,0
Female,21,CS,89.58,82.7,87.8,70.93,6.4,51.69,18.3,Yes,Yes,Unknown,Low,4,4.3,1
Female,24,Business,90.41,76.38,61.44,50.65,2.9,87.48,5.3,Yes,Yes,PhD,Medium,9,5.9,1
Male,22,Engineering,73.19,90.75,81.24,52.55,17.5,98.89,16.6,No,Yes,High School,Low,8,8.5,0
Female,19,Engineering,59.04,57.74,85.24,83.43,92.9,73.65,7.6,Yes,No,Master's,High,7,4.6,0
Female,22,Mathematics,82.34,94.72,87.06,79.49,60.6,57.93,7.7,No,No,PhD,Medium,5,4.0,0
Female,23,Business,99.64,84.62,60.36,78.78,42.6,98.85,26.8,No,Yes,Unknown,High,8,8.7,0
Male,23,Engineering,81.13,63.7,92.44,55.52,51.3,64.51,21.0,Yes,Yes,Bachelor's,High,5,6.7,1
Female,24,Business,51.79,45.72,71.05,67.6,83.0,70.46,21.1,Yes,No,Bachelor's,High,2,6.8,1
Female,20,Business,50.86,55.42,60.82,90.62,92.9,53.87,15.1,No,Yes,High School,Medium,6,8.6,1
Male,22,CS,66.02,97.41,77.13,58.75,73.0,55.54,15.3,Yes,No,PhD,High,2,7.5,0
Male,21,Engineering,59.79,58.62,93.17,94.13,76.0,60.83,12.6,No,No,PhD,High,10,8.1,1
Female,20,CS,90.65,59.79,98.35,56.07,32.0,77.42,15.9,No,Yes,Unknown,Low,9,7.9,0
Female,19,Engineering,92.24,51.38,87.41,58.46,46.7,77.89,19.7,Yes,No,Bachelor's,Medium,7,7.1,0
Male,19,Business,62.93,88.41,50.28,73.89,88.5,80.31,9.7,No,Yes,Master's,Low,3,7.4,0
Female,21,Engineering,66.28,56.54,56.74,97.26,78.60000000000001,79.19,11.5,No,No,Bachelor's,High,10,6.8,0
Male,18,Mathematics,61.81,59.82,53.81,66.48,68.4,74.76,17.4,Yes,No,PhD,High,8,5.8,1
Female,18,Business,95.42,64.86,55.06,82.91,6.5,90.1,14.6,Yes,No,Master's,Medium,1,5.4,1
Female,19,Engineering,75.13,66.02,69.15,79.43,4.0,96.69,25.5,Yes,No,Master's,High,9,4.9,0
Female,24,CS,82.81,64.68,66.92,57.48,13.0,63.49,25.5,No,No,Unknown,Medium,7,5.8,1
Female,24,CS,70.77,70.22,55.68,62.41,58.1,56.51,13.4,No,No,High School,High,10,6.9,1
Female,21,Business,81.55,88.87,94.11,96.51,53.6,71.25,16.3,No,No,High School,High,2,6.9,0
Male,18,CS,69.29,89.16,80.77,59.24,94.3,51.32,29.4,No,No,Unknown,Low,8,7.4,1
Male,22,Business,66.98,87.9,89.82,84.75,69.5,94.17,25.7,No,No,PhD,High,6,8.4,0
Female,19,Business,81.72,46.07,68.58,98.23,29.4,61.99,10.4,No,No,PhD,Low,6,7.3,1
Female,23,Business,79.55,87.98,70.51,55.98,16.1,77.46,12.0,No,Yes,High School,Low,4,4.9,1
Female,22,Engineering,64.68,47.22,65.88,69.96,85.0,55.75,7.1,Yes,No,Bachelor's,High,5,4.1,1
Male,21,Business,57.47,47.48,71.92,61.2,46.0,77.66,21.9,Yes,No,Unknown,Low,9,5.0,0
Male,23,CS,68.43,96.87,80.52,61.08,65.3,51.95,12.9,No,Yes,Bachelor's,Medium,7,8.5,1
Male,22,Mathematics,70.76,89.16,74.65,55.95,56.5,88.44,18.4,Yes,Yes,Unknown,Low,1,6.8,0
Male,18,Engineering,81.43,73.14,91.9,82.48,10.7,97.77,24.2,Yes,Yes,Unknown,Medium,2,8.2,0
Male,24,CS,95.73,92.5,95.01,87.32,5.699999999999999,65.35,25.9,No,Yes,High School,Low,1,5.2,0
Male,18,Business,51.81,99.36,73.48,83.84,37.7,62.91,13.1,No,Yes,High School,Low,9,7.5,0
Male,23,Business,62.18,76.64,61.99,96.23,36.2,72.4,10.9,Yes,Yes,Bachelor's,Low,10,7.7,1
Male,20,Mathematics,59.69,76.77,97.26,57.28,67.4,81.0,26.2,No,No,PhD,High,1,8.0,0
Female,24,CS,75.11,85.27,86.75,65.99,63.2,59.45,14.5,No,No,Master's,High,3,6.7,0
Male,19,Engineering,71.49,53.93,82.01,67.23,96.9,90.17,25.5,No,Yes,Bachelor's,High,6,8.0,0
Male,23,CS,86.45,50.03,87.27,61.6,85.8,59.93,8.7,Yes,Yes,Unknown,High,6,8.7,1
Male,21,Business,62.12,85.57,53.8,57.11,49.7,50.27,27.8,Yes,Yes,Master's,Medium,9,8.8,1
Male,19,Engineering,79.72,60.69,53.38,74.34,50.0,76.21,17.1,No,Yes,Master's,Low,9,4.6,0
Female,22,Business,94.19,48.1,57.66,91.72,67.4,55.76,9.3,Yes,Yes,Master's,High,4,7.1,1
Male,24,Business,95.53,58.89,57.37,97.73,11.4,84.91,18.4,Yes,No,Master's,Low,1,4.6,0
Female,21,CS,97.94,61.52,71.03,56.47,100.0,58.37,26.8,Yes,No,Master's,High,10,8.6,1
Female,21,Mathematics,88.66,97.91,57.87,91.16,51.900000000000006,90.87,14.7,No,Yes,Bachelor's,Medium,9,8.8,0
Female,18,Business,95.3,81.88,92.73,91.23,91.0,73.52,9.5,No,Yes,High School,Low,2,6.5,0
Male,22,CS,61.73,71.85,78.9,69.45,96.7,78.31,19.4,No,Yes,High School,Medium,10,8.8,0
Male,18,Engineering,59.88,98.13,68.41,55.5,58.2,59.33,25.9,No,Yes,Unknown,High,10,7.8,1
Male,18,Mathematics,50.32,94.19,53.48,99.5,10.3,57.33,8.0,No,No,PhD,Low,4,7.5,1
Female,24,Business,85.34,70.72,79.55,82.78,57.3,81.56,6.0,No,Yes,Bachelor's,High,7,6.9,0
Female,20,Business,96.87,94.34,55.83,99.11,59.8,62.77,6.4,No,No,Master's,High,2,6.0,1
Female,18,Engineering,59.35,64.26,87.16,74.18,78.89999999999999,69.3,10.8,No,No,High School,Medium,9,8.8,0
Female,19,CS,81.85,53.83,90.14,69.76,4.8,73.97,5.2,Yes,No,Unknown,Medium,5,5.0,1
Male,21,Business,87.32,53.96,77.2,62.36,46.6,61.48,15.7,No,No,Master's,Low,10,8.0,1
Male,24,Engineering,96.38,79.74,57.48,99.18,92.3,89.77,22.4,Yes,No,Unknown,High,9,5.8,0
Male,18,Business,82.34,70.06,89.34,62.66,99.1,96.97,22.8,Yes,No,Master's,Low,9,7.8,0
Female,23,CS,98.51,79.54,65.39,51.19,19.1,71.59,20.9,No,No,Master's,Low,8,4.8,0
Female,19,Mathematics,67.23,81.16,61.13,75.62,87.10000000000001,95.88,12.4,Yes,No,High School,High,3,5.9,0
Male,22,CS,67.5,41.34,73.53,68.85,14.6,94.13,23.4,No,No,High School,Medium,9,8.7,1
Male,21,CS,77.15,43.24,96.13,63.07,84.1,58.3,19.4,No,No,Master's,Low,3,6.8,1
Female,24,CS,69.18,71.96,64.87,81.73,27.7,58.67,26.5,Yes,Yes,High School,Low,9,6.5,0
Male,23,Engineering,50.07,51.46,95.28,68.21,96.0,73.87,17.0,No,Yes,Bachelor's,Low,2,7.8,0
Male,24,Business,86.59,77.95,52.68,70.11,69.5,76.29,9.5,Yes,No,Master's,High,7,6.1,0
Female,24,Mathematics,87.59,73.13,54.18,51.15,39.900000000000006,67.06,20.9,Yes,Yes,High School,Low,2,6.5,1
Female,23,Engineering,87.35,75.15,84.93,79.45,28.1,65.65,8.8,Yes,Yes,Unknown,Medium,5,6.8,1
Female,22,CS,67.25,58.15,59.53,56.1,23.5,71.57,29.1,Yes,Yes,Unknown,Medium,2,8.9,1
Male,23,Mathematics,76.11,78.39,65.83,60.69,68.1,84.52,22.6,No,Yes,Unknown,High,8,8.0,1
Female,19,CS,68.0,89.77,56.82,85.86,89.60000000000001,54.22,23.9,No,No,PhD,High,2,4.2,1
Male,24,CS,50.8,99.88,66.61,65.66,75.5,85.53,22.0,No,No,Unknown,High,9,7.9,0
Male,22,CS,78.12,90.31,64.02,58.16,83.5,96.31,7.4,No,No,Unknown,High,2,6.5,0
Female,24,Mathematics,56.19,73.45,86.82,78.87,78.1,88.18,16.6,Yes,Yes,Bachelor's,Medium,4,5.2,0
Male,23,Business,54.0,51.61,85.1,60.75,97.9,59.58,21.3,Yes,Yes,Bachelor's,High,7,8.3,1
Female,22,CS,87.77,80.89,97.75,63.55,75.8,54.37,10.7,Yes,Yes,PhD,Low,9,5.4,0
Female,22,Business,50.48,96.26,86.22,81.07,21.0,74.52,22.0,No,No,Bachelor's,Medium,3,5.6,0
Male,18,Mathematics,97.95,52.71,84.74,86.99,79.2,97.82,25.5,No,No,High School,High,2,4.3,0
Male,18,Mathematics,75.76,55.36,84.71,86.98,32.2,90.95,11.9,Yes,Yes,Unknown,High,6,8.9,0
Female,18,CS,99.15,48.94,94.15,74.11,99.6,78.14,10.0,No,No,High School,Low,1,8.0,1
Female,23,Business,52.9,84.2,64.81,72.71,37.7,57.15,27.1,No,No,PhD,Medium,5,4.7,1
Female,21,Business,79.18,64.39,65.0,89.38,29.3,85.69,5.1,Yes,Yes,High School,Medium,8,6.4,1
Female,19,CS,67.47,43.76,87.06,59.65,23.9,90.65,11.4,No,Yes,High School,Low,3,5.7,1
Female,23,Engineering,92.17,92.5,61.44,57.61,65.9,96.75,15.2,Yes,No,High School,Low,5,4.2,0
Female,24,Engineering,68.06,73.46,95.6,83.23,10.9,80.61,21.8,No,Yes,Bachelor's,High,9,8.6,0
Male,18,Mathematics,63.02,59.87,76.74,70.48,95.4,75.72,29.9,Yes,No,Unknown,Low,1,8.2,0
Male,22,Mathematics,92.88,60.64,65.01,85.5,29.4,80.96,14.3,No,No,High School,Low,9,8.9,0
Male,23,Engineering,68.73,57.42,88.8,62.83,29.5,97.16,28.7,No,No,Master's,Low,1,5.2,0
Male,22,Engineering,50.84,67.33,65.62,66.24,4.6000000000000005,81.41,14.2,Yes,Yes,Unknown,Medium,4,7.5,1
Female,24,Engineering,69.51,60.22,98.16,94.83,24.6,62.88,22.4,Yes,Yes,Unknown,Medium,1,4.6,0
Male,22,CS,82.73,72.88,99.15,71.08,41.900000000000006,81.81,9.1,No,Yes,Master's,Low,8,6.2,0
Male,22,CS,62.72,86.41,83.34,79.55,37.0,93.99,16.5,No,No,PhD,Low,7,8.2,0
Female,20,CS,71.6,80.47,55.68,55.33,27.3,78.35,26.8,Yes,Yes,PhD,Medium,3,4.0,1
Male,21,CS,52.84,57.67,63.16,58.94,4.1,75.13,13.0,No,Yes,Unknown,Low,5,6.4,1
Female,19,CS,79.4,71.72,75.77,51.79,30.1,86.67,7.6,No,Yes,Bachelor's,Low,2,6.2,1
Female,19,CS,87.81,90.41,92.57,71.22,77.8,83.05,18.1,Yes,No,PhD,Medium,10,7.5,0
Female,18,Mathematics,70.67,44.09,59.24,99.45,43.9,52.83,16.0,Yes,No,PhD,Low,5,5.2,1
Female,20,Business,71.01,44.7,55.22,93.69,29.1,86.27,10.7,No,Yes,High School,Low,5,4.9,1
Female,23,Mathematics,54.41,73.37,53.72,81.65,30.5,70.38,27.6,Yes,Yes,High School,Medium,9,7.3,1
Male,23,Business,60.1,78.35,75.35,93.05,55.4,97.04,20.0,Yes,No,PhD,High,5,7.2,0
Male,19,Mathematics,57.73,52.68,94.24,79.71,30.2,98.54,13.7,Yes,Yes,Bachelor's,Low,2,7.8,0
Male,21,Mathematics,74.08,84.71,52.12,68.44,63.1,72.44,29.9,No,No,High School,Low,3,5.2,0
Female,22,CS,76.46,78.78,60.62,58.68,98.9,98.44,8.4,No,No,Bachelor's,Low,6,4.1,0
Male,24,CS,97.45,95.4,84.66,82.65,4.1,65.54,26.2,No,Yes,Unknown,High,1,8.4,1
Male,18,Business,53.66,50.14,91.29,59.65,16.9,84.13,10.8,Yes,Yes,Bachelor's,Medium,6,5.0,1
Male,21,Business,79.99,85.08,90.37,70.87,17.9,53.75,11.0,Yes,Yes,High School,Medium,5,6.1,0
Male,19,CS,76.32,45.02,89.25,91.29,44.7,57.25,17.5,Yes,No,Master's,Medium,2,6.3,1
Female,20,Mathematics,75.81,73.92,56.49,56.46,4.1,93.23,21.5,No,No,Bachelor's,Medium,2,4.9,1
Male,18,Business,93.66,73.11,69.86,56.45,47.8,94.69,22.3,Yes,Yes,PhD,Low,2,6.6,0
Female,19,Engineering,60.28,63.3,99.24,61.22,92.9,76.63,5.6,Yes,No,Bachelor's,High,3,8.6,0
Female,23,Engineering,52.04,90.67,99.44,77.6,1.2,66.99,12.2,Yes,Yes,Bachelor's,High,10,5.4,0
Male,18,Engineering,83.61,40.26,80.12,62.59,36.5,72.55,21.5,No,No,Bachelor's,Medium,2,6.6,1
Female,19,Business,67.26,71.21,85.46,75.16,76.10000000000001,93.48,27.2,Yes,Yes,PhD,Medium,3,5.5,0
Female,23,CS,50.88,53.03,97.56,65.1,15.4,60.55,21.7,No,Yes,Bachelor's,Low,9,8.9,1
Female,24,CS,62.57,84.61,72.5,75.31,7.800000000000001,64.74,11.6,No,No,Master's,Medium,3,5.1,0
Female,23,CS,65.47,42.58,56.84,63.88,63.1,89.27,17.7,Yes,Yes,PhD,Medium,7,4.5,0
Female,22,Business,80.84,89.89,83.45,99.0,1.0,96.76,21.2,No,Yes,Master's,Medium,3,4.7,0
Female,20,Business,58.63,90.29,98.01,74.64,80.19999999999999,54.65,8.4,No,Yes,Master's,Medium,6,5.8,0
Female,22,Engineering,70.65,89.97,84.86,87.18,6.7,90.19,18.6,No,Yes,Master's,High,9,6.8,0
Male,19,Business,74.12,49.15,90.17,85.03,52.400000000000006,82.25,16.8,No,No,PhD,Medium,6,7.3,1
Male,24,Engineering,72.96,77.82,71.14,74.53,74.0,61.54,13.4,No,Yes,High School,Medium,4,6.8,1
Female,21,Engineering,98.7,40.86,54.82,61.94,24.2,87.79,20.6,No,No,PhD,Low,5,8.5,1
Female,24,CS,52.28,90.88,58.44,75.54,10.4,86.4,20.9,No,Yes,Bachelor's,Medium,8,5.8,0
Male,24,Business,97.55,83.38,99.13,84.05,17.6,57.1,29.3,Yes,Yes,Master's,Medium,8,7.6,0
Male,24,CS,79.1,71.87,74.66,73.0,85.5,75.11,15.7,No,Yes,Bachelor's,Low,7,5.3,0
Male,22,CS,89.79,83.84,50.6,54.1,70.6,87.91,18.3,Yes,Yes,Master's,Low,5,7.4,0
Male,21,Business,71.52,45.66,97.77,50.9,19.8,59.58,8.9,No,Yes,Master's,Medium,9,8.6,1
Female,23,Business,72.69,71.72,74.89,66.39,71.6,73.14,18.7,No,No,Bachelor's,Low,1,8.9,0
Female,19,Mathematics,93.97,57.48,91.81,57.51,70.9,56.04,5.9,Yes,Yes,Unknown,Low,4,7.6,1
Male,20,Engineering,94.8,98.36,77.42,95.31,99.8,65.34,8.7,Yes,No,Master's,Medium,10,8.7,0
Male,21,Mathematics,61.93,91.43,55.09,58.79,39.2,60.9,9.3,No,Yes,Unknown,High,7,7.4,1
Male,19,Engineering,59.96,84.0,80.78,69.71,86.5,75.25,20.8,Yes,No,PhD,Low,5,8.8,0
Male,21,Engineering,74.81,96.02,99.87,85.6,44.6,57.06,19.2,No,No,Master's,Medium,4,8.5,0
Female,22,Engineering,95.01,60.81,51.74,90.77,89.80000000000001,69.16,25.0,No,Yes,Master's,Low,5,4.5,0
Male,19,CS,66.12,94.05,92.09,73.89,9.2,63.76,16.6,No,Yes,PhD,High,1,6.4,0
Male,22,CS,82.6,59.51,61.77,59.06,17.5,87.3,16.9,Yes,Yes,Bachelor's,High,4,5.7,1
Male,18,Business,85.41,83.97,69.69,63.54,85.0,84.98,9.0,No,Yes,Bachelor's,Medium,1,4.1,0
Female,19,Engineering,88.93,84.19,68.64,70.95,81.89999999999999,54.75,23.6,No,No,Unknown,High,2,6.3,1
Female,21,Engineering,78.2,41.1,94.94,68.23,30.5,97.67,5.1,Yes,Yes,PhD,Medium,9,4.7,0
Female,18,Engineering,70.12,61.66,75.22,67.43,59.7,87.23,15.6,No,Yes,Master's,Medium,5,4.2,1
Male,22,CS,98.35,41.17,72.36,56.59,38.3,80.8,9.7,No,No,Unknown,Low,9,6.2,1
Male,22,Business,80.57,99.83,90.9,95.67,1.0,73.89,24.3,Yes,No,Bachelor's,Medium,9,5.2,0
Male,21,CS,86.43,47.33,52.45,51.49,2.6,58.9,21.8,Yes,No,Master's,Low,10,8.7,1
Female,18,Mathematics,67.25,72.57,54.32,72.0,5.4,98.1,22.7,No,No,Bachelor's,Low,5,8.1,0
Female,24,Mathematics,83.5,87.43,51.08,99.02,59.400000000000006,50.39,8.7,Yes,Yes,Unknown,Low,3,8.8,1
Male,23,Mathematics,62.89,52.08,84.4,82.99,27.9,84.62,21.7,No,No,Bachelor's,Low,4,8.4,1
Male,20,Business,62.25,69.1,76.28,67.77,14.4,75.37,22.3,Yes,No,Bachelor's,Medium,5,7.6,1
Female,21,Mathematics,85.74,76.45,93.8,57.3,94.1,95.13,5.1,Yes,No,PhD,High,6,7.0,0
Male,22,Business,76.07,49.61,74.93,98.19,12.1,69.03,12.9,No,No,Unknown,Medium,6,4.3,0
Male,19,CS,84.16,86.71,61.09,50.7,67.4,75.93,7.2,No,No,Master's,High,8,5.3,0
Male,18,CS,63.47,57.96,90.26,84.07,89.39999999999999,87.12,22.0,Yes,No,Bachelor's,Medium,8,7.6,0
Female,23,Business,79.94,52.66,64.72,94.01,16.4,52.38,10.3,No,Yes,Bachelor's,Low,8,6.0,1
Male,20,CS,72.2,73.5,96.78,51.26,21.5,52.72,11.6,No,No,High School,Low,3,5.6,1
Male,19,CS,79.85,64.62,62.52,86.26,57.400000000000006,60.58,7.0,Yes,Yes,Unknown,Medium,4,4.5,1
Male,18,Business,64.54,95.22,58.39,99.94,50.8,57.32,17.1,Yes,Yes,Unknown,High,4,4.4,1
Male,23,Mathematics,85.77,92.8,74.67,81.98,52.1,50.32,5.8,No,No,Master's,Medium,7,5.0,1
Female,21,Business,90.3,69.0,52.53,70.73,55.5,81.15,26.1,Yes,No,PhD,Medium,5,8.2,1
Female,23,Engineering,63.0,61.56,51.82,93.72,95.0,89.8,5.7,Yes,Yes,Master's,High,4,7.3,1
Female,21,CS,65.03,59.53,74.8,77.71,5.4,97.86,6.5,No,No,Unknown,Low,10,5.7,0
Male,24,Business,83.06,56.05,60.76,87.47,76.0,72.05,21.0,No,Yes,Bachelor's,Low,5,4.3,0
Female,18,CS,84.78,72.67,50.47,79.39,23.3,63.99,27.9,No,Yes,PhD,Low,1,4.9,1
Male,23,Mathematics,85.2,88.3,64.8,51.91,37.400000000000006,93.2,27.3,No,No,PhD,High,4,6.2,0
Female,20,CS,84.13,58.65,73.87,60.66,8.9,92.22,7.1,Yes,Yes,Unknown,Low,7,4.8,0
Male,23,Business,69.64,51.41,69.71,53.94,44.6,81.24,12.2,No,Yes,Unknown,Low,3,7.8,0
Female,18,Mathematics,69.74,68.53,56.77,55.33,80.39999999999999,63.66,18.0,Yes,No,Master's,Low,7,7.9,0
Female,19,Mathematics,62.74,44.14,78.98,50.77,9.9,95.43,5.7,No,No,High School,High,5,4.7,1
Female,19,Mathematics,57.84,82.08,85.52,71.06,27.6,58.92,18.2,Yes,No,Unknown,High,1,7.6,1
Male,23,Engineering,84.63,71.1,83.78,58.93,37.3,52.18,16.2,Yes,No,Unknown,Low,4,6.6,1
Male,23,Business,54.66,69.78,69.69,92.78,10.4,89.83,19.7,No,No,Master's,Medium,10,8.8,0
Male,21,Business,96.89,58.03,56.88,87.5,76.2,78.18,28.0,Yes,Yes,Unknown,Medium,3,7.9,0
Female,18,Mathematics,91.33,94.28,74.97,78.66,78.7,62.32,11.9,Yes,No,Master's,Low,4,6.9,0
Male,21,CS,92.88,45.43,94.52,74.45,83.6,83.54,21.0,No,No,Unknown,High,6,7.0,0
Male,20,Mathematics,95.33,92.19,73.44,62.79,58.4,88.34,15.7,No,No,Bachelor's,Low,10,4.9,0
Male,24,Engineering,70.43,62.6,59.78,73.75,50.7,92.23,15.9,No,Yes,Unknown,Low,4,8.5,0
Male,19,Mathematics,92.34,92.84,54.65,82.06,26.3,64.11,21.2,Yes,Yes,High School,Medium,7,6.8,1
Male,22,Business,57.9,83.73,97.2,89.11,65.5,51.28,28.8,Yes,No,PhD,Medium,8,6.9,1
Male,22,Mathematics,51.08,46.25,87.15,54.08,44.5,75.5,26.6,Yes,Yes,Master's,Low,3,6.9,0
Female,18,CS,89.24,89.89,65.65,85.42,97.1,92.8,21.0,Yes,Yes,High School,Low,3,5.4,0
Female,18,Business,53.74,80.93,64.77,87.14,96.8,60.39,16.5,Yes,Yes,Master's,High,2,8.1,0
Male,22,CS,99.43,41.94,94.76,77.95,90.5,71.06,15.6,Yes,Yes,High School,Medium,6,8.3,0
Female,18,Mathematics,83.74,48.02,58.88,60.72,36.0,62.82,24.7,No,Yes,Master's,Low,6,5.4,1
Female,19,Business,87.67,78.14,76.75,76.96,36.8,50.67,10.5,No,Yes,Master's,Medium,1,6.2,1
Male,20,Engineering,62.29,79.76,85.68,75.14,85.3,94.93,19.7,Yes,No,PhD,Medium,9,4.9,0
Male,20,Business,83.69,84.8,69.82,73.79,72.9,56.75,17.6,No,No,Unknown,Low,2,5.2,0
Female,21,CS,52.16,83.21,52.0,73.03,70.4,88.34,21.2,No,No,Master's,Medium,4,5.7,0
Male,19,Business,91.89,79.57,61.39,55.54,28.0,67.33,9.7,No,Yes,Master's,Low,9,8.5,1
Female,24,Engineering,58.48,85.97,95.09,59.14,83.3,63.88,22.4,Yes,No,PhD,Low,7,7.1,0
Female,18,Engineering,84.87,74.51,76.16,54.87,57.9,97.05,20.7,Yes,No,Master's,High,3,6.9,0
Female,18,Engineering,61.22,55.65,90.77,62.12,44.7,82.86,9.5,Yes,No,Master's,Medium,10,8.7,1
Male,24,Engineering,53.42,94.74,77.78,63.17,86.5,84.35,16.2,No,No,Bachelor's,High,2,8.0,0
Female,21,CS,74.07,41.09,97.18,62.25,39.4,87.98,22.0,No,No,Bachelor's,Medium,9,4.1,1
Male,21,Business,58.46,61.99,95.46,60.55,65.4,67.05,27.5,Yes,Yes,Bachelor's,High,2,4.6,0
Male,18,Mathematics,86.47,83.73,74.14,86.77,46.6,78.18,8.1,No,No,PhD,Low,4,5.2,0
Male,18,Engineering,61.88,65.63,65.91,90.93,59.3,63.51,5.2,Yes,No,Master's,Medium,2,5.5,1
Male,24,Mathematics,67.12,41.49,80.08,66.36,4.1,91.73,9.1,Yes,Yes,PhD,High,7,8.2,0
Male,19,Mathematics,78.37,43.96,83.74,65.26,46.1,79.97,29.7,No,Yes,PhD,Low,6,7.8,0
Female,24,Business,64.25,78.92,74.92,92.2,55.6,62.17,24.2,No,Yes,High School,Low,8,4.7,1
Male,21,Mathematics,68.9,97.89,91.11,81.2,49.3,94.99,20.4,No,No,Unknown,Medium,3,6.7,0
Male,24,Mathematics,90.78,73.11,59.17,64.67,84.7,79.04,8.3,Yes,No,High School,Medium,7,4.5,0
Male,24,CS,58.96,70.41,66.72,85.68,31.1,74.75,15.4,No,No,Unknown,High,8,4.9,1
Male,24,Mathematics,54.11,59.1,84.32,67.23,88.4,51.72,22.9,No,No,High School,Low,1,5.2,1
Male,19,Business,66.42,55.4,62.33,79.33,40.3,95.49,27.4,No,Yes,Master's,Low,8,8.5,0
Female,23,Mathematics,71.22,41.26,71.99,99.63,69.5,97.61,14.5,No,Yes,PhD,Medium,1,5.8,0
Male,18,Business,77.13,56.38,98.19,65.08,8.7,78.13,30.0,Yes,Yes,High School,Low,6,8.6,0
Male,22,Engineering,68.62,66.95,81.29,96.53,20.0,72.13,8.5,No,Yes,High School,High,2,7.8,0
Female,24,Mathematics,89.5,51.88,97.45,66.03,76.10000000000001,67.98,14.7,Yes,No,Master's,Low,9,7.7,0
Male,22,Mathematics,51.97,45.24,86.12,77.01,1.2,63.4,26.9,Yes,No,PhD,Low,10,8.0,1
Female,23,Mathematics,71.59,83.06,86.23,73.0,96.9,78.73,21.2,No,Yes,Unknown,Low,10,4.5,0
Female,18,Engineering,69.11,93.68,79.59,89.16,19.1,56.4,25.3,No,Yes,High School,High,10,8.1,0
Female,21,CS,82.38,96.21,57.11,53.05,90.1,95.96,27.7,Yes,Yes,Unknown,Medium,3,5.3,0
Female,22,Mathematics,98.31,77.08,75.99,81.36,51.6,58.8,17.7,Yes,Yes,Bachelor's,Medium,4,8.9,0
Male,21,Business,75.52,43.17,62.63,88.03,56.5,87.28,10.9,No,Yes,High School,Low,10,8.2,1
Male,22,CS,99.34,84.45,99.93,73.61,8.4,65.34,22.3,No,No,PhD,Low,5,9.0,0
Female,21,CS,65.11,46.61,63.35,55.26,36.5,61.3,19.1,Yes,Yes,Bachelor's,High,3,8.7,1
Female,24,CS,51.54,80.18,61.53,62.24,15.6,77.89,24.3,No,Yes,Bachelor's,High,7,5.8,1
Male,22,Mathematics,58.28,86.76,81.19,83.98,52.6,88.26,17.8,Yes,No,High School,High,2,8.7,0
Female,21,Engineering,69.76,83.55,75.55,94.77,55.1,86.34,25.3,No,No,High School,Low,7,5.7,0
Female,23,Engineering,65.82,97.11,51.07,71.08,71.0,61.69,27.6,No,Yes,Bachelor's,Medium,5,7.3,0
Female,19,Mathematics,54.85,84.29,56.48,78.02,87.8,66.53,23.7,Yes,No,High School,Medium,9,8.1,0
Male,21,Business,71.63,81.59,90.55,61.42,46.8,93.44,23.6,Yes,No,PhD,Low,2,5.9,0
Female,19,Business,66.91,55.7,74.18,70.61,23.3,86.16,19.7,Yes,No,PhD,Low,9,5.0,1
Male,19,Business,56.13,95.49,57.3,66.84,33.4,85.63,16.8,Yes,Yes,Bachelor's,High,9,8.5,1
Male,18,Mathematics,64.81,50.77,73.26,82.78,84.7,63.45,29.3,Yes,No,High School,Medium,8,4.5,0
Male,24,Engineering,94.32,94.29,62.66,99.23,14.6,89.6,21.1,Yes,Yes,Bachelor's,Medium,5,5.8,0
Female,23,Mathematics,65.1,58.76,61.18,90.67,62.7,67.92,26.0,No,No,PhD,Low,3,6.7,1
Female,19,Engineering,85.7,47.81,97.89,59.61,1.3,70.07,17.6,No,Yes,High School,Low,10,8.0,1
Male,20,CS,80.6,89.6,68.1,78.88,24.6,64.38,18.9,No,Yes,PhD,Low,1,8.3,1
Male,24,Mathematics,71.36,40.15,52.32,53.32,59.1,56.07,21.6,No,No,High School,High,10,6.6,1
Male,19,Engineering,61.95,89.93,98.52,62.35,45.6,71.02,23.2,Yes,No,Master's,Medium,3,6.9,0
Female,21,CS,68.45,55.74,89.74,58.61,49.400000000000006,50.85,16.2,Yes,No,PhD,Medium,6,8.3,1
Female,19,CS,79.61,93.08,62.72,66.78,66.10000000000001,72.8,13.9,Yes,Yes,Unknown,Low,4,6.3,0
Male,21,Mathematics,67.54,81.49,70.44,83.94,23.5,86.25,11.0,Yes,Yes,High School,High,6,6.8,0
Male,21,Engineering,60.74,79.97,93.11,74.97,28.1,98.04,15.6,No,No,Master's,Medium,4,4.1,0
Female,20,CS,55.82,61.92,67.87,96.65,68.4,53.93,10.3,No,No,Master's,Low,9,8.8,1
Male,19,Mathematics,93.99,43.56,78.37,60.64,53.8,64.06,15.4,No,No,Master's,Low,8,6.8,1
Female,19,CS,72.02,89.8,76.74,68.21,1.5,74.71,26.9,No,Yes,PhD,Low,10,7.6,0
Female,22,Business,81.26,50.25,70.06,66.49,67.0,58.52,29.4,Yes,Yes,Unknown,Medium,6,5.2,1
Male,24,Mathematics,74.52,62.34,81.98,61.8,62.0,55.84,19.4,No,No,Master's,High,10,7.3,1
Male,22,CS,93.63,76.02,73.66,99.66,7.9,72.62,8.7,Yes,Yes,Bachelor's,High,8,6.3,1
Female,18,Mathematics,77.35,68.94,51.06,69.36,74.80000000000001,79.04,15.7,No,No,High School,Low,7,4.6,0
Female,21,Mathematics,74.04,51.92,90.72,97.03,52.2,91.01,20.1,No,No,High School,High,5,8.2,0
Female,20,Engineering,96.23,48.44,55.66,69.52,20.5,99.89,14.3,Yes,Yes,Unknown,High,9,8.2,0
Female,22,Engineering,85.98,47.39,73.2,60.2,55.9,88.71,10.1,No,No,Unknown,Low,4,4.3,0
Female,19,CS,55.58,91.78,79.0,55.96,59.5,61.07,10.7,Yes,No,PhD,Medium,4,6.0,1
Male,18,Mathematics,58.89,41.89,85.28,92.78,92.0,87.4,16.8,No,No,Bachelor's,High,10,5.4,1
Female,20,Mathematics,89.36,98.62,70.54,51.6,74.2,76.86,10.4,Yes,No,High School,Medium,9,6.6,0
Female,23,Business,91.79,51.91,86.78,98.22,30.2,72.54,11.2,No,No,Master's,High,4,6.4,0
Female,19,Mathematics,77.26,46.62,56.57,70.91,11.8,96.79,26.8,Yes,Yes,Master's,Low,4,7.3,1
Male,19,Engineering,77.72,74.62,82.67,62.37,85.3,85.1,24.5,No,No,High School,Medium,8,5.2,0
Male,23,Mathematics,81.6,44.8,91.32,80.87,84.60000000000001,84.08,6.4,No,No,Bachelor's,Medium,6,5.1,0
Female,21,Engineering,71.96,76.15,94.47,56.65,17.5,50.59,13.0,Yes,Yes,Bachelor's,High,7,7.6,0
Female,21,Business,84.01,91.04,78.98,53.61,6.2,93.25,18.3,No,No,Master's,Medium,4,8.9,0
Male,22,CS,55.42,42.87,65.64,91.39,71.2,89.67,6.5,Yes,Yes,High School,High,1,8.7,1
Male,22,Engineering,98.06,87.99,58.17,71.23,72.30000000000001,64.95,22.1,No,No,Master's,Medium,4,8.0,1
Male,19,CS,87.51,63.67,67.28,75.91,17.7,64.61,14.6,Yes,Yes,PhD,High,4,4.3,1
Male,24,CS,81.56,49.57,77.0,58.83,66.8,52.67,14.9,Yes,Yes,High School,High,2,5.2,1
Female,19,CS,65.82,50.57,59.82,53.07,27.9,52.54,11.6,No,Yes,Bachelor's,Low,8,7.4,1
Male,22,CS,58.05,95.13,97.63,68.39,26.1,83.43,13.3,No,No,Master's,Low,5,5.5,0
Female,23,Engineering,70.47,46.64,94.86,75.31,32.5,59.31,26.5,No,Yes,Unknown,High,9,6.0,1
Female,22,Business,83.08,92.01,51.65,88.27,52.0,96.18,24.7,No,Yes,Unknown,High,5,8.8,0
Male,19,Mathematics,81.69,72.65,78.1,75.05,80.39999999999999,92.12,28.4,No,Yes,PhD,High,4,4.4,0
Male,20,Engineering,69.13,42.34,89.47,89.13,49.900000000000006,67.44,22.5,Yes,Yes,Unknown,Low,3,8.3,0
Male,19,Business,80.66,67.87,62.27,55.77,29.8,69.0,19.4,No,Yes,PhD,Low,10,4.3,1
Male,20,Mathematics,90.69,89.05,76.19,53.2,88.4,66.36,11.5,No,No,PhD,Medium,10,5.7,1
Female,20,CS,51.31,83.57,70.3,57.94,5.5,54.62,21.7,Yes,Yes,Bachelor's,High,1,6.8,1
Female,19,Mathematics,72.53,69.33,59.83,88.6,79.7,51.57,27.7,Yes,No,Bachelor's,Medium,7,5.8,1
Female,24,Mathematics,87.93,91.6,80.74,87.97,78.4,72.61,6.7,No,Yes,High School,Low,9,8.8,0
Male,24,Business,77.31,47.22,99.68,57.07,25.4,97.15,16.1,Yes,Yes,Master's,High,2,6.5,0
Female,18,Mathematics,82.57,94.6,68.26,51.55,19.8,95.86,8.7,Yes,No,Unknown,Medium,4,7.7,0
Male,22,CS,75.83,90.79,77.62,84.26,87.5,90.49,25.3,Yes,No,Master's,Medium,8,7.5,0
Female,24,Engineering,99.59,82.5,66.39,92.76,55.9,81.43,20.4,No,No,Master's,High,9,8.2,0
Male,21,Engineering,52.73,89.07,93.85,87.71,4.6000000000000005,92.81,27.0,No,No,PhD,Medium,9,8.3,0
Female,19,Business,74.55,72.63,93.23,60.14,89.1,75.75,6.6,No,No,Unknown,Medium,6,6.3,0
Female,20,CS,54.57,80.51,58.94,79.19,34.900000000000006,59.01,27.6,No,No,Bachelor's,Low,2,8.3,1
Male,19,CS,57.99,73.64,95.0,87.87,34.2,84.21,6.7,Yes,Yes,Master's,Low,1,7.3,0
Female,22,Mathematics,69.15,61.33,57.58,62.79,64.3,96.03,12.2,Yes,No,PhD,Medium,4,7.4,0
Female,23,Business,57.78,74.13,54.77,76.39,66.10000000000001,50.98,8.9,Yes,No,Bachelor's,Medium,6,4.9,1
Male,24,CS,98.18,55.45,82.65,65.72,35.3,62.57,8.6,Yes,No,PhD,High,2,5.2,1
Male,24,CS,97.34,66.42,69.3,61.28,14.3,63.27,9.3,No,Yes,Master's,Low,6,7.4,1
Male,24,CS,66.81,56.85,76.54,98.48,55.2,54.95,17.0,No,No,Master's,High,1,5.3,1
Male,20,Engineering,81.99,47.37,82.63,95.63,62.5,61.27,24.6,Yes,Yes,Master's,High,6,6.5,0
Male,21,Engineering,76.69,59.31,52.64,72.28,86.0,69.2,27.5,Yes,Yes,Unknown,Low,5,6.4,0
Female,21,Engineering,90.78,91.12,64.65,56.84,48.4,96.99,19.2,No,No,Unknown,Medium,2,5.2,0
Male,24,Mathematics,81.37,62.86,73.05,86.4,64.6,93.01,8.9,Yes,No,Master's,Medium,4,6.8,0
Female,21,Mathematics,50.01,84.88,63.33,62.79,5.4,97.3,7.0,Yes,No,Unknown,High,9,6.8,0
Female,23,Mathematics,88.16,50.51,52.45,58.43,89.5,56.03,17.4,Yes,Yes,PhD,High,2,4.6,1
Male,24,CS,87.34,65.47,54.33,69.08,32.7,51.4,24.1,Yes,No,PhD,Medium,5,5.9,1
Female,18,Engineering,75.49,46.89,90.09,76.49,63.2,55.49,20.5,Yes,No,High School,High,3,5.8,0
Female,20,CS,95.15,48.32,95.57,54.87,91.6,95.71,19.6,No,Yes,Bachelor's,Medium,2,6.8,0
Male,23,CS,95.42,77.05,57.61,78.59,81.1,57.87,6.2,No,Yes,PhD,Low,10,7.7,0
Female,20,Business,76.2,76.45,62.46,50.77,63.8,78.63,15.3,No,No,Bachelor's,Low,8,4.1,0
Male,24,CS,80.4,52.8,82.61,94.59,70.4,61.38,18.8,Yes,No,High School,Medium,10,4.7,1
Male,23,Mathematics,99.83,68.47,97.71,96.04,92.1,51.03,20.0,No,Yes,High School,High,9,5.5,0
Male,24,Engineering,64.94,91.8,64.98,86.65,81.19999999999999,54.23,5.1,Yes,Yes,Bachelor's,Low,6,8.1,0
Female,23,Engineering,66.23,50.45,92.76,73.33,61.0,85.49,10.0,Yes,No,Master's,Medium,5,6.4,1
Female,24,CS,59.14,41.15,75.3,62.74,65.9,59.12,28.7,No,Yes,Bachelor's,Medium,7,6.6,1
Female,18,Mathematics,94.79,79.12,97.83,87.21,14.7,61.46,17.7,Yes,Yes,PhD,High,3,6.0,0
Female,20,Mathematics,87.22,43.21,56.81,96.59,47.0,68.86,22.6,No,Yes,Bachelor's,High,6,6.1,1
Male,23,Mathematics,55.28,98.8,98.68,57.93,30.1,82.86,12.7,No,No,PhD,High,7,8.9,0
Female,18,Engineering,99.09,76.58,72.05,73.29,43.2,73.47,19.6,Yes,No,PhD,Low,1,8.5,1
Male,19,Mathematics,86.55,68.22,97.65,65.76,66.2,97.23,13.9,No,No,PhD,Low,4,7.6,0
Female,24,Mathematics,92.53,65.8,72.93,67.84,14.9,71.71,12.4,No,No,Master's,Low,7,5.6,1
Female,22,CS,52.41,74.38,76.5,70.29,1.7000000000000002,59.96,15.3,Yes,No,Master's,Medium,10,6.6,1
Female,23,Business,75.25,45.44,90.24,97.59,39.7,76.81,16.5,Yes,No,High School,Medium,6,7.4,0
Female,21,Mathematics,84.93,95.8,86.13,62.93,32.2,72.54,13.3,Yes,Yes,Unknown,Medium,10,6.0,0
Female,18,CS,77.15,77.54,80.98,74.63,42.0,89.36,11.4,No,No,Master's,Low,2,6.6,0
Male,18,CS,83.33,51.04,70.85,97.57,93.1,96.76,20.6,No,Yes,Master's,Medium,8,4.7,0
Female,23,Mathematics,90.89,73.75,89.62,73.8,70.7,91.81,14.5,No,Yes,High School,Medium,7,4.5,0
Female,18,Business,68.72,48.0,97.41,93.18,32.7,69.45,10.0,No,No,High School,Low,2,4.8,0
Female,19,Engineering,92.43,41.05,50.49,52.94,17.9,60.81,24.0,Yes,Yes,High School,Medium,9,7.8,1
Female,18,Business,58.15,77.83,79.39,97.65,61.8,95.72,23.1,Yes,Yes,Bachelor's,Low,6,4.9,0
Male,22,Mathematics,63.54,78.91,93.3,59.38,65.8,69.3,27.2,No,Yes,PhD,Medium,2,8.6,0
Female,22,Business,52.17,75.02,82.66,99.0,48.4,88.51,18.9,No,Yes,Master's,High,5,5.8,0
Male,24,CS,68.22,51.01,90.04,58.78,21.3,99.48,12.0,Yes,No,PhD,Low,1,4.8,1
Female,24,CS,69.0,76.21,94.75,72.22,2.9,78.87,26.6,No,Yes,Unknown,Medium,2,8.1,0
Male,21,Business,90.26,43.39,87.55,65.43,26.6,73.99,12.0,Yes,No,High School,Medium,9,6.3,1
Male,19,Engineering,82.66,76.55,85.85,71.66,45.7,84.99,21.4,Yes,Yes,Unknown,High,10,5.9,0
Male,22,Business,71.84,73.24,98.24,62.53,78.8,59.7,9.8,Yes,No,High School,High,1,5.6,0
Male,23,Mathematics,82.61,79.32,93.18,98.27,85.39999999999999,74.41,20.7,No,No,High School,Medium,4,5.7,0
Male,20,Engineering,52.64,93.73,90.77,65.29,41.3,65.62,26.0,Yes,No,Unknown,High,9,7.3,1
Female,20,Business,59.01,91.02,54.32,82.66,79.6,58.21,18.5,No,No,PhD,High,4,6.7,1
Male,20,Business,81.35,98.84,61.95,56.87,99.3,80.51,16.8,Yes,Yes,Unknown,High,10,6.3,0
Female,24,Engineering,82.07,98.57,77.84,91.22,71.7,78.79,29.8,No,Yes,Bachelor's,High,1,6.2,0
Male,23,Business,88.71,86.34,85.48,77.13,72.9,88.06,5.6,Yes,Yes,Master's,Medium,5,4.7,0
Male,18,Mathematics,70.15,97.39,65.16,98.97,91.0,93.65,13.3,No,Yes,Master's,High,6,8.1,0
Female,23,CS,86.13,92.04,54.67,71.17,33.8,61.02,28.0,No,Yes,PhD,High,1,8.6,1
Male,18,Mathematics,84.2,83.65,65.55,59.77,1.1,88.99,21.1,Yes,Yes,PhD,Low,8,8.0,0
Male,20,Business,98.17,44.52,88.55,67.3,98.7,68.37,18.6,Yes,No,PhD,High,1,6.3,0
Male,21,CS,60.76,42.94,93.87,86.85,49.0,81.44,20.9,Yes,No,Unknown,Medium,6,8.9,0
Male,21,Engineering,77.58,90.26,95.65,82.96,78.60000000000001,92.51,13.0,Yes,Yes,Unknown,Low,9,7.1,0
Female,18,Mathematics,80.09,69.38,68.94,88.92,81.19999999999999,62.81,6.8,Yes,Yes,Unknown,High,3,7.9,0
Male,20,Engineering,99.93,88.88,68.63,53.67,39.8,80.05,11.9,No,Yes,High School,Low,5,7.7,1
Male,23,CS,60.06,58.78,70.34,79.02,54.1,74.02,13.4,No,No,Unknown,Low,1,7.5,1
Female,21,Business,76.16,63.86,68.79,96.61,54.0,89.53,17.0,No,Yes,Master's,Medium,1,7.2,0
Female,18,CS,67.31,82.01,83.31,55.4,22.0,84.86,14.8,No,Yes,Master's,Medium,2,5.1,0
Male,23,CS,76.29,94.92,67.92,54.72,11.8,88.48,18.0,Yes,Yes,High School,High,6,5.5,1
Male,20,Engineering,61.61,45.27,51.02,85.83,54.400000000000006,64.4,9.9,Yes,Yes,Unknown,Low,7,8.4,1
Female,19,Mathematics,52.38,91.69,71.95,65.76,12.0,85.22,9.6,Yes,Yes,Unknown,Low,5,4.9,0
Male,20,CS,78.63,87.58,61.21,82.93,34.6,80.29,13.8,Yes,Yes,Bachelor's,Low,1,4.8,1
Female,24,Business,66.79,58.93,51.44,77.27,18.6,72.83,16.8,Yes,Yes,Bachelor's,Medium,1,5.4,1
Male,20,CS,59.1,61.31,73.54,99.3,70.7,68.92,13.5,No,No,Master's,Medium,1,5.8,0
Female,23,Engineering,66.2,42.79,60.3,94.45,87.2,66.58,19.4,Yes,Yes,PhD,Medium,3,6.8,1
Female,23,Mathematics,52.46,40.94,72.64,83.9,57.8,50.48,12.8,No,No,Master's,Medium,4,7.0,1
Female,22,Business,97.52,68.62,63.89,63.08,41.0,58.48,9.4,No,Yes,High School,High,8,8.0,1
Male,22,Engineering,79.06,45.73,80.19,63.1,99.7,52.95,26.6,Yes,Yes,Unknown,High,9,4.4,1
Male,23,CS,90.74,51.64,99.54,94.11,2.1,92.42,10.0,Yes,No,Bachelor's,Low,5,5.0,0
Male,23,CS,71.16,90.81,77.36,79.27,30.4,93.0,29.2,No,No,Master's,High,4,6.5,0
Male,19,Mathematics,95.17,74.26,82.34,89.46,27.9,92.31,29.7,No,Yes,High School,Low,10,5.3,0
Female,19,Engineering,74.17,78.02,95.96,72.49,35.6,90.9,22.4,No,No,PhD,Low,9,8.4,0
Female,20,Engineering,78.7,51.25,68.7,55.15,23.1,61.07,17.6,Yes,No,Master's,Medium,6,7.2,1
Female,24,Mathematics,74.59,89.72,58.33,66.63,26.4,74.59,24.9,Yes,Yes,Unknown,Medium,3,6.5,0
Male,21,Business,86.66,92.08,64.14,58.06,25.8,95.39,26.8,Yes,No,Unknown,High,7,4.0,0
Male,24,Engineering,78.33,71.4,70.14,89.09,50.6,87.99,22.7,No,No,Bachelor's,High,9,8.3,1
Male,19,Mathematics,63.58,94.75,82.25,85.03,39.1,50.09,7.6,No,Yes,High School,High,10,6.3,1
Female,20,Engineering,57.28,90.69,50.23,54.42,63.9,72.97,5.1,No,Yes,PhD,Low,2,6.7,1
Male,24,Mathematics,80.31,83.88,92.67,81.07,51.4,50.53,9.8,Yes,Yes,PhD,Low,9,7.5,1
Male,18,CS,74.46,84.04,53.8,93.71,18.3,64.03,9.7,No,No,High School,Medium,2,8.7,1
Female,22,CS,54.8,46.32,95.03,84.87,81.0,71.79,9.6,Yes,Yes,Bachelor's,High,5,4.8,0
Female,24,Engineering,69.78,56.25,97.47,75.56,47.2,94.64,17.7,Yes,Yes,Unknown,Medium,1,4.4,0
Male,21,Engineering,75.74,44.01,99.51,65.59,15.3,82.72,18.0,Yes,No,PhD,High,2,4.6,0
Female,20,CS,91.34,40.52,90.48,94.35,16.7,68.12,23.1,Yes,Yes,High School,High,7,7.7,0
Male,24,Business,53.81,49.5,57.09,71.14,79.7,74.53,10.0,Yes,No,Bachelor's,Medium,4,4.6,1
Female,23,Mathematics,67.42,92.83,85.31,92.77,70.3,90.87,7.3,No,No,Unknown,Low,7,6.5,0
Female,18,Business,91.13,54.39,60.17,89.15,50.7,64.98,21.7,Yes,No,High School,High,4,7.5,1
Female,22,Business,82.42,98.21,94.86,90.81,30.6,80.75,17.1,Yes,No,Bachelor's,Medium,1,7.6,0
Male,18,Business,64.5,75.84,65.83,99.49,46.1,63.11,21.7,No,No,Master's,High,6,6.0,0
Male,20,CS,92.27,54.24,66.34,87.44,63.6,74.0,14.5,No,No,High School,Low,9,7.5,0
Male,19,Engineering,74.66,69.83,95.88,51.7,87.89999999999999,51.23,23.8,No,No,PhD,Medium,6,8.8,0
Female,22,Business,74.92,53.15,50.66,60.27,55.6,92.61,22.1,Yes,Yes,High School,Low,7,4.1,1
Female,18,CS,98.83,99.04,59.7,51.76,27.7,52.42,21.3,Yes,No,Unknown,High,7,7.4,1
Female,19,Mathematics,97.36,90.84,71.1,59.5,4.3,61.22,5.7,Yes,Yes,High School,Low,1,6.6,0
Female,21,Engineering,67.93,41.57,85.04,53.07,17.5,66.68,26.5,No,No,Unknown,High,2,5.1,1
Male,20,Mathematics,57.03,96.87,82.38,75.08,65.0,81.26,14.4,Yes,Yes,Bachelor's,High,1,5.5,0
Male,20,Business,66.28,83.26,83.47,51.41,16.0,86.0,8.4,No,No,Master's,High,1,8.2,0
Male,22,Engineering,51.52,44.94,94.0,73.63,48.2,54.02,23.9,No,Yes,Unknown,Medium,8,6.9,1
Female,18,Business,51.04,80.24,56.05,94.94,69.9,52.17,17.2,Yes,Yes,Bachelor's,Low,4,4.1,1
Female,21,Engineering,69.78,78.82,76.11,87.43,30.8,89.95,5.8,No,No,Bachelor's,Low,10,8.8,0
Male,23,Business,97.05,53.13,86.27,97.2,66.9,85.61,24.5,No,Yes,Master's,Medium,8,7.3,0
Female,22,Mathematics,93.57,85.51,81.81,61.33,58.1,91.58,15.9,Yes,No,PhD,Medium,5,6.2,0
Male,23,Mathematics,75.57,45.22,72.42,76.55,43.9,83.83,23.9,Yes,No,PhD,Low,1,7.6,1
Female,22,Business,78.26,69.37,50.86,65.93,89.7,87.55,23.9,Yes,No,High School,High,9,5.0,0
Female,18,Engineering,50.3,40.6,53.02,74.69,69.2,68.95,7.5,Yes,Yes,PhD,Low,3,5.3,1
Male,21,Mathematics,60.78,98.12,55.95,77.85,36.1,79.51,20.3,Yes,Yes,High School,High,7,4.8,0
Male,18,Engineering,51.24,85.09,67.16,51.81,80.39999999999999,90.27,14.0,Yes,No,Unknown,High,7,6.0,0
Female,20,Engineering,87.73,49.53,55.88,61.66,73.8,58.61,18.7,Yes,Yes,Unknown,Low,10,8.5,1
Male,23,Mathematics,57.28,60.5,71.3,85.24,79.2,71.14,7.2,No,No,High School,Medium,10,5.9,1
Male,19,CS,93.45,49.63,58.93,88.65,64.1,87.02,19.7,No,Yes,Master's,Medium,4,5.4,0
Female,24,CS,82.17,86.0,88.96,78.47,37.9,76.63,24.4,No,No,Master's,High,8,7.5,0
Female,20,Engineering,61.47,43.53,93.57,63.54,34.900000000000006,84.08,29.7,Yes,No,PhD,Low,8,8.3,0
Female,20,Mathematics,57.89,90.42,69.48,70.25,65.4,64.64,13.0,Yes,No,Unknown,Low,2,5.2,0
Male,23,CS,81.38,96.53,75.57,54.8,13.1,51.62,8.9,No,Yes,Unknown,Medium,8,8.0,0
Female,22,Business,95.04,80.6,97.67,97.66,82.0,51.46,14.1,Yes,Yes,Master's,Low,5,5.5,0
Female,20,Engineering,85.92,52.78,76.78,93.43,37.0,97.14,5.5,No,Yes,Bachelor's,Medium,2,5.2,0
Female,24,CS,67.43,61.61,99.75,53.28,63.0,97.23,15.2,Yes,No,Master's,High,6,6.4,0
Female,21,Mathematics,79.37,68.63,57.11,58.32,49.900000000000006,60.56,27.9,Yes,Yes,Master's,Low,8,4.3,1
Female,20,Mathematics,65.54,76.28,93.11,79.05,51.900000000000006,57.37,9.9,Yes,Yes,Bachelor's,Low,4,8.3,1
Male,21,Engineering,99.96,80.12,74.86,61.62,73.8,50.91,16.9,Yes,Yes,PhD,Medium,10,8.4,0
Female,18,Mathematics,87.44,73.25,51.14,96.72,62.7,61.56,19.3,Yes,Yes,High School,High,9,7.4,0
Female,22,Business,80.72,61.08,98.61,87.78,25.0,66.72,9.5,No,Yes,PhD,High,8,5.5,0
Male,21,Business,71.16,93.46,98.25,63.66,7.4,62.06,13.3,No,No,Bachelor's,Medium,7,4.8,1
Female,20,CS,80.91,44.88,69.16,50.31,84.0,89.87,27.8,No,Yes,Bachelor's,High,7,7.5,0
Female,22,Mathematics,67.08,67.98,97.71,89.97,88.5,87.47,12.4,No,Yes,PhD,Low,8,4.5,0
Male,24,Business,51.44,86.53,57.05,71.2,16.4,54.05,20.9,No,No,High School,Low,7,6.1,1
Female,22,Engineering,69.75,43.65,84.01,82.12,30.9,84.87,8.4,No,No,PhD,Medium,1,4.4,0
Male,21,Mathematics,96.52,82.32,59.6,64.35,28.2,76.03,21.7,Yes,No,Unknown,High,5,6.1,1
Female,21,CS,81.32,89.18,62.33,57.14,93.7,56.61,12.0,Yes,Yes,Unknown,High,2,4.7,1
Male,19,Engineering,54.2,79.65,88.97,83.77,20.5,86.98,10.8,Yes,No,Unknown,Low,5,4.2,0
Male,19,Engineering,94.25,40.78,68.87,72.52,16.7,54.3,8.1,Yes,Yes,High School,Medium,5,6.2,1
Female,22,Engineering,63.44,50.81,50.36,61.76,18.2,58.86,6.2,No,No,High School,Medium,6,6.8,1
Male,23,Business,62.19,60.53,70.71,56.88,73.0,57.46,29.2,Yes,Yes,Bachelor's,Low,6,6.2,1
Male,23,Engineering,64.85,54.02,61.4,79.02,88.80000000000001,96.95,15.3,Yes,No,Master's,Low,6,4.9,0
Female,19,Business,78.86,97.76,84.17,86.28,39.3,84.91,24.4,Yes,Yes,High School,High,7,4.4,0
Female,20,Engineering,77.23,79.1,59.72,64.19,13.6,70.56,28.0,No,No,Master's,Medium,2,4.6,1
Male,18,Business,74.57,57.82,92.11,86.76,58.6,91.11,10.1,No,No,Unknown,Low,4,7.6,0
Female,22,Mathematics,85.88,95.78,63.35,59.16,21.0,60.8,26.7,Yes,Yes,Unknown,Medium,5,4.1,1
Male,18,Business,65.83,84.44,69.65,66.92,6.4,96.55,22.7,No,Yes,Master's,Medium,10,8.3,1
Male,19,Business,89.1,57.08,64.9,87.24,88.6,84.85,19.4,No,Yes,PhD,High,7,8.2,0
Female,21,Mathematics,58.77,62.73,82.2,83.01,87.10000000000001,77.98,25.2,No,No,Bachelor's,Low,2,8.4,1
Female,24,Engineering,89.13,51.97,55.06,63.53,97.6,89.73,7.8,Yes,Yes,Bachelor's,High,8,8.4,1
Male,22,Mathematics,83.19,98.26,73.9,56.11,47.400000000000006,82.24,11.6,No,No,PhD,Low,2,7.3,0
Female,19,Engineering,84.16,71.04,66.72,52.12,29.4,94.36,8.3,Yes,Yes,Master's,Low,5,8.2,1
Female,20,Business,74.08,93.76,94.21,91.9,77.0,91.46,27.4,No,Yes,Master's,Medium,9,7.7,0
Male,24,Engineering,83.35,60.79,53.67,53.76,18.0,59.89,7.5,No,No,High School,Low,2,5.5,1
Male,22,Business,53.99,91.65,91.48,55.74,24.3,61.98,29.5,No,Yes,Unknown,Medium,2,7.8,1
Male,22,Engineering,92.58,43.23,58.38,61.89,25.6,53.25,7.7,Yes,No,Unknown,Low,2,7.1,1
Male,23,Business,52.78,98.93,54.43,72.28,95.2,61.01,21.5,No,Yes,Master's,Low,7,4.1,1
Male,21,Business,57.44,94.72,60.12,89.49,73.0,67.17,21.5,Yes,Yes,High School,Medium,5,7.9,0
Male,22,CS,78.84,61.79,55.13,62.37,13.4,51.44,28.3,Yes,Yes,High School,High,9,8.4,1
Female,21,Engineering,86.97,86.48,76.05,77.18,9.3,65.75,13.1,No,No,Bachelor's,Medium,4,6.6,1
Male,19,Engineering,53.81,85.14,99.41,54.52,84.3,88.58,13.3,Yes,Yes,Bachelor's,Low,1,6.4,0
Female,20,CS,96.04,94.08,51.72,73.23,80.19999999999999,92.02,26.2,Yes,Yes,Master's,High,8,6.1,0
Female,24,Business,98.68,58.44,73.06,58.88,67.1,50.44,29.5,Yes,No,Bachelor's,Low,6,7.6,1
Male,24,Business,80.3,67.93,69.3,60.56,19.6,50.36,5.8,Yes,Yes,High School,High,9,5.1,1
Female,20,CS,74.06,91.9,66.98,68.34,48.0,57.32,20.9,No,Yes,PhD,High,3,7.9,0
Male,22,CS,87.07,86.71,66.59,88.07,60.3,93.63,11.1,Yes,No,Unknown,Low,10,5.5,0
Female,22,Mathematics,66.42,63.61,94.75,87.2,93.2,73.46,23.2,No,No,Master's,Low,7,5.3,0
Male,19,Business,74.66,90.74,50.95,70.75,16.9,99.15,24.3,Yes,Yes,Bachelor's,High,1,8.0,0
Male,23,Mathematics,95.81,42.82,88.75,55.93,51.5,94.37,24.1,Yes,No,Bachelor's,High,2,4.9,0
Male,23,Engineering,97.78,86.92,62.65,64.03,15.8,94.51,15.9,No,No,High School,Low,5,8.3,0
Male,23,Mathematics,96.35,52.41,69.16,75.27,44.400000000000006,56.42,8.9,Yes,No,Bachelor's,Low,10,8.9,1
Female,21,CS,63.12,57.17,71.01,93.47,20.0,73.76,19.6,No,Yes,Unknown,Medium,2,5.6,1
Female,23,CS,61.62,69.59,65.24,98.41,83.6,99.68,24.7,Yes,Yes,Master's,Low,8,8.6,0
Female,20,CS,64.88,66.98,54.68,81.87,25.5,57.45,27.8,No,No,Bachelor's,Medium,5,6.8,1
Female,24,CS,72.07,71.23,55.72,67.53,41.7,78.71,16.3,No,Yes,PhD,Low,9,5.3,0
Female,24,Mathematics,65.71,72.69,64.91,84.67,40.8,67.21,11.1,Yes,No,PhD,Medium,3,6.3,0
Male,21,Mathematics,68.71,59.89,91.09,66.81,86.6,69.39,8.0,Yes,No,Master's,Low,6,8.0,0
Male,19,Mathematics,81.03,50.51,56.73,81.27,75.8,94.54,24.9,No,No,PhD,High,4,7.3,1
Male,20,CS,88.13,86.11,87.13,62.19,5.8,79.4,18.4,Yes,Yes,PhD,Medium,7,6.5,0
Male,24,CS,86.78,64.0,64.44,63.35,6.7,87.94,21.9,No,No,Bachelor's,Low,7,5.3,0
Male,20,Business,90.72,70.35,94.17,53.76,55.1,83.66,9.0,Yes,No,PhD,Medium,5,7.6,0
Female,24,Business,51.61,78.68,71.42,71.01,42.8,76.45,5.2,Yes,No,Bachelor's,Medium,10,5.6,0
Male,18,CS,52.39,94.58,58.59,80.91,27.6,89.59,29.2,Yes,No,Unknown,Medium,5,5.7,0
Male,19,Business,89.47,82.45,99.29,89.44,79.3,98.54,25.3,No,No,High School,Medium,4,7.7,0
Female,19,Engineering,76.65,42.73,58.83,90.52,12.9,98.34,15.0,No,No,Bachelor's,Low,9,6.8,0
Female,18,Engineering,78.91,90.31,78.38,99.62,97.4,89.47,16.4,Yes,No,High School,Medium,7,4.9,0
Male,21,CS,52.63,99.36,78.46,54.39,2.4,74.37,28.2,Yes,Yes,Bachelor's,Low,6,7.4,0
Male,24,Mathematics,62.77,68.35,68.64,74.66,11.8,58.16,10.2,Yes,Yes,Bachelor's,Medium,3,5.3,1
Female,24,Engineering,81.92,98.18,97.57,76.07,31.1,52.22,25.1,No,No,Master's,High,5,7.8,0
Male,24,Engineering,92.96,72.84,92.19,90.23,50.9,61.57,5.4,No,No,Bachelor's,Low,4,6.4,0
Male,23,Mathematics,95.85,67.58,91.49,63.32,21.6,67.01,26.9,No,No,PhD,Low,5,7.0,0
Male,23,Business,75.02,59.88,98.71,53.47,73.60000000000001,56.49,19.7,No,No,PhD,Low,2,7.0,0
Female,23,Mathematics,77.27,79.45,72.86,65.69,35.8,61.24,16.9,No,Yes,Bachelor's,Low,5,4.7,1
Male,23,Business,91.65,53.79,54.86,99.2,3.9,54.18,22.7,No,No,Unknown,Medium,7,7.3,1
Male,23,Business,76.88,46.3,88.27,94.97,87.8,76.18,6.7,Yes,Yes,PhD,High,10,8.3,0
Female,18,Mathematics,75.84,41.63,69.04,69.76,94.4,56.32,9.9,No,Yes,High School,High,10,8.5,1
Female,19,Business,95.25,57.54,59.52,93.81,61.900000000000006,87.14,15.2,No,No,Unknown,High,3,7.4,1
Female,21,Engineering,89.5,63.75,74.16,51.64,80.7,66.63,20.4,No,No,High School,High,4,8.8,1
Male,20,CS,95.45,73.12,96.29,65.71,12.1,83.6,8.6,Yes,No,Bachelor's,Low,1,7.0,0
Female,23,Business,60.91,57.56,58.57,86.34,26.9,94.13,14.5,Yes,Yes,Bachelor's,High,9,5.3,0
Male,18,Engineering,76.22,99.04,92.43,61.07,32.5,54.3,11.5,Yes,Yes,Bachelor's,High,3,7.3,0
Female,24,Mathematics,92.12,57.5,70.91,59.92,96.1,99.45,21.1,Yes,Yes,PhD,High,10,8.5,0
Male,21,Business,55.56,66.46,56.84,93.09,51.2,82.26,28.0,Yes,Yes,Unknown,Low,6,5.8,0
Female,21,Engineering,89.73,46.2,92.42,80.8,0.7000000000000001,52.67,9.1,Yes,No,High School,Low,1,5.3,1
Male,21,Business,59.15,55.64,98.48,99.45,38.0,65.7,9.7,Yes,No,Master's,Medium,5,8.8,1
Male,18,Mathematics,90.41,42.9,64.56,56.73,0.8,94.31,20.0,Yes,No,Unknown,Medium,10,7.8,1
Female,20,CS,80.6,73.57,65.18,67.81,23.8,79.81,16.3,No,No,High School,High,5,4.2,0
Female,23,Business,59.66,85.06,69.53,65.56,45.5,64.36,23.0,Yes,Yes,Master's,Low,5,6.8,1
Male,21,CS,73.67,51.74,90.71,94.01,32.3,97.02,12.2,No,No,Unknown,Low,1,5.2,0
Female,18,Business,84.1,62.07,50.52,62.76,3.3000000000000003,89.36,18.6,Yes,Yes,Unknown,Medium,7,5.4,0
Male,24,Business,81.69,41.0,61.2,67.67,11.6,86.78,14.7,No,No,Bachelor's,High,5,4.4,1
Female,19,Mathematics,71.36,90.37,85.29,57.14,55.1,94.42,12.0,No,No,Unknown,Low,1,5.2,0
Female,24,Business,94.97,86.8,70.28,88.77,69.6,88.49,23.2,No,Yes,High School,Medium,8,6.5,0
Male,18,Engineering,75.96,43.8,66.51,61.89,40.5,64.34,24.9,No,Yes,Bachelor's,Medium,6,4.4,1
Female,18,Engineering,75.29,61.89,93.61,53.42,73.1,79.19,13.2,Yes,Yes,Unknown,High,7,8.4,0
Female,18,CS,53.11,97.32,95.87,71.76,16.299999999999997,92.11,20.6,Yes,No,Bachelor's,High,4,7.9,0
Male,21,CS,96.11,63.52,97.4,69.57,12.2,59.04,9.5,No,Yes,Master's,Low,1,5.9,1
Male,18,Engineering,58.86,71.57,63.63,58.88,83.9,58.15,24.8,No,No,High School,Low,8,4.7,0
Female,19,CS,76.42,61.31,95.63,56.68,33.9,57.95,12.0,Yes,No,Master's,Medium,1,9.0,0
Male,21,CS,90.18,75.77,86.85,94.83,43.2,59.71,9.3,No,No,High School,Low,9,6.8,1
Female,24,Engineering,60.77,98.69,57.71,53.39,94.8,55.16,28.5,No,No,PhD,High,6,6.1,1
Female,19,Engineering,76.37,99.85,80.51,54.97,42.400000000000006,91.88,15.6,Yes,Yes,Master's,Low,5,5.0,0
Male,22,Engineering,62.03,86.48,51.32,62.25,0.3,90.92,21.1,Yes,Yes,PhD,Low,2,5.0,1
Male,24,Mathematics,87.98,64.26,85.42,97.64,93.8,57.57,25.2,Yes,Yes,Bachelor's,Low,8,8.0,0
Male,18,Mathematics,78.22,69.67,86.68,54.27,1.4,85.28,22.2,No,No,Master's,High,9,6.6,0
Male,23,Engineering,92.8,61.4,89.47,90.8,66.2,81.35,19.1,No,No,Unknown,Low,3,8.9,0
Male,23,Business,94.73,99.13,58.63,94.6,32.3,63.81,14.3,No,Yes,High School,Low,10,8.8,0
Male,21,Engineering,82.44,82.47,81.41,68.89,47.0,61.37,28.0,Yes,No,Unknown,High,8,5.0,0
Female,23,Mathematics,86.27,66.94,58.94,64.69,54.7,62.53,8.3,Yes,No,Unknown,High,10,9.0,1
Female,24,CS,77.46,40.73,97.33,83.87,40.8,86.53,27.1,No,Yes,Bachelor's,Low,5,8.9,1
Male,21,Business,69.22,71.23,83.75,85.13,77.4,65.97,22.7,Yes,No,Bachelor's,Low,10,8.0,0
Female,24,Business,82.41,99.04,54.77,89.0,93.1,63.9,19.3,Yes,Yes,Unknown,High,4,6.0,0
Female,18,CS,95.41,71.38,59.35,91.53,8.6,51.12,13.1,Yes,No,Unknown,Medium,10,5.1,1
Female,20,Business,70.83,50.95,83.17,63.42,80.0,95.41,8.7,No,Yes,Unknown,Medium,9,4.5,0
Female,20,CS,65.72,41.33,73.83,84.35,12.9,87.64,16.1,No,Yes,High School,High,7,4.3,1
Male,19,Mathematics,69.42,61.28,86.81,56.75,8.0,73.64,24.6,Yes,Yes,Bachelor's,Medium,4,8.1,1
Female,18,Business,71.77,95.09,64.04,75.54,95.6,97.15,23.6,No,No,Master's,Medium,5,8.7,0
Female,23,Business,53.68,99.79,82.9,80.64,48.9,64.68,21.1,Yes,Yes,Bachelor's,High,5,7.9,0
Male,18,CS,74.92,96.72,58.85,58.09,15.3,83.74,29.8,Yes,No,Unknown,Medium,2,7.8,1
Male,22,CS,74.72,83.77,77.19,53.83,57.0,65.26,29.3,No,No,Master's,High,5,6.1,0
Male,20,Mathematics,79.42,73.49,97.89,59.74,26.3,65.73,15.0,Yes,Yes,Master's,Medium,3,7.2,1
Male,23,CS,68.14,75.44,81.41,71.03,46.4,92.24,9.8,No,Yes,Master's,Low,5,7.4,0
Female,24,CS,80.66,72.34,52.5,94.39,62.5,89.35,16.6,No,No,Bachelor's,Low,1,5.3,0
Male,24,Mathematics,93.91,82.42,99.44,76.6,86.89999999999999,64.71,26.1,No,Yes,Unknown,High,8,7.7,0
Female,20,Engineering,97.77,65.13,57.84,87.42,0.3,54.07,16.5,No,Yes,Unknown,High,9,4.7,1
Female,18,Engineering,79.18,80.15,85.9,58.71,21.4,67.88,13.4,No,Yes,PhD,Medium,9,5.5,0
Male,23,CS,52.13,47.3,76.63,55.3,9.6,88.0,23.5,No,No,High School,High,8,6.9,0
Male,19,Mathematics,98.46,55.94,64.72,61.98,9.7,55.03,21.3,Yes,No,Bachelor's,Medium,2,6.7,1
Male,24,Engineering,85.29,90.16,58.87,65.69,94.6,83.61,29.2,No,Yes,PhD,High,2,7.5,0
Male,18,Mathematics,66.8,94.22,58.89,77.41,93.6,94.49,18.7,No,No,PhD,High,10,6.9,0
Male,19,CS,57.36,72.34,92.92,94.06,74.9,58.96,29.2,No,Yes,PhD,High,5,4.2,1
Male,23,CS,57.17,41.9,93.65,71.3,64.3,93.11,12.3,Yes,Yes,Bachelor's,Low,6,8.9,0
Female,20,Mathematics,58.39,95.62,73.26,75.94,84.80000000000001,52.57,26.6,Yes,Yes,High School,Low,5,7.8,1
Female,22,Business,52.28,82.12,55.18,50.23,5.8,83.34,13.8,Yes,Yes,Master's,Medium,1,8.4,0
Female,21,CS,95.11,64.84,94.21,51.67,11.9,89.55,25.2,Yes,No,High School,High,1,8.0,1
Female,20,CS,77.04,75.9,74.35,54.19,31.7,72.24,28.1,Yes,Yes,High School,High,8,5.1,0
Male,19,CS,85.0,65.79,71.94,84.95,83.2,60.19,20.6,Yes,No,Unknown,Low,5,8.7,0
Male,18,CS,91.41,67.92,70.37,74.31,47.2,96.24,23.2,Yes,Yes,PhD,Low,8,8.9,0
Female,24,Mathematics,89.58,93.21,68.25,59.65,50.4,51.0,29.0,No,No,PhD,Low,3,4.4,1
Female,23,Mathematics,94.13,49.67,76.3,79.63,22.9,77.75,14.4,Yes,Yes,Master's,Medium,5,4.8,0
Female,20,Mathematics,98.36,46.22,80.23,77.23,64.80000000000001,68.64,17.8,Yes,No,Unknown,High,2,9.0,0
Male,24,Mathematics,71.95,40.16,73.32,54.44,88.80000000000001,73.05,27.5,No,No,Master's,Medium,8,5.5,1
Male,24,Business,97.52,58.84,94.83,82.02,33.0,76.83,21.8,No,Yes,Bachelor's,Low,1,8.1,0
Male,22,Mathematics,86.16,48.84,65.88,88.36,61.900000000000006,76.74,26.8,No,Yes,Unknown,Low,5,4.4,1
Female,23,Mathematics,53.53,53.2,78.92,64.33,33.2,60.18,20.5,Yes,No,PhD,Medium,7,7.7,1
Female,19,CS,84.09,40.67,65.0,84.37,79.3,83.99,23.5,No,Yes,Master's,Low,10,7.5,0
Male,23,Business,84.34,53.63,87.67,59.99,47.5,50.96,5.3,Yes,No,Unknown,High,5,8.7,1
Male,23,CS,95.29,59.96,55.11,87.84,33.9,51.06,13.5,No,Yes,Unknown,High,3,7.6,1
Female,18,Business,68.65,41.89,59.43,95.59,42.0,73.92,24.3,No,Yes,High School,High,4,4.2,1
Female,21,Engineering,79.25,76.47,90.06,72.09,9.1,77.1,15.1,Yes,Yes,Unknown,Low,9,6.3,0
Male,24,Business,50.61,74.13,59.16,62.23,86.6,63.74,14.1,No,Yes,Unknown,Low,5,5.7,1
Female,19,Business,66.6,45.82,81.29,69.96,95.8,77.58,28.8,No,Yes,PhD,Medium,3,6.9,0
Male,18,CS,53.11,75.7,98.51,62.5,47.7,75.81,18.8,Yes,Yes,Bachelor's,Low,7,6.1,1
Male,24,Business,76.09,99.92,76.14,50.06,22.1,67.46,9.8,No,No,Master's,Low,6,5.4,1
Female,21,Business,90.87,96.67,59.37,82.52,66.5,82.59,16.8,No,No,Bachelor's,High,3,7.3,0
Female,18,CS,60.32,40.16,66.03,52.13,45.2,97.9,18.0,No,No,Unknown,Low,10,5.6,1
Female,21,Engineering,76.37,87.72,91.17,60.52,25.2,74.54,29.7,No,No,PhD,Low,3,8.3,0
Male,21,Engineering,60.2,61.22,67.58,86.12,3.8,89.3,23.0,Yes,No,PhD,High,4,5.6,0
Female,21,Engineering,56.03,43.82,86.18,83.29,89.0,62.38,18.0,No,Yes,PhD,Medium,10,6.6,1
Female,18,Business,75.55,57.76,88.87,53.67,79.7,88.1,15.8,Yes,Yes,PhD,High,3,8.1,0
Male,23,CS,53.96,59.3,75.06,83.0,82.89999999999999,82.45,27.9,Yes,No,High School,Low,6,8.1,1
Male,21,Engineering,79.37,71.39,89.16,96.53,44.0,81.98,21.1,Yes,Yes,Unknown,Low,1,6.9,0
Female,23,Engineering,51.57,79.67,65.85,53.73,75.3,94.65,13.9,No,No,High School,Medium,1,5.9,0
Male,24,Engineering,55.34,84.94,75.81,70.78,58.1,61.67,16.6,No,Yes,High School,Medium,7,6.8,0
Male,24,Engineering,77.5,54.75,84.33,86.47,37.5,68.42,12.0,No,No,Unknown,High,8,8.2,1
Male,19,CS,79.57,59.31,58.4,83.39,84.3,54.15,29.0,Yes,No,PhD,High,4,5.1,1
Female,22,Engineering,51.45,58.5,63.68,61.33,99.9,86.31,22.5,No,No,Master's,Medium,7,4.6,0
Female,23,Business,78.67,61.76,82.6,58.15,89.9,92.19,14.8,Yes,Yes,PhD,High,2,6.9,0
Male,24,Business,91.93,99.98,82.77,89.21,77.6,70.29,9.6,Yes,Yes,PhD,High,9,6.9,0
Male,22,CS,86.12,86.68,74.67,97.81,74.80000000000001,67.84,9.4,No,No,High School,Low,9,5.5,0
Male,21,Mathematics,56.56,98.5,89.78,88.38,65.0,82.93,16.9,Yes,No,Bachelor's,Medium,7,6.2,0
Female,22,Engineering,79.62,81.59,74.1,98.16,85.39999999999999,53.78,16.7,No,Yes,PhD,High,5,4.4,1
Male,22,Engineering,83.61,64.38,94.07,80.25,49.3,64.69,15.4,No,Yes,Unknown,Medium,7,4.7,0
Male,21,Business,51.86,63.38,86.8,96.45,18.2,68.31,26.3,No,No,Unknown,Medium,7,8.1,0
Female,23,CS,92.77,69.31,65.73,84.52,76.8,75.93,29.5,No,Yes,Unknown,Low,3,6.3,0
Male,21,Mathematics,95.31,65.01,69.76,95.44,92.0,73.83,13.9,No,Yes,High School,Medium,7,4.5,1
Female,19,Business,92.52,89.7,83.38,58.08,34.1,60.43,12.4,No,No,Master's,Medium,3,8.8,1
Female,20,Mathematics,91.23,67.9,94.72,90.78,78.3,77.04,24.3,No,Yes,Master's,Medium,3,5.0,0
Female,18,CS,87.25,57.74,58.94,59.84,27.4,96.29,16.2,Yes,No,Master's,Medium,7,5.6,1
Male,21,CS,81.67,86.49,75.73,51.37,94.3,51.35,10.4,Yes,No,PhD,Medium,7,8.9,0
Male,21,CS,83.93,91.27,55.94,75.88,68.3,84.02,9.5,Yes,Yes,PhD,Low,6,4.9,1
Female,22,Business,90.32,65.23,63.97,65.91,56.900000000000006,81.24,12.0,Yes,No,Bachelor's,Medium,7,8.8,0
Male,19,CS,83.12,80.07,84.3,52.18,78.0,96.22,5.0,Yes,Yes,Bachelor's,Low,10,7.6,0
Female,24,Business,66.39,43.53,53.89,99.02,81.30000000000001,82.27,28.5,Yes,Yes,Bachelor's,Low,10,6.1,1
Male,24,Business,68.8,71.77,83.12,83.32,89.2,81.24,15.8,No,Yes,High School,Medium,5,7.0,0
Female,22,Engineering,94.85,42.7,95.04,95.09,90.1,88.49,7.1,No,Yes,Master's,Low,9,6.5,0
Female,23,Business,50.86,41.75,98.47,99.95,5.300000000000001,63.39,9.1,No,Yes,PhD,High,1,8.0,1
Male,21,Business,84.94,76.78,60.83,69.6,12.3,79.79,13.1,Yes,No,Bachelor's,Low,5,4.3,1
Male,21,Engineering,97.74,58.2,87.44,62.74,82.6,75.97,18.8,No,Yes,High School,Medium,3,8.1,0
Male,22,Mathematics,85.31,84.55,96.32,59.19,94.6,71.92,22.6,No,No,Bachelor's,High,8,8.9,0
Male,21,Engineering,99.7,93.76,54.57,75.76,30.8,53.97,12.7,Yes,No,PhD,Low,7,6.1,1
Female,23,Engineering,84.38,48.36,70.7,80.3,0.8999999999999999,64.63,28.9,Yes,No,Bachelor's,Medium,1,5.0,1
Female,20,CS,51.72,83.47,95.97,73.62,32.3,64.0,24.0,No,No,High School,High,9,4.5,0
Male,18,CS,91.35,70.87,60.14,69.36,38.3,86.21,25.6,No,Yes,High School,Medium,5,5.7,1
Male,18,Engineering,64.23,46.73,96.69,58.41,76.10000000000001,96.03,13.1,Yes,No,Bachelor's,Medium,1,4.7,0
Female,18,CS,72.3,79.1,76.36,72.09,4.8,61.54,14.5,No,Yes,PhD,Medium,1,5.1,0
Male,20,Engineering,65.6,76.57,54.99,54.26,21.3,53.73,18.5,No,No,High School,High,8,7.3,1
Male,21,CS,63.43,70.94,72.49,93.25,89.39999999999999,100.0,16.3,Yes,No,Master's,High,3,6.1,0
Male,22,Business,71.57,95.59,66.31,52.35,15.5,84.56,11.5,Yes,Yes,High School,High,9,8.5,1
Male,24,CS,68.94,71.26,64.11,69.03,75.9,94.32,29.9,Yes,Yes,Unknown,Medium,8,6.3,0
Female,19,CS,81.67,99.43,77.07,55.01,36.1,57.19,26.2,Yes,Yes,Bachelor's,High,6,4.8,0
Female,21,Business,90.66,70.55,74.18,88.75,66.3,90.04,10.9,Yes,No,Master's,Low,6,4.7,0
Male,20,Engineering,64.85,46.95,74.1,65.64,7.4,90.67,27.3,Yes,Yes,PhD,Low,5,7.5,1
Female,23,CS,60.69,68.23,54.41,55.66,28.700000000000003,57.57,19.7,No,Yes,Master's,Medium,2,7.2,1
Male,20,CS,83.34,50.94,90.12,76.57,42.5,58.07,5.3,No,Yes,High School,High,6,7.5,0
Male,24,Business,83.52,75.83,74.07,95.81,85.7,64.77,13.7,No,No,High School,Medium,8,5.7,0
Male,18,Business,95.06,81.59,91.05,95.43,56.3,60.84,5.6,No,No,Unknown,Medium,6,8.6,1
Female,21,Business,50.8,68.11,91.23,62.48,4.5,98.77,7.2,Yes,No,Master's,High,7,4.6,0
Female,24,Mathematics,92.65,45.86,65.86,85.98,80.19999999999999,68.15,9.5,No,Yes,High School,Medium,2,4.2,0
Female,18,Business,76.05,68.12,50.22,51.51,5.5,88.07,17.1,Yes,No,PhD,High,2,7.7,1
Female,19,Engineering,81.07,44.89,95.56,56.59,93.4,90.25,14.5,Yes,No,PhD,Medium,3,7.4,0
Female,23,CS,54.57,80.93,88.03,74.97,21.200000000000003,69.3,8.7,Yes,Yes,Master's,High,10,6.5,0
Male,18,CS,71.63,87.42,55.36,61.44,48.8,84.13,14.9,No,Yes,Master's,Medium,7,4.2,0
Male,19,Mathematics,61.37,97.74,85.09,89.91,7.199999999999999,55.39,12.6,No,Yes,Unknown,Low,8,4.6,0
Female,20,CS,62.71,48.93,51.0,96.55,56.2,69.85,15.3,Yes,Yes,Master's,Low,4,5.0,1
Female,18,CS,75.2,71.95,51.39,50.22,49.7,98.37,9.3,Yes,No,PhD,Medium,10,7.2,1
Female,18,Engineering,90.62,74.05,76.29,61.65,41.0,58.43,20.2,No,Yes,Master's,Medium,6,7.3,1
Male,22,CS,87.19,95.35,54.8,71.98,3.6,69.29,6.1,No,Yes,High School,Low,9,7.4,1
Female,23,Engineering,79.55,77.64,98.22,78.15,87.89999999999999,89.53,14.7,Yes,Yes,High School,Low,7,8.0,0
Male,23,Mathematics,76.97,48.73,94.69,95.8,80.3,83.27,27.4,No,No,Master's,Low,4,4.1,0
Male,24,Engineering,71.37,66.18,82.49,94.59,63.3,81.58,15.5,Yes,No,Bachelor's,Medium,8,7.2,0
Female,20,Business,98.64,79.29,53.19,81.86,57.2,92.66,16.0,Yes,Yes,Master's,Low,8,5.3,0
Male,22,Business,78.01,82.02,66.24,62.87,69.5,51.45,6.7,Yes,Yes,Unknown,Medium,7,6.9,1
Male,24,Mathematics,62.7,91.78,68.59,89.16,14.4,88.56,20.1,No,No,PhD,High,5,7.7,0
Female,19,CS,61.5,50.83,74.04,60.13,93.3,94.13,28.4,No,Yes,PhD,Medium,10,7.6,0
Male,24,Engineering,80.57,97.09,58.45,98.26,28.5,50.81,12.3,Yes,Yes,Master's,Medium,10,5.4,1
Female,19,Business,76.14,43.55,78.88,50.29,65.6,77.95,14.8,No,Yes,Bachelor's,Medium,6,5.8,0
Male,20,Engineering,50.38,99.03,71.79,78.49,60.7,67.43,19.7,Yes,Yes,PhD,Low,10,8.6,0
Female,23,Business,91.5,91.47,97.36,54.42,63.7,52.54,7.3,No,Yes,Bachelor's,Medium,3,8.2,0
Female,19,Engineering,85.21,79.62,96.81,70.38,87.89999999999999,70.89,28.8,Yes,No,PhD,High,3,5.3,1
Male,20,CS,83.09,84.1,78.27,81.75,29.6,82.2,16.7,Yes,No,High School,Medium,4,6.9,1
Female,24,Mathematics,53.44,44.36,82.22,84.48,74.9,95.95,7.9,No,No,Unknown,High,2,4.5,0
Male,19,CS,68.1,42.49,56.89,89.28,59.8,81.03,13.4,Yes,No,PhD,Medium,6,7.3,0
Male,21,Engineering,96.77,46.11,61.17,79.67,7.6,92.84,14.3,Yes,Yes,Master's,High,3,7.1,1
Female,18,Business,93.13,45.24,95.04,62.57,41.4,56.08,13.6,Yes,No,High School,High,2,5.3,1
Male,24,Business,64.28,72.84,84.96,94.46,83.80000000000001,60.53,22.3,No,No,Bachelor's,Low,9,6.1,0
Female,23,Mathematics,57.85,52.93,59.47,90.56,31.5,98.51,13.6,Yes,No,Unknown,High,1,7.9,1
Male,24,CS,72.45,91.61,78.51,58.0,48.2,94.37,13.1,No,Yes,Bachelor's,Medium,4,5.3,0
Male,21,CS,67.79,66.74,96.74,91.33,48.9,61.76,13.1,Yes,No,Bachelor's,High,9,7.8,0
Female,20,CS,84.11,81.73,67.26,98.63,61.8,81.05,24.4,Yes,Yes,PhD,High,5,5.6,0
Male,20,Business,98.32,79.17,59.29,81.86,88.4,68.13,12.7,No,Yes,High School,High,6,8.2,0
Male,24,Mathematics,68.15,59.19,97.1,64.09,17.4,73.43,5.3,No,No,Unknown,Low,4,4.2,1
Male,21,Business,53.11,54.59,73.06,80.33,50.5,93.04,14.1,Yes,No,High School,Medium,10,5.3,0
Male,24,CS,94.88,60.55,70.86,67.13,42.400000000000006,86.79,12.0,Yes,Yes,High School,High,6,4.9,0
Male,18,Engineering,51.9,87.8,63.38,83.8,29.6,61.92,27.7,Yes,No,PhD,Medium,7,8.5,0
Male,18,Business,97.64,75.18,94.58,77.24,92.0,65.8,16.9,Yes,No,Bachelor's,Medium,6,6.1,0
Male,22,Mathematics,83.23,55.21,92.28,96.47,0.8,64.49,10.9,No,Yes,High School,High,6,6.7,0
Male,19,CS,97.08,89.07,70.15,80.9,12.2,89.03,29.5,No,No,Bachelor's,Low,3,5.2,0
Female,22,Engineering,59.98,43.29,51.53,60.7,73.3,74.5,11.2,No,No,High School,Low,8,4.6,1
Male,18,Business,52.03,81.95,72.33,86.26,26.3,97.54,24.1,Yes,Yes,Unknown,Medium,8,7.0,0
Male,21,Engineering,74.41,66.35,59.04,65.04,72.30000000000001,90.83,21.2,Yes,No,Master's,Low,4,5.4,0
Female,19,Engineering,72.53,83.88,57.14,63.62,83.2,60.56,16.6,Yes,No,Master's,Low,8,8.6,1
Female,21,Mathematics,66.57,95.65,69.65,69.59,25.5,89.3,15.1,Yes,No,Master's,High,9,6.4,0
Female,22,Business,97.88,85.0,54.95,50.6,19.2,75.3,26.8,No,No,PhD,Low,5,4.7,0
Male,20,Mathematics,91.13,66.52,97.87,98.46,14.5,62.69,16.9,Yes,Yes,PhD,High,3,4.1,0
Female,21,CS,83.08,49.06,52.38,76.62,20.0,68.17,14.4,No,Yes,Bachelor's,Low,7,5.2,1
Female,22,Engineering,58.14,88.38,70.07,88.67,26.7,98.61,13.9,Yes,No,PhD,High,4,5.6,0
Male,22,Mathematics,86.72,67.64,58.14,62.89,86.89999999999999,74.2,11.9,No,No,Master's,Medium,8,5.0,1
Male,22,Mathematics,86.35,44.52,84.44,87.33,77.0,85.98,15.2,No,Yes,PhD,Medium,3,5.8,0
Female,20,CS,71.25,83.14,53.94,78.36,0.2,73.85,8.0,Yes,No,Master's,High,1,8.4,1
Female,20,Business,96.24,57.51,77.34,71.21,87.4,68.58,6.6,Yes,No,High School,Low,5,4.2,1
Male,24,Mathematics,58.35,42.93,88.66,98.53,7.9,89.82,18.5,Yes,No,Master's,High,6,8.0,0
Male,20,Engineering,63.37,94.17,97.5,74.69,65.5,92.42,16.4,No,No,Master's,Low,9,6.1,0
Male,19,Engineering,53.16,68.99,84.93,82.87,15.1,53.59,9.3,No,No,Unknown,Low,3,8.5,1
Male,20,Engineering,89.77,56.86,54.97,50.77,6.2,63.95,7.7,No,No,Unknown,Medium,6,7.3,1
Male,20,Engineering,81.09,82.98,54.43,65.07,76.0,75.39,8.6,Yes,Yes,Unknown,Medium,8,4.8,0
Female,20,Mathematics,65.75,93.15,86.58,94.43,46.7,65.82,12.9,Yes,No,Unknown,Low,10,8.8,1
Male,21,Engineering,58.19,40.02,60.77,87.95,59.900000000000006,89.18,16.3,Yes,Yes,Master's,High,4,4.8,0
Male,20,Mathematics,52.01,81.27,72.36,76.84,42.5,55.74,9.8,No,No,Bachelor's,High,10,5.7,1
Male,19,Business,58.34,86.02,98.83,95.01,6.7,89.89,23.9,No,Yes,Unknown,Low,10,8.9,0
Male,22,Engineering,72.66,52.6,91.0,74.31,74.0,80.89,9.8,No,No,PhD,High,6,5.1,0
Male,21,Business,62.36,69.38,92.33,78.33,82.0,64.47,8.1,No,Yes,PhD,Medium,3,7.2,0
Female,18,Mathematics,62.95,45.36,93.04,69.11,4.1,67.22,29.9,Yes,No,PhD,Low,10,8.9,0
Male,20,CS,93.78,84.8,80.98,81.0,37.6,59.14,16.2,Yes,No,Master's,High,9,7.4,1
Female,24,Business,75.76,90.85,87.2,65.95,55.7,62.63,9.3,Yes,No,High School,Low,6,7.3,0
Male,24,Engineering,86.46,46.49,67.95,69.27,60.5,85.86,27.4,Yes,No,High School,Low,2,7.1,1
Female,22,CS,51.79,88.99,99.92,98.32,57.8,68.79,10.8,No,No,Unknown,Medium,7,6.8,0
Female,22,Business,68.26,86.29,63.98,55.57,69.3,84.37,28.1,No,Yes,PhD,High,7,8.7,1
Male,21,Mathematics,73.96,60.81,79.5,55.26,96.7,75.71,8.0,No,No,Unknown,Low,1,6.7,0
Male,24,Mathematics,59.32,81.42,64.1,52.17,39.1,57.26,26.0,No,Yes,Master's,Low,4,7.3,1
Male,18,Mathematics,56.01,40.0,55.6,66.0,55.7,74.95,9.6,No,No,PhD,High,1,7.7,1
Male,23,Business,93.52,95.91,78.38,69.91,69.9,87.82,28.5,No,No,Unknown,High,6,6.6,0
Male,24,Mathematics,96.97,73.02,67.67,54.73,59.2,64.88,19.4,Yes,Yes,Bachelor's,High,5,8.4,1
Female,24,Business,53.94,77.22,79.16,77.46,38.7,82.4,9.7,Yes,No,Master's,High,3,4.1,1
Male,19,Engineering,67.45,79.88,77.93,79.17,62.400000000000006,59.95,26.1,No,Yes,Master's,Low,9,6.0,1
Male,23,Engineering,97.91,73.68,77.11,87.55,65.0,56.78,14.8,No,Yes,Master's,High,9,7.1,1
Female,22,Business,54.16,91.41,56.17,98.8,58.5,68.01,23.3,Yes,No,Bachelor's,Low,6,4.1,0
Male,23,Business,82.18,76.58,72.01,80.97,20.5,69.46,21.1,No,Yes,High School,Low,6,8.7,0
Female,24,CS,98.61,94.47,90.6,55.58,50.6,88.05,22.9,No,Yes,High School,High,9,8.1,0
Male,22,Mathematics,98.91,74.94,65.76,54.43,88.4,73.0,13.6,Yes,Yes,Bachelor's,Medium,2,5.1,1
Female,23,Engineering,73.56,50.27,72.19,88.88,86.89999999999999,54.06,28.5,No,Yes,High School,Medium,1,5.7,1
Male,22,Engineering,58.14,94.81,74.69,82.52,75.1,81.7,19.0,Yes,No,Bachelor's,Medium,10,7.4,0
Female,22,CS,60.1,80.9,93.14,58.1,69.7,73.46,6.9,Yes,No,Unknown,Low,3,5.7,0
Female,21,Business,94.48,81.95,82.78,62.67,15.3,66.58,6.7,No,No,Bachelor's,Low,8,8.3,1
Male,18,Business,95.58,99.13,55.01,87.51,45.9,90.11,23.5,Yes,Yes,High School,Medium,2,5.2,0
Male,22,CS,80.39,44.51,93.26,78.31,11.1,57.72,26.2,Yes,Yes,Bachelor's,High,8,8.1,0
Male,19,Mathematics,88.31,65.72,91.6,79.25,81.7,95.66,22.4,No,No,Bachelor's,Low,10,6.3,0
Female,24,Business,87.0,54.35,87.68,60.5,29.1,66.7,11.9,No,No,PhD,High,6,6.3,1
Female,24,Business,83.09,77.83,73.3,81.45,76.7,73.05,10.6,Yes,Yes,Bachelor's,Low,4,4.8,0
Female,19,Mathematics,91.36,88.41,87.88,88.53,81.5,96.46,19.1,Yes,No,High School,Medium,4,8.9,0
Male,20,Mathematics,84.27,97.98,73.94,94.26,89.2,88.06,9.9,Yes,Yes,Master's,Medium,7,5.7,0
Male,22,CS,76.7,67.28,86.83,86.84,75.4,53.72,14.5,Yes,No,Unknown,High,7,5.0,0
Female,22,CS,61.85,87.17,94.01,78.82,56.5,78.91,20.7,No,No,Bachelor's,High,9,4.2,0
Male,22,CS,87.19,95.02,94.53,83.66,59.8,65.52,12.1,Yes,No,High School,Low,4,6.5,0
Female,23,Business,73.67,81.0,72.73,74.26,32.1,75.42,14.4,Yes,No,High School,Low,9,4.2,1
Male,22,CS,64.74,54.56,92.97,61.34,17.7,87.15,14.0,Yes,Yes,PhD,Low,4,6.3,0
Male,22,Business,90.1,76.47,55.07,94.11,13.1,74.81,16.5,No,Yes,High School,Low,2,8.5,1
Female,19,Engineering,84.84,98.2,55.09,76.63,18.2,53.55,21.9,No,No,Master's,High,7,6.5,1
Male,18,Mathematics,96.87,99.25,77.41,79.72,93.4,76.5,24.6,Yes,Yes,High School,Medium,9,4.2,0
Male,18,Mathematics,58.27,78.54,82.59,99.51,16.4,51.21,21.6,Yes,Yes,Master's,High,10,5.3,0
Male,20,Engineering,82.46,93.22,57.65,99.25,72.4,67.42,5.7,No,Yes,Unknown,High,2,4.2,0
Male,19,CS,62.21,52.02,73.61,79.32,18.5,73.9,27.4,Yes,Yes,Bachelor's,Medium,6,8.4,0
Male,22,Business,95.18,54.76,54.72,51.7,97.5,82.23,19.5,No,No,Unknown,High,6,5.2,0
Female,18,Business,54.97,97.17,80.1,69.81,36.7,75.31,28.0,No,Yes,Bachelor's,High,10,4.3,0
Male,21,Business,82.81,48.11,92.75,96.86,41.2,57.6,29.1,Yes,No,Unknown,Low,3,8.8,0
Female,21,Mathematics,89.55,51.47,86.88,64.42,40.5,96.61,16.7,Yes,No,Master's,High,8,6.4,1
Male,21,CS,67.75,65.23,68.91,99.96,81.6,82.51,27.9,Yes,Yes,Bachelor's,High,5,6.0,0
Male,22,Business,97.71,75.38,99.69,54.22,21.8,65.85,14.1,Yes,No,Bachelor's,High,4,8.6,1
Female,22,Business,92.54,76.23,83.15,78.41,83.10000000000001,98.3,11.5,Yes,No,Unknown,High,4,6.7,0
Female,20,Business,64.73,57.52,90.76,75.77,65.7,94.13,6.8,No,No,PhD,High,5,5.4,0
Male,24,Engineering,50.38,95.24,83.48,62.77,22.0,57.17,16.3,Yes,No,PhD,Low,10,8.0,0
Male,20,Business,64.83,94.91,99.47,97.43,6.5,82.77,22.2,No,Yes,Unknown,Low,4,5.4,0
Female,20,Engineering,64.07,63.52,91.07,80.96,77.5,78.0,29.4,Yes,No,High School,Medium,6,6.2,1
Female,23,Business,94.5,66.06,75.97,61.51,21.9,59.64,18.0,Yes,Yes,Unknown,High,8,8.0,1
Female,21,Business,98.36,82.15,68.34,69.2,88.9,61.67,23.4,Yes,Yes,Master's,High,2,8.7,0
Female,22,Business,53.52,79.78,84.11,86.06,13.0,78.19,27.4,No,No,Master's,Low,7,7.0,0
Male,21,Engineering,73.56,62.94,79.51,64.88,61.6,66.06,18.6,No,No,High School,Medium,6,6.5,1
Male,20,Business,77.42,64.85,81.47,93.98,69.2,91.74,9.2,No,Yes,PhD,High,4,4.4,0
Male,22,CS,54.65,60.88,67.15,58.28,65.8,54.89,26.2,Yes,Yes,Master's,Low,2,7.1,1
Male,19,Business,68.87,54.12,71.44,63.23,31.6,95.7,19.4,No,No,Master's,Low,1,5.6,0
Male,18,Engineering,65.85,67.49,77.9,57.24,87.6,92.03,24.0,No,Yes,Bachelor's,High,8,6.6,0
Female,18,Engineering,76.8,81.19,91.96,55.21,77.0,86.93,21.5,No,No,Bachelor's,High,8,7.7,0
Female,20,CS,83.06,84.52,88.15,65.02,51.0,63.13,6.5,Yes,Yes,High School,Medium,9,7.2,0
Female,24,Mathematics,85.17,86.73,55.93,99.96,60.3,85.75,9.2,No,Yes,Master's,Low,5,4.5,0
Male,21,CS,56.84,62.48,62.28,54.72,56.6,71.94,12.2,No,No,Unknown,Low,9,6.0,1
Female,19,CS,90.65,85.88,51.33,60.65,94.7,81.69,12.1,Yes,Yes,PhD,High,4,5.0,0
Male,22,Engineering,83.93,40.39,50.4,63.58,89.60000000000001,65.63,26.0,No,Yes,High School,High,10,4.8,1
Male,24,Business,94.45,68.62,61.22,80.96,23.5,91.79,20.0,Yes,Yes,Unknown,Low,4,5.1,0
Male,21,Business,72.47,87.63,89.97,87.27,26.3,52.03,7.1,No,No,Unknown,Medium,5,8.6,1
Female,20,Mathematics,94.69,77.8,95.24,87.6,98.1,84.57,14.7,No,No,High School,Low,3,7.6,0
Male,21,Mathematics,93.29,68.44,69.59,50.43,23.700000000000003,91.43,18.9,Yes,Yes,High School,Medium,5,8.5,1
Male,20,Mathematics,71.92,78.68,78.16,82.59,95.3,82.32,11.3,No,Yes,Master's,Medium,5,6.5,0
Female,23,Mathematics,69.06,94.42,85.3,81.54,65.0,59.6,6.0,Yes,Yes,PhD,Medium,10,4.0,0
Male,18,CS,96.64,73.98,97.65,75.88,5.0,64.25,14.5,No,No,Master's,Low,4,4.2,0
Female,24,CS,85.76,87.99,95.65,68.96,33.6,75.75,16.5,Yes,Yes,Unknown,High,5,4.7,0
Male,18,Business,96.41,98.84,52.86,89.87,47.6,66.47,27.6,No,No,Master's,High,5,7.9,1
Female,21,CS,89.85,82.33,62.41,67.19,83.3,50.25,27.7,No,Yes,Master's,Low,9,5.0,1
Male,19,Business,80.46,74.4,52.46,61.5,32.9,52.03,17.5,Yes,No,PhD,Medium,1,4.5,1
Male,22,Business,55.79,42.25,80.83,65.5,31.1,88.39,16.8,Yes,No,Bachelor's,Low,7,8.3,0
Female,20,Business,64.57,62.47,85.52,71.98,92.0,54.19,21.0,No,No,PhD,High,1,5.1,0
Male,22,Business,98.44,73.93,65.41,60.7,7.9,96.4,11.5,Yes,Yes,Master's,Medium,1,6.5,0
Female,18,Engineering,65.97,87.83,92.69,80.38,55.2,72.14,12.1,No,No,Bachelor's,Low,3,5.7,0
Male,19,Business,54.66,66.29,72.64,94.21,50.4,87.91,5.1,Yes,Yes,Unknown,Low,5,8.5,0
Female,19,CS,85.38,97.6,99.92,79.77,5.699999999999999,56.28,7.0,Yes,Yes,PhD,Low,9,7.5,1
Male,22,CS,86.7,56.31,50.02,72.33,8.8,96.33,9.5,Yes,Yes,High School,Medium,9,6.3,0
Male,18,CS,64.27,84.67,55.47,89.84,38.2,51.69,21.0,Yes,Yes,Unknown,Medium,1,8.3,1
Male,22,CS,64.88,65.14,65.09,87.4,13.4,52.11,10.3,No,No,Bachelor's,Low,3,7.6,1
Female,21,Engineering,73.44,69.16,51.28,68.35,47.8,52.73,8.1,Yes,No,Unknown,High,1,8.0,1
Female,19,Mathematics,51.09,88.15,89.12,80.21,60.9,55.17,20.4,No,No,High School,High,1,8.9,1
Female,19,Mathematics,89.47,57.77,52.64,86.49,69.1,74.34,21.3,No,No,High School,Medium,9,5.0,1
Female,21,Business,65.85,45.81,87.45,62.27,54.6,89.41,6.5,No,Yes,PhD,High,2,5.0,0
Female,18,Business,92.69,71.22,52.63,68.31,38.0,64.25,24.3,No,No,PhD,Low,1,6.8,1
Male,19,CS,90.13,71.73,62.64,55.29,13.0,87.29,20.2,No,No,Master's,Medium,6,6.7,1
Male,24,CS,83.07,87.83,92.06,99.38,24.700000000000003,88.7,14.9,No,Yes,Master's,Low,2,8.3,0
Male,23,Mathematics,66.24,98.1,97.55,54.29,41.900000000000006,95.41,29.6,No,Yes,Unknown,Low,5,4.8,0
Male,23,Mathematics,75.82,43.32,70.73,58.43,92.4,57.47,5.3,Yes,Yes,High School,Medium,3,6.1,1
Male,23,CS,72.24,75.5,98.5,73.99,20.3,56.78,18.6,No,Yes,Unknown,Low,10,6.6,1
Female,20,Business,66.94,80.88,81.34,93.26,41.3,56.1,9.0,No,Yes,Bachelor's,High,5,6.3,1
Male,24,Engineering,92.41,99.15,70.79,67.79,73.2,67.97,13.2,No,No,Bachelor's,Low,8,4.3,0
Female,20,Engineering,74.18,96.56,90.14,88.43,70.5,74.47,8.3,No,Yes,Master's,Low,6,4.7,0
Male,18,Mathematics,91.64,82.75,64.77,83.8,96.6,73.08,21.7,No,No,Unknown,High,8,4.8,0
Female,21,Mathematics,55.26,71.31,63.29,81.93,19.1,62.85,15.0,Yes,Yes,Bachelor's,Medium,6,7.0,1
Female,22,Mathematics,57.05,49.69,82.83,92.25,1.7000000000000002,81.1,29.7,Yes,No,Master's,Medium,4,6.1,1
Female,24,Engineering,98.87,63.05,69.52,50.71,32.2,66.91,21.3,No,Yes,Unknown,High,4,4.9,1
Male,18,Engineering,79.39,75.11,56.8,96.46,15.0,68.3,27.9,Yes,No,High School,Low,10,7.7,0
Male,22,CS,75.49,83.51,53.35,91.46,54.8,55.28,11.0,No,No,Bachelor's,High,10,8.0,1
Male,18,Business,76.16,78.12,89.39,96.89,89.9,79.61,13.0,Yes,Yes,Bachelor's,Medium,3,5.1,0
Male,20,Mathematics,60.76,82.85,83.8,89.68,68.8,82.76,14.1,No,Yes,High School,Medium,8,7.6,0
Female,23,CS,85.94,65.75,70.59,93.93,13.6,87.9,26.0,No,No,Master's,Low,10,4.3,0
Female,21,Engineering,54.24,83.66,94.81,60.15,11.6,95.2,10.3,Yes,Yes,Bachelor's,High,9,8.3,0
Female,20,CS,78.67,48.62,70.54,65.96,91.1,88.3,28.7,No,Yes,High School,Low,8,8.8,0
Female,21,Engineering,78.54,49.76,85.51,65.76,48.8,61.79,6.1,Yes,No,Master's,Medium,9,4.8,1
Male,24,Business,95.71,49.77,95.46,55.46,92.4,61.78,27.2,Yes,No,PhD,Medium,10,7.9,1
Female,22,Engineering,76.31,93.45,92.04,86.48,73.60000000000001,95.75,16.3,Yes,Yes,Master's,Low,9,4.5,0
Male,18,CS,56.85,44.56,75.56,56.81,99.3,89.51,18.1,No,No,Bachelor's,Low,3,8.8,0
Female,19,Business,78.64,88.09,84.03,52.63,87.10000000000001,89.11,29.9,No,No,Master's,Medium,4,6.3,0
Female,19,Engineering,54.57,54.01,70.68,88.77,41.4,85.99,26.8,No,Yes,Bachelor's,High,3,6.7,1
Female,21,Mathematics,60.19,68.11,82.36,95.23,75.8,63.36,27.6,No,Yes,Master's,Medium,5,7.8,0
Male,23,Engineering,51.56,94.96,62.88,88.21,47.1,92.37,19.6,Yes,Yes,PhD,Low,9,5.2,0
Male,23,Business,75.66,75.16,71.74,91.27,23.3,57.14,28.9,Yes,Yes,Master's,High,3,6.0,0
Female,21,CS,54.23,52.61,60.48,79.78,24.1,67.5,22.2,Yes,Yes,PhD,Low,6,4.4,1
Female,20,Business,73.47,57.05,51.91,94.39,39.7,67.32,25.5,Yes,Yes,Bachelor's,Low,4,7.1,1
Female,19,CS,96.65,95.23,79.43,74.84,11.1,78.01,23.0,Yes,Yes,Master's,High,1,8.0,0
Male,20,Engineering,85.99,65.63,93.22,99.42,17.8,73.17,24.5,Yes,Yes,High School,Medium,8,8.3,0
Male,22,Engineering,53.87,75.22,51.28,55.17,50.1,72.99,20.9,No,Yes,PhD,Low,3,6.7,1
Male,19,Business,61.21,67.6,59.8,90.46,95.4,77.68,23.2,No,No,Unknown,Low,8,7.8,0
Female,22,Mathematics,83.68,62.71,73.01,82.07,57.8,70.77,15.9,Yes,No,PhD,Medium,5,4.7,0
Male,18,Engineering,94.74,53.4,83.29,79.03,40.8,62.5,22.7,No,No,Master's,Medium,8,7.7,1
Female,20,Mathematics,51.65,81.17,58.56,86.29,24.3,83.21,11.9,Yes,Yes,PhD,High,1,4.0,0
Male,21,Mathematics,90.62,83.09,52.83,92.01,19.6,89.53,20.9,Yes,No,Master's,Medium,6,5.0,0
Female,19,Business,78.09,56.49,75.95,93.14,65.8,73.95,18.1,No,No,Bachelor's,Medium,3,7.2,1
Female,20,Engineering,77.3,87.34,90.94,58.77,84.80000000000001,82.47,27.5,No,Yes,Bachelor's,Low,5,5.6,0
Male,21,Mathematics,97.89,91.27,51.76,59.85,39.900000000000006,76.77,21.8,No,Yes,High School,Low,4,6.1,1
Female,18,Engineering,87.38,95.24,67.47,50.81,55.1,52.95,19.9,No,No,Unknown,Medium,9,8.1,1
Female,19,CS,92.51,49.67,83.18,56.59,70.7,71.15,12.8,No,Yes,Bachelor's,High,3,6.9,1
Female,22,Mathematics,67.7,58.24,56.54,63.19,5.8,50.49,26.6,No,Yes,High School,High,7,6.0,1
Male,18,Business,77.72,91.62,61.8,86.05,35.099999999999994,83.09,6.4,No,No,Unknown,Low,4,6.3,0
Female,23,Business,80.77,51.91,76.77,73.79,73.0,75.41,27.5,No,Yes,High School,High,3,8.2,0
Male,21,Mathematics,66.08,40.21,97.66,87.9,68.5,56.34,21.3,No,No,Bachelor's,High,10,6.4,1
Male,19,Engineering,78.51,92.25,64.37,74.33,5.300000000000001,77.11,9.7,No,No,Unknown,Low,3,8.4,1
Female,19,CS,61.83,59.59,74.38,77.78,23.8,94.92,27.6,Yes,Yes,Bachelor's,Medium,4,5.2,0
Male,24,CS,57.17,64.87,70.0,55.55,68.0,67.02,13.2,No,Yes,Master's,Medium,7,6.7,1
Female,24,Business,68.7,66.78,94.87,88.83,27.1,99.12,9.2,No,No,Unknown,Low,9,5.8,0
Male,18,Business,86.96,90.9,53.59,87.91,81.4,97.97,13.0,Yes,No,High School,Low,6,7.0,0
Female,19,Engineering,95.81,60.27,78.31,65.38,3.0,89.27,29.0,No,Yes,Master's,Low,1,6.9,0
Male,21,Business,72.89,93.54,92.31,66.43,19.0,90.69,23.8,No,No,High School,Medium,8,6.9,0
Female,18,Engineering,82.14,77.02,99.41,60.98,28.1,70.53,27.9,Yes,Yes,Bachelor's,High,2,6.6,0
Female,22,Mathematics,55.15,71.64,84.94,90.69,92.5,70.13,12.5,No,No,Bachelor's,Medium,9,6.3,0
Female,18,CS,95.22,59.54,69.0,87.35,79.6,97.72,7.1,Yes,Yes,Master's,Medium,3,8.6,0
Female,18,Mathematics,78.43,54.62,70.59,80.46,88.4,68.31,19.1,Yes,No,Master's,Low,10,5.3,1
Male,22,Business,89.02,77.44,67.58,61.94,44.0,54.84,17.1,Yes,Yes,Unknown,High,7,6.2,1
Male,23,CS,89.72,66.81,80.18,58.59,82.30000000000001,57.64,23.0,Yes,Yes,High School,Medium,6,5.1,0
Female,24,CS,62.82,94.63,86.97,52.51,85.3,85.52,18.6,No,Yes,PhD,High,9,5.7,0
Male,21,Mathematics,76.46,69.5,90.97,52.28,40.0,69.15,14.9,No,No,Bachelor's,High,3,5.2,1
Female,23,Engineering,98.02,70.71,70.83,59.36,99.4,59.97,5.1,No,Yes,PhD,Low,2,7.3,0
Female,23,CS,54.48,65.0,85.84,55.03,85.1,90.69,16.7,No,No,PhD,High,3,7.5,0
Male,23,Engineering,84.15,87.36,95.81,77.81,97.4,74.43,8.0,Yes,No,Master's,Medium,4,5.4,0
Male,24,Mathematics,98.11,65.49,96.04,67.9,86.6,78.38,28.1,Yes,Yes,High School,High,5,8.9,0
Female,20,Mathematics,65.03,56.16,85.2,72.25,77.6,57.7,28.0,Yes,Yes,PhD,Low,6,5.4,0
Male,24,Engineering,93.07,91.72,81.85,79.7,94.4,59.64,25.1,No,No,High School,Medium,7,8.1,1
Female,23,Mathematics,96.68,75.81,76.58,82.96,42.0,56.29,8.9,Yes,No,Master's,High,10,5.5,1
Male,20,CS,87.35,75.49,59.16,82.41,78.3,75.73,8.7,Yes,No,PhD,Medium,3,6.1,0
Male,22,Mathematics,61.57,76.65,56.18,63.04,21.3,88.78,19.1,Yes,No,PhD,Medium,9,7.3,1
Male,24,Mathematics,66.7,83.13,74.29,90.48,73.3,86.61,23.2,Yes,Yes,Bachelor's,Low,3,6.8,0
Male,21,CS,51.79,58.78,57.97,95.89,78.5,63.06,27.6,No,No,PhD,Medium,3,6.5,1
Male,23,Engineering,91.57,42.03,78.85,65.8,71.7,92.58,27.4,No,Yes,Unknown,Low,8,8.0,1
Female,19,Mathematics,92.48,88.64,82.29,50.85,85.0,55.28,8.9,No,Yes,Master's,Low,10,7.5,1
Male,22,Engineering,81.64,47.73,76.28,94.96,41.3,55.7,29.9,Yes,No,Unknown,High,3,8.6,1
Male,20,CS,67.63,83.31,51.82,96.18,54.5,92.47,8.9,Yes,No,PhD,Low,7,5.2,0
Female,24,Engineering,53.84,44.94,52.89,52.55,1.1,62.22,26.0,No,No,PhD,High,1,4.1,1
Female,21,Engineering,87.65,62.52,55.67,50.25,14.6,85.41,19.7,Yes,No,Unknown,Medium,1,9.0,1
Female,18,Business,86.33,43.78,57.68,90.82,64.4,50.45,22.0,Yes,No,Bachelor's,Medium,5,5.4,1
Male,21,Business,95.63,71.33,99.49,65.07,56.2,54.68,20.1,No,No,Bachelor's,Low,9,4.2,0
Male,21,Mathematics,86.53,79.19,67.22,95.73,19.7,80.46,26.7,No,Yes,Unknown,High,8,5.2,0
Female,23,Business,91.43,50.29,64.6,60.84,24.3,59.12,20.9,No,Yes,Unknown,Medium,2,7.3,1
Female,23,Business,87.3,62.3,52.61,93.06,34.4,51.41,26.2,No,No,Master's,High,8,6.9,1
Female,24,Business,81.53,95.81,81.77,53.43,71.6,73.35,8.9,No,No,Bachelor's,Medium,10,5.0,0
Female,24,Engineering,71.35,66.54,82.61,63.03,61.0,66.53,26.7,Yes,No,High School,High,9,4.9,0
Male,20,Engineering,95.11,88.15,58.77,98.66,7.0,90.11,29.8,No,No,PhD,Low,4,6.2,0
Male,24,Business,82.55,95.63,95.96,61.56,76.0,90.94,21.5,No,No,PhD,Medium,9,4.1,0
Male,20,CS,69.92,98.46,90.02,56.65,26.3,80.72,29.4,No,Yes,Unknown,Low,4,4.0,0
Male,23,Business,54.17,93.9,61.52,92.85,67.2,64.65,10.5,No,Yes,High School,Low,8,7.1,0
Male,23,CS,64.54,59.04,74.29,55.89,12.3,73.08,25.7,Yes,Yes,Bachelor's,High,7,5.6,0
Female,19,Engineering,77.19,97.75,72.92,54.87,99.8,85.11,9.2,Yes,No,Bachelor's,Low,7,4.1,0
Male,19,CS,63.78,88.74,67.43,66.17,8.0,53.47,17.9,No,No,Bachelor's,Low,9,6.3,1
Female,22,Engineering,61.06,90.23,90.88,81.77,74.2,66.62,21.6,Yes,No,Unknown,Low,8,8.7,0
Female,23,CS,76.37,40.91,55.46,85.54,54.1,91.12,21.5,Yes,Yes,Unknown,Low,10,5.3,1
Female,18,Engineering,58.49,97.25,70.77,94.06,8.6,70.3,21.8,No,No,PhD,High,10,5.3,0
Male,19,Engineering,90.02,86.69,71.4,77.05,2.7,81.23,13.0,Yes,No,PhD,High,6,6.3,0
Female,20,Business,74.22,86.08,73.44,69.67,36.3,54.82,29.3,No,Yes,Bachelor's,Low,4,4.7,1
Male,21,Mathematics,78.69,44.89,93.07,67.94,80.19999999999999,88.85,5.2,Yes,No,PhD,Medium,5,7.2,0
Female,24,Mathematics,57.37,53.95,60.91,92.35,4.1,55.02,20.5,No,Yes,PhD,Low,4,8.2,1
Male,24,Engineering,66.23,97.74,55.15,86.19,70.4,93.08,26.7,Yes,Yes,Bachelor's,Low,1,5.0,0
Female,22,Business,70.5,70.04,80.89,95.27,65.5,55.33,27.3,No,No,Unknown,Medium,6,7.3,0
Male,19,Mathematics,90.41,63.87,58.69,98.2,26.6,94.54,23.0,Yes,No,PhD,Medium,9,8.4,0
Female,21,Mathematics,88.51,90.4,53.75,65.0,7.7,68.19,19.4,Yes,No,Unknown,Low,7,8.5,0
Female,21,Business,61.15,45.24,71.33,76.48,91.5,81.23,16.4,Yes,Yes,High School,High,10,6.8,0
Female,19,Business,80.81,65.02,60.98,81.59,30.0,92.33,16.2,No,Yes,Unknown,High,4,4.8,0
Female,18,Mathematics,62.17,62.54,68.06,58.19,11.1,50.51,15.6,Yes,Yes,Master's,Medium,1,7.3,1
Male,18,Mathematics,99.41,60.99,62.99,52.67,68.2,63.28,22.5,Yes,No,Master's,Low,8,7.7,1
Male,22,CS,97.61,58.46,54.63,93.39,21.7,95.42,23.3,No,Yes,Bachelor's,Low,2,7.8,0
Male,18,CS,78.16,52.6,78.02,76.78,47.6,69.41,17.9,Yes,No,Master's,Low,2,8.7,0
Female,22,Engineering,84.95,50.37,51.35,78.54,5.0,85.32,23.5,Yes,Yes,High School,Low,7,7.1,1
Female,20,Mathematics,90.07,78.42,98.32,77.75,99.3,57.0,18.2,No,Yes,Unknown,Low,8,6.3,0
Female,19,Business,86.05,95.16,67.07,87.75,44.8,83.92,7.4,Yes,Yes,Unknown,Medium,2,6.5,0
Female,21,Business,84.99,70.53,84.76,57.28,99.9,53.66,26.3,No,No,PhD,High,2,5.6,1
Female,22,Mathematics,97.93,57.88,90.52,80.7,38.6,85.87,26.8,No,No,PhD,Medium,4,4.3,1
Female,24,Engineering,79.82,49.55,63.96,73.47,34.8,66.19,11.7,No,Yes,PhD,Medium,9,7.6,1
Male,18,Business,81.82,89.81,87.44,94.85,91.5,73.29,24.7,No,No,Unknown,Low,9,4.1,0
Male,24,Mathematics,92.46,98.29,91.62,75.98,32.9,58.31,17.8,No,No,Unknown,Medium,8,4.3,0
Male,22,Mathematics,83.49,60.95,62.07,97.15,43.2,81.39,8.1,No,No,PhD,Low,7,5.7,0
Male,23,Engineering,86.65,57.46,99.62,67.66,7.800000000000001,66.88,14.9,Yes,Yes,Unknown,Medium,8,8.7,0
Male,22,Mathematics,61.71,76.09,51.03,98.34,95.5,69.17,6.9,No,Yes,High School,Low,7,6.4,0
Male,18,Business,68.56,86.52,60.85,93.76,8.5,82.61,24.7,No,No,PhD,High,3,5.1,0
Male,23,CS,57.37,67.32,89.0,79.21,77.1,58.94,9.9,No,Yes,Master's,Low,4,8.5,0
Male,23,Engineering,75.29,77.8,59.71,67.69,53.9,92.6,9.1,Yes,No,PhD,Low,2,6.9,0
Female,18,Mathematics,72.79,82.99,84.91,68.8,6.1,86.96,10.2,No,Yes,Master's,High,8,5.8,1
Female,23,Engineering,99.86,97.64,92.78,88.64,0.2,78.89,10.7,Yes,No,Bachelor's,Low,8,7.6,0
Female,19,Mathematics,80.56,49.9,97.96,79.03,93.6,56.42,21.8,No,No,Master's,Low,7,6.2,0
Female,21,CS,89.32,99.84,73.71,70.08,74.2,84.36,21.0,No,Yes,High School,High,9,7.6,0
Female,24,Engineering,66.7,63.53,98.56,81.8,68.60000000000001,50.9,8.2,No,No,Unknown,Low,7,5.1,0
Female,19,Mathematics,91.58,83.39,70.58,86.66,43.9,90.22,23.1,Yes,No,High School,Medium,3,4.8,0
Female,19,CS,80.75,74.34,60.91,51.15,23.9,65.19,13.7,No,No,Bachelor's,Low,8,6.3,1
Male,18,Business,84.85,69.2,75.7,54.49,68.0,55.86,16.4,Yes,No,High School,Medium,3,5.6,0
Male,18,Mathematics,64.72,81.88,82.49,54.72,60.8,58.22,8.1,Yes,No,High School,High,1,7.0,1
Female,24,CS,77.43,63.75,72.9,61.6,72.6,98.16,22.7,Yes,No,Bachelor's,Medium,1,7.9,0
Male,21,CS,81.7,47.57,78.35,71.35,36.6,88.69,14.4,Yes,Yes,High School,High,4,8.5,0
Male,22,Engineering,79.45,69.33,70.82,90.18,98.7,61.89,20.8,No,Yes,Bachelor's,Low,2,7.8,1
Male,19,Mathematics,95.76,71.31,76.24,67.55,6.7,98.17,15.7,Yes,Yes,Unknown,Low,10,5.7,0
Male,23,Business,94.91,52.11,97.63,50.87,8.0,57.01,6.2,No,No,PhD,High,8,7.6,1
Male,21,Mathematics,98.55,96.14,74.99,74.17,91.7,86.68,22.6,No,Yes,Unknown,Medium,1,6.6,0
Female,19,CS,83.37,53.65,62.66,99.83,64.80000000000001,82.84,18.8,Yes,No,Unknown,Medium,6,8.5,0
Male,22,Business,98.6,64.55,87.94,67.45,32.599999999999994,91.07,15.9,No,No,Unknown,Medium,4,7.5,0
Female,23,CS,91.62,49.3,66.88,98.06,76.2,69.08,10.0,No,No,High School,Medium,8,4.8,1
Female,19,Engineering,63.54,72.15,90.81,55.07,45.3,70.09,20.6,Yes,Yes,Unknown,Low,3,4.4,0
Female,20,Mathematics,71.37,58.46,52.84,58.65,2.1,81.23,11.9,No,No,Bachelor's,Medium,5,6.7,1
Male,24,CS,61.92,69.36,66.61,86.21,65.1,69.91,15.7,No,Yes,Bachelor's,High,7,5.8,0
Female,21,CS,50.21,53.48,54.72,75.06,24.3,52.07,6.4,Yes,No,Bachelor's,Medium,1,4.8,1
Female,24,Mathematics,59.4,43.23,54.27,88.26,11.5,86.49,24.4,Yes,Yes,Bachelor's,High,4,8.0,0
Female,18,Business,50.2,86.75,82.92,93.18,22.5,82.05,7.3,Yes,No,Unknown,High,2,5.9,0
Female,19,CS,85.99,78.47,69.27,62.55,47.6,71.19,27.3,No,No,Master's,Low,4,4.4,0
Male,23,Mathematics,71.28,60.44,93.57,84.14,5.0,65.14,26.7,Yes,Yes,PhD,High,2,5.3,0
Female,23,Engineering,65.63,42.85,75.82,80.38,88.3,66.04,29.3,Yes,No,Master's,Medium,2,7.4,1
Female,21,Engineering,88.09,91.93,64.77,93.08,56.0,87.05,27.7,Yes,Yes,High School,Medium,10,7.2,0
Female,21,Mathematics,91.62,50.19,86.04,71.51,29.3,86.46,29.3,No,Yes,Unknown,Low,7,5.3,0
Female,24,CS,98.76,95.84,81.2,52.59,68.7,90.95,27.2,Yes,No,Master's,Medium,8,5.7,0
Male,23,Mathematics,82.1,68.72,89.98,78.71,80.39999999999999,88.11,7.8,No,Yes,Unknown,High,7,4.2,0
Female,23,Mathematics,73.08,60.42,82.18,97.94,61.4,87.9,15.9,No,Yes,Bachelor's,Medium,9,8.8,0
Female,23,CS,65.26,84.51,58.35,50.73,20.2,62.59,6.9,Yes,No,High School,High,8,5.6,1
Female,19,Business,61.12,92.61,83.52,62.01,11.0,55.08,18.6,No,No,Master's,Medium,8,8.6,1
Female,23,Business,60.65,62.24,69.58,65.8,86.0,88.09,18.2,No,Yes,PhD,Medium,6,8.1,0
Female,18,Engineering,70.46,64.44,73.16,88.29,23.5,54.93,28.1,No,No,Bachelor's,Medium,5,5.7,1
Female,23,Business,99.59,65.99,96.08,66.16,2.0,99.11,29.2,Yes,No,Bachelor's,High,1,7.5,0
Male,18,Mathematics,50.04,95.34,68.0,61.95,64.3,93.75,11.5,No,No,High School,High,2,6.4,0
Female,19,CS,59.86,81.55,80.6,82.43,15.3,76.67,19.6,No,No,Bachelor's,Low,10,8.9,0
Male,21,Engineering,59.42,54.86,68.17,52.32,99.1,67.61,16.6,Yes,Yes,Bachelor's,High,1,7.2,1
Male,18,Business,85.86,51.1,54.74,58.53,87.0,76.34,18.7,No,No,Master's,High,9,6.6,1
Female,19,Mathematics,67.62,53.82,72.68,70.4,60.8,86.72,18.3,Yes,No,Bachelor's,Medium,4,7.2,0
Male,23,Engineering,72.86,55.81,79.85,67.78,83.4,87.82,27.9,No,Yes,High School,Medium,3,5.1,0
Female,19,CS,57.43,53.81,70.38,67.36,47.1,53.68,27.4,Yes,Yes,Unknown,Low,10,5.5,1
Male,23,Business,70.25,79.51,69.53,55.43,78.8,90.24,8.1,Yes,Yes,High School,Low,2,7.6,0
Female,24,Mathematics,55.16,46.96,91.02,68.04,64.7,82.07,13.6,No,Yes,High School,Low,7,4.4,0
Male,19,CS,76.65,63.24,51.48,89.9,2.9,52.03,23.8,Yes,Yes,Unknown,Medium,6,5.5,1
Male,21,Mathematics,54.9,77.5,64.78,70.69,94.9,65.66,22.1,No,Yes,Master's,Low,10,7.1,1
Female,18,Mathematics,89.53,57.45,90.59,79.31,86.1,75.53,20.8,No,Yes,PhD,Medium,10,9.0,0
Male,24,Mathematics,78.33,43.92,96.03,58.18,95.3,59.42,29.8,Yes,Yes,PhD,Medium,7,8.6,1
Male,21,CS,86.2,44.91,70.61,53.49,73.1,57.76,13.4,No,No,High School,Low,1,8.2,1
Male,20,Engineering,70.93,47.56,94.44,94.0,41.2,50.71,17.9,No,No,Master's,High,1,6.5,1
Male,23,Mathematics,69.07,90.15,59.95,66.57,20.7,95.58,29.5,No,No,Master's,Low,10,8.0,0
Male,18,Engineering,54.91,79.47,61.07,67.52,18.0,52.81,22.4,No,No,Master's,Low,4,6.8,1
Female,21,Engineering,76.19,43.87,92.31,93.88,14.5,68.3,21.2,No,Yes,Master's,Medium,5,6.3,0
Male,18,Business,75.73,63.46,95.16,85.39,22.1,60.29,8.9,Yes,Yes,High School,Medium,2,5.1,0
Male,20,Business,73.41,56.72,61.14,87.81,55.1,87.05,11.2,No,Yes,Bachelor's,High,10,8.8,1
Female,22,Engineering,87.03,74.68,52.97,84.1,68.4,85.36,14.4,No,No,PhD,Medium,6,7.0,0
Female,23,Business,91.63,71.37,54.52,55.29,31.4,90.31,16.6,No,Yes,PhD,High,2,7.4,0
Female,23,Business,87.54,68.87,63.07,97.9,54.900000000000006,80.84,17.4,Yes,Yes,Unknown,High,7,4.7,1
Male,19,Engineering,57.19,58.87,88.07,95.46,34.1,79.58,27.6,Yes,No,High School,High,10,6.2,1
Male,23,CS,81.1,48.27,75.5,61.81,69.7,70.36,7.7,Yes,No,PhD,High,2,8.8,1
Male,23,Business,54.02,84.54,72.78,90.2,98.8,81.82,11.2,Yes,Yes,High School,Low,1,7.8,0
Male,21,Business,84.73,92.79,79.21,70.47,68.89999999999999,55.76,8.6,No,No,High School,Low,9,8.4,1
Female,24,CS,69.09,96.65,94.51,84.19,5.9,84.23,23.4,Yes,No,Master's,Low,4,6.0,0
Female,23,CS,56.62,43.52,54.52,58.28,47.7,55.19,29.3,Yes,No,Unknown,Low,1,4.3,1
Male,23,CS,93.1,84.39,84.74,76.93,77.0,93.09,27.3,No,Yes,High School,Medium,8,5.8,0
Male,20,Engineering,80.7,83.59,96.34,56.33,54.2,75.28,23.1,No,Yes,PhD,High,9,5.9,0
Male,24,CS,67.74,96.83,60.67,76.81,95.1,76.52,5.5,No,No,PhD,Medium,6,5.5,0
Male,20,Engineering,51.54,55.17,91.89,62.18,5.5,79.24,13.7,Yes,Yes,Unknown,Low,10,6.6,1
Female,18,Mathematics,76.87,84.53,84.9,72.62,29.1,88.8,26.6,No,No,High School,High,10,5.0,0
Female,18,Mathematics,96.16,43.28,50.72,83.4,22.1,73.92,21.3,Yes,Yes,Master's,High,4,8.7,1
Male,23,CS,79.82,77.87,61.58,93.85,76.8,71.38,10.2,Yes,No,Unknown,Medium,2,8.5,1
Female,23,CS,98.58,61.05,80.29,58.26,52.400000000000006,64.42,16.7,Yes,No,High School,Low,8,5.3,1
Male,19,Mathematics,56.82,86.13,75.12,94.66,13.8,56.4,7.2,No,Yes,Unknown,Medium,3,7.3,1
Male,18,Engineering,78.42,91.8,76.4,69.5,28.6,59.52,18.0,No,No,Master's,High,6,6.5,1
Female,21,Engineering,89.91,61.89,61.6,92.19,52.3,50.03,27.5,No,Yes,Bachelor's,Low,6,5.3,1
Male,23,CS,76.28,71.54,83.75,75.63,99.6,93.47,6.0,No,Yes,Bachelor's,Low,1,8.5,0
Female,21,CS,54.55,47.04,63.32,93.11,36.4,88.25,20.3,Yes,No,Bachelor's,Medium,7,5.2,0
Male,23,CS,79.14,65.01,69.47,83.14,15.7,60.93,10.8,Yes,Yes,Master's,Medium,7,7.1,1
Female,21,Mathematics,80.59,61.65,68.45,75.44,49.7,50.12,29.8,No,No,Master's,Medium,5,5.7,1
Male,22,Business,86.44,50.99,83.6,65.63,31.0,74.61,6.6,Yes,Yes,Unknown,Low,2,8.1,1
Female,21,CS,88.06,93.67,54.51,98.45,56.6,70.63,20.4,Yes,Yes,PhD,High,4,7.1,1
Male,24,Engineering,88.54,48.89,60.28,90.04,46.7,88.8,11.4,Yes,No,Master's,Low,7,8.2,1
Male,18,Business,83.17,78.14,60.02,69.06,68.89999999999999,70.14,27.1,No,No,Master's,Low,6,5.7,1
Female,23,Engineering,60.79,93.41,55.42,58.34,91.4,93.21,8.0,Yes,Yes,Bachelor's,Low,9,4.1,0
Male,18,Business,70.21,94.72,60.38,88.98,20.1,54.79,15.7,No,No,Bachelor's,Low,8,5.1,1
Female,24,Mathematics,88.81,87.59,80.35,99.5,82.10000000000001,68.29,9.6,Yes,Yes,Bachelor's,Medium,5,8.1,0
Female,24,Business,97.67,50.57,86.61,63.95,94.9,96.7,25.0,Yes,Yes,PhD,Medium,7,5.6,0
Male,21,Engineering,53.95,89.05,83.02,95.79,37.400000000000006,50.59,13.8,Yes,No,Bachelor's,High,3,5.6,1
Male,20,Business,76.78,56.59,73.76,56.27,11.4,69.54,9.7,Yes,No,Bachelor's,Low,4,6.2,0
Male,20,Mathematics,65.63,95.34,52.62,97.61,82.2,62.99,23.1,No,Yes,PhD,Low,7,5.4,1
Male,24,Engineering,61.27,82.55,97.95,87.27,70.1,76.59,25.4,No,Yes,Bachelor's,High,1,8.0,0
Female,20,CS,75.29,87.12,58.4,67.33,21.3,63.94,16.6,No,Yes,Unknown,Low,9,5.6,1
Male,23,Business,80.3,45.1,83.42,65.23,44.5,93.5,14.5,Yes,No,Unknown,Low,7,7.0,0
Male,19,Engineering,50.49,74.97,95.64,82.17,57.8,96.86,20.8,No,Yes,High School,High,9,6.3,0
Male,22,Business,89.01,89.27,84.89,79.68,17.0,92.46,21.3,No,Yes,Unknown,High,7,5.4,0
Female,21,Mathematics,90.99,91.7,60.9,95.95,71.5,69.93,21.5,No,Yes,PhD,High,5,5.3,0
Male,19,Engineering,98.28,41.72,65.79,88.31,69.0,99.5,11.9,No,No,Bachelor's,High,1,6.5,0
Female,20,CS,59.03,96.35,51.51,77.02,88.69999999999999,86.75,28.5,Yes,No,High School,Low,7,5.1,0
Male,21,CS,79.73,42.6,80.64,96.38,56.7,67.78,10.3,Yes,No,Master's,High,10,5.7,0
Female,19,Business,71.33,76.87,80.65,79.64,57.400000000000006,54.68,14.4,Yes,Yes,Master's,High,9,4.2,1
Male,18,Mathematics,66.74,81.6,86.28,92.48,61.900000000000006,83.35,12.1,Yes,Yes,Unknown,Medium,3,8.0,0
Male,20,Mathematics,78.28,46.44,50.55,92.05,27.4,86.43,28.3,No,No,High School,Medium,5,4.2,1
Female,19,Business,89.12,42.88,90.89,95.96,75.9,56.12,25.7,Yes,Yes,Master's,High,10,8.4,0
Male,23,Engineering,51.15,87.09,86.94,53.38,66.2,77.49,25.3,Yes,Yes,Master's,High,3,4.2,0
Male,18,Engineering,98.47,63.08,57.04,79.19,83.9,99.35,5.1,Yes,Yes,Master's,Medium,1,8.2,0
Male,20,Business,90.49,46.43,67.38,73.42,76.9,66.31,22.1,No,No,Unknown,High,8,7.2,1
Female,22,Engineering,87.56,85.76,81.93,74.53,63.9,65.09,10.8,Yes,No,Unknown,Medium,7,6.5,0
Male,24,Engineering,88.02,90.95,74.79,73.0,16.1,95.17,29.2,No,Yes,High School,Medium,10,4.7,0
Female,20,Engineering,69.45,75.24,55.75,91.87,91.9,55.87,18.3,Yes,No,Unknown,Medium,8,5.3,1
Female,23,Business,87.58,49.67,54.37,65.92,36.7,96.68,19.1,No,No,Unknown,Low,3,7.5,0
Female,22,CS,69.34,40.91,89.07,73.14,96.4,88.97,13.9,Yes,No,PhD,Medium,5,6.6,0
Male,22,Mathematics,94.94,82.05,57.8,60.03,40.2,69.54,18.4,Yes,No,Unknown,High,7,6.6,1
Female,22,CS,58.86,73.01,58.6,62.59,14.6,54.18,23.7,Yes,Yes,High School,High,9,4.7,1
Female,21,Engineering,64.62,79.05,91.55,83.02,88.5,50.96,19.0,Yes,Yes,Unknown,Medium,6,6.4,0
Male,21,Business,77.57,88.79,80.61,55.85,79.5,68.79,21.0,No,Yes,Unknown,Low,3,7.0,0
Female,24,Mathematics,65.96,66.05,80.24,59.39,78.60000000000001,85.27,16.8,No,Yes,PhD,High,7,4.6,0
Female,22,Engineering,71.21,47.47,73.97,76.4,8.9,74.38,22.9,No,No,High School,Medium,7,8.9,1
Male,24,Mathematics,74.62,96.4,78.45,52.19,87.89999999999999,86.93,27.5,No,Yes,Master's,High,3,8.2,0
Male,18,Mathematics,92.82,72.72,80.09,56.35,59.6,83.53,6.3,No,No,PhD,Medium,5,5.6,0
Female,22,CS,76.16,76.92,98.39,93.17,47.0,78.65,7.7,No,Yes,Unknown,High,6,6.8,0
Male,19,Engineering,68.12,96.0,61.15,92.31,91.3,98.37,22.1,No,No,Bachelor's,Low,1,6.8,0
Male,22,Mathematics,62.39,95.9,60.73,67.39,66.6,86.42,14.4,No,Yes,PhD,Low,1,4.5,0
Male,21,CS,70.43,74.33,52.86,67.4,13.3,95.73,12.0,Yes,No,PhD,Low,4,6.2,1
Female,21,Business,75.79,57.86,82.91,96.83,52.0,62.11,9.5,Yes,Yes,High School,Low,10,5.0,1
Female,19,Mathematics,87.31,99.83,77.45,51.29,63.7,85.68,19.3,Yes,Yes,Master's,High,7,5.7,0
Male,19,Engineering,56.05,80.85,55.56,79.01,89.9,79.89,13.7,Yes,No,Master's,High,7,8.7,0
Female,20,Business,61.08,64.51,68.23,79.87,28.0,96.21,17.7,No,No,Master's,Low,8,6.8,1
Male,18,Mathematics,68.98,73.59,58.93,89.39,79.4,75.52,29.0,Yes,Yes,PhD,High,6,4.3,0
Male,18,Mathematics,68.02,64.95,66.57,97.59,80.0,63.98,24.0,Yes,Yes,Bachelor's,Medium,7,7.4,1
Male,18,Engineering,69.59,93.3,97.56,67.79,12.8,69.24,24.9,Yes,No,High School,Low,6,9.0,0
Male,23,Mathematics,89.68,68.95,84.17,71.89,1.7000000000000002,60.94,8.1,No,Yes,Bachelor's,High,5,4.8,1
Male,21,Engineering,66.21,89.41,50.38,83.56,58.1,61.0,13.1,Yes,No,Master's,Medium,10,7.4,1
Female,18,Engineering,75.09,90.41,62.63,98.36,78.89999999999999,73.52,7.7,No,No,PhD,Medium,6,8.1,0
Female,20,Engineering,81.2,89.46,50.52,94.54,55.4,94.63,29.2,Yes,No,Master's,High,10,8.2,0
Female,20,Engineering,61.61,83.33,85.74,83.35,81.30000000000001,59.59,22.1,Yes,Yes,Bachelor's,Low,4,7.5,0
Female,18,Mathematics,85.93,91.29,73.47,92.84,62.2,64.39,5.5,No,Yes,Master's,Medium,7,8.5,0
Male,19,Business,77.36,63.23,99.7,54.26,65.3,92.65,16.9,No,No,Unknown,Low,8,4.2,0
Male,20,Business,72.34,46.88,86.68,68.86,2.8000000000000003,66.96,11.6,Yes,Yes,High School,High,8,4.3,1
Female,24,CS,90.49,90.55,75.9,50.65,8.9,98.12,18.5,No,No,Bachelor's,High,4,4.7,0
Female,19,Engineering,62.17,69.89,90.24,58.87,72.5,63.45,9.5,No,No,Unknown,High,3,4.2,0
Male,24,Mathematics,94.16,47.64,85.24,81.52,76.3,72.11,6.4,Yes,No,Master's,Low,7,4.6,0
Male,21,Mathematics,78.05,46.92,62.19,94.28,54.2,54.78,13.1,No,No,High School,Low,7,8.1,1
Male,23,CS,80.46,49.55,76.51,81.64,59.0,99.61,12.4,No,Yes,High School,Medium,3,8.5,0
Female,20,Business,93.75,85.06,77.8,83.21,61.4,94.51,22.9,Yes,No,High School,Medium,1,5.7,0
Male,19,Mathematics,90.88,82.65,72.56,55.19,10.5,90.88,16.9,Yes,Yes,PhD,Low,3,8.8,0
Male,24,CS,80.08,52.23,58.96,83.24,66.8,57.87,12.3,Yes,No,High School,High,3,6.1,1
Female,18,Business,87.66,90.82,61.17,72.72,47.8,98.47,19.3,Yes,No,Unknown,Low,6,4.9,0
Female,24,Mathematics,71.67,56.88,64.05,82.57,60.3,96.46,6.8,No,Yes,Bachelor's,Medium,2,7.4,1
Female,24,Engineering,77.37,87.58,50.51,66.31,56.3,71.78,21.6,Yes,No,Unknown,High,4,6.1,0
Male,21,CS,53.1,69.33,95.85,79.07,76.3,84.08,8.7,No,Yes,Master's,Medium,5,4.1,0
Male,22,Mathematics,54.49,83.89,84.3,71.2,31.9,99.62,12.0,Yes,Yes,PhD,High,6,8.8,0
Female,22,CS,91.47,62.88,84.48,77.93,37.400000000000006,70.49,12.1,No,No,PhD,Low,10,7.0,0
Male,18,CS,52.98,60.83,78.62,57.35,39.2,55.65,16.6,No,Yes,Master's,Medium,9,7.1,1
Male,21,CS,58.47,90.48,84.47,69.79,76.2,93.39,28.8,Yes,No,Bachelor's,High,10,8.9,0
Male,21,Engineering,89.79,42.12,99.09,68.71,43.1,73.82,13.1,No,No,PhD,Medium,5,8.2,0
Female,21,Business,50.06,98.48,69.26,86.82,17.7,99.35,12.0,No,No,Master's,Low,2,5.8,0
Female,21,Business,64.12,78.89,85.63,85.32,98.3,77.54,9.2,No,Yes,Master's,Medium,7,4.2,0
Male,22,Mathematics,79.2,65.95,67.98,95.44,49.3,51.47,14.8,No,No,Master's,Medium,10,5.1,1
Male,19,Engineering,79.77,77.68,92.71,81.6,10.9,74.59,9.6,Yes,Yes,Master's,High,1,5.8,1
Male,21,Business,88.86,47.36,92.9,65.73,67.0,85.9,8.4,Yes,No,High School,High,8,8.8,1
Male,19,Mathematics,75.3,70.84,95.11,89.16,73.89999999999999,51.3,26.4,No,No,Bachelor's,Low,7,8.4,1
Female,24,Mathematics,75.47,99.11,50.27,74.85,50.0,70.67,6.3,Yes,Yes,Master's,High,8,4.1,1
Female,24,CS,86.27,54.12,64.91,59.67,64.6,57.78,22.8,No,No,High School,High,1,8.9,1
Male,21,Engineering,74.93,83.34,56.7,87.37,17.3,82.15,10.1,Yes,Yes,High School,Medium,6,5.3,0
Male,20,Business,80.42,66.1,72.7,56.63,36.8,97.87,5.3,Yes,Yes,Unknown,Low,5,7.9,0
Female,23,Engineering,94.89,79.15,74.77,58.91,16.200000000000003,81.23,24.9,No,No,Master's,Low,2,4.6,1
Male,20,Engineering,70.07,52.29,62.8,87.94,38.7,84.74,22.6,No,Yes,High School,High,8,5.1,0
Female,24,Business,69.26,68.23,86.17,88.51,56.3,69.83,13.4,Yes,Yes,Unknown,Medium,10,6.5,0
Male,23,Business,50.18,98.81,63.49,89.54,44.3,78.16,7.0,Yes,Yes,Unknown,Low,2,7.5,0
Female,20,Engineering,80.67,51.72,92.69,64.67,59.3,77.19,14.0,No,No,Master's,Low,2,5.7,0
Male,21,Mathematics,51.49,78.19,58.88,93.33,50.2,87.98,9.5,No,No,PhD,Medium,9,8.4,0
Male,19,Engineering,75.21,74.54,68.36,86.13,31.8,92.85,28.3,No,No,High School,High,6,8.7,0
Female,23,Business,90.21,73.9,81.11,91.7,14.3,83.14,18.2,No,No,PhD,High,3,4.6,0
Female,22,Engineering,77.5,76.91,80.27,85.43,25.3,98.99,29.1,Yes,Yes,Unknown,High,9,7.6,0
Male,18,Business,63.48,70.13,53.9,78.98,20.1,91.41,13.8,No,Yes,PhD,Medium,2,4.7,0
Male,23,Mathematics,89.31,41.02,92.31,55.47,70.7,56.23,18.9,Yes,No,PhD,Medium,8,5.7,1
Female,23,Engineering,63.49,94.01,79.9,85.55,82.0,75.37,9.8,Yes,No,Master's,Low,4,8.1,0
Female,22,Mathematics,86.65,89.62,93.49,84.52,72.0,95.16,25.2,Yes,Yes,Unknown,Medium,10,5.7,0
Male,21,Engineering,80.51,50.45,93.38,65.62,64.4,97.2,6.0,No,Yes,Bachelor's,High,2,8.5,0
Male,20,Engineering,58.5,64.8,77.3,86.79,30.8,69.01,22.4,Yes,Yes,High School,Low,5,6.1,0
Female,20,Business,95.26,86.23,95.54,77.52,71.10000000000001,86.29,14.8,No,Yes,Master's,Medium,3,5.5,0
Female,24,CS,60.03,98.8,92.42,77.97,60.5,70.53,19.5,No,No,Master's,Medium,9,8.9,0
Female,19,Business,99.48,97.07,97.91,68.38,4.699999999999999,56.18,19.8,Yes,Yes,Bachelor's,Low,8,6.2,1
Female,21,Engineering,50.37,93.96,92.52,55.84,90.8,94.23,22.8,Yes,Yes,Master's,High,6,7.7,0
Female,22,CS,63.17,49.5,91.06,60.85,8.0,96.6,10.1,No,No,Unknown,High,6,7.0,1
Male,21,CS,59.99,94.87,73.47,88.44,50.3,75.24,18.3,No,Yes,Master's,Medium,9,5.0,0
Male,21,Mathematics,50.7,92.71,60.6,63.57,51.3,50.92,15.7,No,No,Master's,Low,2,6.5,1
Female,20,Engineering,86.62,62.62,95.54,50.11,83.69999999999999,90.8,12.1,Yes,No,Bachelor's,Medium,7,4.4,0
Male,22,Business,84.67,63.67,86.13,99.85,91.3,73.85,17.4,No,No,High School,Low,3,7.5,0
Male,18,CS,89.62,67.59,64.09,60.53,94.0,53.75,28.8,No,Yes,High School,Medium,3,6.6,1
Female,23,CS,62.83,79.37,67.05,82.77,57.0,59.47,28.7,Yes,Yes,PhD,High,4,4.6,0
Male,20,Business,72.22,55.65,84.3,96.35,67.9,57.61,12.0,No,No,Unknown,Low,5,7.8,0
Male,22,Business,82.96,41.38,73.89,79.99,8.9,84.31,27.1,Yes,No,Bachelor's,High,5,8.0,0
Male,19,CS,71.99,48.47,54.07,89.95,48.8,64.97,26.9,No,Yes,High School,High,10,7.7,1
Female,23,Business,84.87,66.41,57.07,98.82,89.80000000000001,56.38,11.2,Yes,Yes,Bachelor's,Low,1,5.6,1
Female,23,Mathematics,81.7,56.92,87.28,93.02,45.6,95.88,20.0,No,Yes,PhD,Low,10,7.6,0
Male,20,CS,55.73,85.87,66.43,77.9,7.0,97.83,26.7,Yes,Yes,High School,Medium,6,6.9,0
Male,24,Mathematics,89.05,46.4,75.38,68.19,20.1,56.93,17.9,Yes,No,Bachelor's,Low,2,6.7,1
Male,19,Engineering,86.03,95.05,88.33,74.12,43.0,61.51,14.2,No,Yes,Unknown,Medium,2,7.2,0
Male,20,Mathematics,82.79,93.72,87.56,92.09,23.8,79.61,21.3,Yes,Yes,Unknown,Low,9,7.2,0
Male,21,Business,57.75,94.53,58.35,92.67,39.2,57.53,9.3,No,Yes,PhD,High,1,8.0,0
Male,24,CS,63.4,84.38,54.92,92.29,33.3,57.93,9.0,No,No,High School,Low,2,8.9,1
Female,22,Mathematics,69.66,46.42,79.56,79.86,31.9,66.83,25.8,Yes,Yes,High School,Low,10,7.6,1
Male,19,Business,64.0,66.29,87.08,73.85,9.1,97.46,6.0,No,No,Unknown,Medium,9,6.2,0
Male,23,Business,61.39,47.88,57.45,65.57,88.3,98.12,25.1,Yes,No,PhD,Medium,4,6.3,1
Female,20,Mathematics,90.27,99.26,68.6,50.17,69.3,92.09,12.3,No,No,Master's,High,4,4.1,0
Male,23,CS,81.91,59.98,93.51,88.22,62.3,84.79,17.1,No,Yes,Unknown,Low,10,4.8,0
Male,19,Mathematics,78.27,75.12,97.21,63.85,60.6,86.03,18.6,No,No,Unknown,Medium,9,5.1,0
Male,23,Engineering,61.3,86.76,72.7,66.48,39.7,73.48,24.2,No,No,Bachelor's,Low,5,9.0,1
Male,20,Mathematics,95.9,95.24,53.98,92.17,82.30000000000001,76.51,27.1,No,No,PhD,High,4,7.8,1
Female,24,Mathematics,59.56,85.33,62.88,52.61,93.0,81.72,25.1,Yes,Yes,Master's,Medium,9,4.7,1
Male,20,CS,89.75,80.47,61.65,96.38,0.6,86.56,19.3,Yes,No,PhD,High,4,6.5,0
Female,18,Mathematics,98.33,67.96,61.95,50.07,7.9,54.84,13.7,Yes,No,PhD,Medium,4,5.1,1
Male,23,Business,86.35,76.32,74.69,96.96,67.5,61.24,18.2,No,Yes,Unknown,Low,7,5.5,0
Male,18,CS,99.64,45.65,79.16,72.74,23.6,98.15,5.8,No,No,Unknown,Medium,10,7.0,0
Female,24,Business,82.55,93.04,56.13,55.11,91.2,66.76,11.1,Yes,No,Unknown,High,10,7.0,0
Male,18,CS,60.87,72.63,94.47,83.71,66.7,63.42,14.2,Yes,No,Bachelor's,Medium,1,8.4,0
Female,23,Engineering,60.19,42.41,81.0,94.79,36.8,71.1,13.0,Yes,Yes,Master's,Low,3,4.8,1
Female,19,Engineering,66.23,95.19,79.86,71.9,41.5,64.55,7.4,No,Yes,Master's,Low,10,6.5,0
Female,21,Engineering,50.36,69.36,99.36,84.57,69.1,54.56,6.3,No,No,PhD,High,4,7.0,1
Male,24,Mathematics,84.08,92.12,81.41,98.97,14.1,60.4,15.5,Yes,Yes,Unknown,High,8,8.7,0
Male,20,Engineering,63.43,91.41,96.45,62.04,88.3,82.01,6.9,No,Yes,PhD,Medium,9,6.6,0
Male,22,CS,90.76,88.95,64.31,91.02,0.5,61.16,12.2,No,No,Unknown,Low,1,5.7,1
Male,24,Engineering,67.96,43.68,62.01,64.76,97.9,82.38,16.9,No,No,PhD,Low,3,5.5,1
Female,18,CS,74.0,54.82,75.83,71.32,16.8,55.0,10.2,Yes,No,PhD,Medium,3,5.1,1
Male,19,Business,98.28,92.53,75.43,64.09,74.2,52.09,7.0,No,No,Bachelor's,Medium,8,8.8,0
Male,23,Mathematics,62.11,93.94,61.32,72.3,4.0,93.08,15.8,No,No,Bachelor's,High,5,7.0,0
Female,19,Business,86.06,67.48,84.98,50.25,43.1,88.0,16.2,No,No,PhD,High,5,5.5,0
Female,19,Business,87.76,66.4,51.48,65.17,63.0,83.3,27.9,No,No,Unknown,Medium,8,7.7,0
Male,23,Engineering,61.05,50.51,84.53,72.26,7.0,51.54,8.2,Yes,Yes,PhD,Medium,6,5.4,1
Female,22,Engineering,75.05,98.1,72.86,81.61,44.3,61.97,20.4,Yes,No,Unknown,Medium,6,6.5,1
Female,23,Engineering,67.51,52.79,84.45,81.87,30.3,90.62,13.0,No,No,High School,Low,7,4.1,0
Female,22,Business,88.6,51.46,73.85,79.19,49.8,57.23,8.1,Yes,Yes,Master's,High,10,8.2,1
Female,23,Mathematics,81.12,79.64,98.87,64.65,50.5,90.64,14.8,Yes,No,PhD,High,1,8.8,0
Female,18,Mathematics,73.8,54.57,66.73,97.37,78.5,79.21,15.7,No,No,High School,Low,9,8.3,0
Male,22,Business,88.97,96.33,99.13,69.6,12.4,87.02,14.1,No,No,PhD,High,5,4.9,0
Male,18,Mathematics,61.76,40.65,53.25,60.84,8.299999999999999,82.23,24.1,Yes,No,Bachelor's,Medium,8,8.1,1
Male,24,Business,87.68,40.35,84.19,77.73,40.2,70.85,26.0,No,No,Master's,Low,10,5.7,1
Male,22,Business,93.27,70.29,72.71,87.45,88.80000000000001,64.6,8.7,No,No,PhD,Medium,6,8.7,0
Male,22,Mathematics,93.93,69.28,91.11,50.61,85.5,83.64,9.2,Yes,Yes,Bachelor's,High,6,5.5,0
Male,23,CS,89.18,49.8,89.48,63.82,56.0,90.35,15.5,No,Yes,Bachelor's,Low,4,4.4,0
Male,22,CS,70.4,69.67,90.01,91.25,88.9,52.24,13.0,No,Yes,High School,High,3,8.3,1
Female,18,Engineering,99.09,64.7,54.74,75.35,80.5,69.0,25.5,Yes,Yes,Bachelor's,Medium,2,4.6,1
Male,24,Mathematics,68.98,93.42,91.12,70.42,27.8,67.54,29.9,Yes,No,High School,Medium,10,6.7,1
Male,23,Engineering,81.93,40.56,60.7,96.55,17.0,77.97,9.5,No,Yes,Unknown,High,4,5.9,0
Male,20,Business,58.05,98.58,51.28,54.48,30.1,55.7,24.1,No,No,Unknown,Low,1,7.8,1
Female,24,CS,99.02,77.46,60.89,80.78,22.7,96.67,20.2,Yes,No,Unknown,Low,6,7.7,0
Male,24,Mathematics,85.2,49.11,73.96,67.11,62.3,77.43,21.1,No,Yes,Unknown,Low,7,7.9,0
Male,18,Mathematics,87.67,42.81,87.11,53.54,58.5,96.19,11.6,Yes,Yes,PhD,Medium,5,4.3,0
Female,24,Mathematics,53.29,72.29,60.93,60.69,59.8,90.85,7.4,Yes,No,High School,High,10,8.3,0
Male,20,CS,88.17,54.09,55.65,81.4,18.9,59.58,18.6,No,No,Unknown,Low,10,6.3,1
Male,19,Engineering,88.74,58.07,82.3,51.41,79.2,56.62,20.3,No,Yes,Bachelor's,Low,10,5.1,1
Female,23,CS,83.59,54.71,99.19,79.61,43.4,93.06,29.1,No,No,High School,Low,1,5.5,0
Male,19,Engineering,64.6,79.01,80.04,97.84,47.2,76.81,21.9,Yes,No,PhD,Low,3,8.5,0
Female,23,Business,74.48,73.21,84.55,89.75,99.7,50.99,16.1,No,No,Unknown,Low,6,4.0,1
Male,24,Business,55.52,44.68,78.06,67.28,28.2,96.71,29.9,No,No,High School,High,7,8.0,1
Male,23,Engineering,73.58,71.59,89.12,56.91,39.4,73.65,14.3,No,No,Master's,Medium,9,8.6,1
Male,18,Business,62.19,87.47,98.79,73.25,67.6,65.05,9.1,No,No,Unknown,High,2,5.3,0
Female,20,Business,67.45,44.87,77.21,69.65,88.0,75.83,20.4,No,Yes,High School,Medium,3,8.1,1
Female,23,Mathematics,58.13,93.38,70.84,98.59,12.7,91.15,11.7,Yes,No,Unknown,Medium,4,4.8,0
Female,20,Mathematics,61.5,74.7,93.02,99.49,73.5,55.51,28.1,Yes,No,Master's,High,5,4.1,0
Male,23,CS,53.83,97.04,98.49,70.53,91.8,67.95,15.7,Yes,Yes,Bachelor's,Medium,7,7.0,0
Male,20,CS,96.0,48.89,56.46,57.44,42.3,65.94,8.7,Yes,No,Bachelor's,Medium,6,7.2,1
Female,19,CS,76.52,99.61,78.91,95.53,28.700000000000003,91.98,8.5,No,No,Master's,Medium,5,4.8,0
Female,18,Mathematics,69.84,78.66,89.62,89.68,67.8,88.92,21.2,Yes,Yes,High School,Medium,6,6.6,0
Male,23,CS,76.75,74.05,76.67,75.56,24.6,70.01,14.1,No,Yes,PhD,Low,1,5.9,1
Male,21,CS,81.41,70.92,70.46,68.27,38.4,83.22,14.1,Yes,Yes,Unknown,High,8,4.4,0
Male,20,Mathematics,96.09,41.42,82.76,72.41,89.7,69.72,20.3,Yes,No,PhD,High,7,6.5,1
Male,20,Engineering,58.93,96.38,63.51,95.09,59.0,78.57,10.5,Yes,No,Unknown,Low,3,6.9,0
Female,21,Mathematics,64.78,78.64,67.46,59.23,9.5,99.56,8.6,Yes,Yes,PhD,Low,2,5.1,0
Male,18,Engineering,98.79,45.5,99.61,90.34,33.0,76.78,21.4,Yes,No,Unknown,Low,9,7.7,0
Male,20,Mathematics,68.56,41.26,81.82,50.91,62.7,99.43,5.1,Yes,No,Bachelor's,High,5,4.4,0
Male,18,CS,51.13,43.05,93.65,96.03,48.1,87.36,27.7,No,Yes,Unknown,Low,9,6.8,0
Male,20,Business,57.38,76.56,90.39,75.01,66.0,56.04,9.6,Yes,Yes,Unknown,High,9,5.5,0
Male,24,Business,51.32,76.84,82.61,61.34,76.10000000000001,89.8,16.2,Yes,Yes,Master's,Low,3,6.2,0
Male,22,Engineering,99.5,69.98,92.04,50.14,48.1,58.06,10.3,No,Yes,Master's,High,3,8.5,0
Male,24,Engineering,63.94,58.41,64.36,77.98,98.7,76.62,10.5,Yes,Yes,Unknown,Medium,9,7.3,1
Female,20,Engineering,96.18,71.9,81.86,62.22,91.5,80.66,25.9,No,Yes,Unknown,Low,3,4.7,0
Female,22,Business,99.79,70.98,79.53,81.56,6.0,94.61,19.6,Yes,Yes,High School,Medium,7,8.4,0
Female,23,Engineering,79.99,41.16,81.12,64.06,26.6,60.52,12.8,No,No,Bachelor's,Low,3,5.9,1
Male,18,Mathematics,51.66,56.95,58.43,54.4,30.1,93.8,11.3,No,No,Unknown,High,1,5.7,0
Female,20,Mathematics,54.08,43.19,63.86,75.25,18.4,96.72,10.3,No,No,Unknown,Medium,3,6.5,1
Male,19,Business,74.08,94.01,64.33,78.22,31.200000000000003,54.47,18.9,No,No,Bachelor's,Medium,5,5.0,1
Male,19,Mathematics,70.31,83.51,80.1,72.63,42.5,94.26,23.3,Yes,Yes,High School,Medium,10,8.6,0
Male,21,Engineering,80.31,99.77,98.63,72.9,5.2,62.96,11.3,No,Yes,Master's,Low,8,6.3,0
Male,19,Business,71.94,58.13,97.7,79.48,12.7,54.05,13.3,No,No,Master's,Low,7,6.0,1
Female,22,Engineering,96.7,92.71,61.36,76.32,9.6,97.93,23.0,No,Yes,Bachelor's,Low,10,4.9,0
Male,19,Mathematics,76.74,76.18,65.24,56.63,4.6000000000000005,69.61,23.4,No,Yes,Unknown,Medium,1,8.0,1
Male,19,Engineering,84.69,67.19,51.8,59.85,48.1,81.15,10.2,No,Yes,Master's,High,2,8.8,1
Female,19,Business,94.82,53.35,69.94,57.09,33.4,77.64,14.6,No,No,Unknown,Medium,9,8.3,0
Female,20,Engineering,57.34,84.3,91.73,84.66,93.5,60.66,26.7,Yes,No,PhD,Medium,10,4.8,0
Female,21,Mathematics,61.49,94.25,95.79,76.43,10.3,83.48,23.5,Yes,No,Unknown,High,8,7.8,0
Male,18,CS,55.37,54.12,61.82,71.49,92.6,52.31,9.1,Yes,No,Master's,High,2,5.0,1
Female,21,Business,56.98,50.52,63.29,89.92,8.7,60.15,14.6,No,Yes,Unknown,Medium,3,4.2,1
Male,22,Engineering,75.63,81.77,61.04,66.29,61.900000000000006,97.23,29.3,Yes,Yes,Unknown,Medium,8,6.4,0
Male,20,Business,66.06,98.62,67.51,78.41,24.8,97.68,18.1,No,No,High School,High,4,7.4,0
Female,23,Engineering,71.16,85.0,90.24,53.72,82.69999999999999,74.13,23.0,Yes,No,High School,Medium,2,4.6,0
Female,20,CS,99.12,57.07,82.34,87.22,6.1,58.45,7.3,Yes,Yes,Unknown,Medium,4,7.0,1
Female,24,Mathematics,57.84,65.2,89.3,84.76,95.3,71.08,25.8,Yes,No,Bachelor's,High,6,8.2,0
Male,19,Engineering,77.04,63.06,79.15,90.12,4.699999999999999,93.85,20.1,Yes,No,Bachelor's,Low,8,5.0,0
Male,19,Engineering,54.94,91.13,62.89,94.22,24.1,53.51,9.4,Yes,No,Bachelor's,Medium,3,6.1,1
Male,22,CS,65.92,86.28,61.4,87.9,46.4,56.39,14.5,Yes,No,Bachelor's,Medium,5,6.5,1
Male,23,Business,76.38,75.34,50.45,92.22,75.6,94.78,7.1,Yes,Yes,Master's,Low,3,8.2,0
Male,24,Mathematics,97.33,56.5,89.05,67.28,95.1,70.77,24.4,Yes,No,Bachelor's,High,8,7.9,0
Male,20,Engineering,69.56,96.28,92.36,67.17,42.8,54.17,23.6,Yes,No,Master's,Low,8,7.8,0
Female,23,Engineering,53.25,79.2,88.41,97.22,75.7,56.96,17.3,No,Yes,Bachelor's,Medium,6,7.4,0
Male,18,Mathematics,69.41,98.23,53.72,95.73,72.69999999999999,94.12,16.3,Yes,Yes,Unknown,Low,10,7.1,0
Female,21,CS,57.29,74.81,88.11,77.42,57.1,74.51,16.6,No,Yes,Bachelor's,High,1,6.5,0
Female,20,Business,61.5,89.27,52.29,68.33,69.1,58.15,5.9,No,Yes,Unknown,Medium,3,5.8,1
Female,23,Mathematics,80.9,88.79,55.28,93.3,3.8,94.7,14.2,Yes,Yes,Unknown,Low,7,6.6,0
Female,18,Business,53.37,60.24,72.02,66.17,44.2,92.26,8.2,No,Yes,High School,Medium,8,8.3,0
Female,18,CS,73.24,97.84,73.81,57.68,78.60000000000001,51.15,9.6,Yes,Yes,PhD,High,3,6.9,0
Male,24,CS,80.47,41.32,90.81,81.97,47.400000000000006,79.05,29.1,No,Yes,PhD,Low,6,8.9,1
Male,24,Mathematics,71.09,86.12,83.98,52.13,87.4,62.22,11.5,Yes,Yes,Unknown,High,2,4.7,1
Male,21,Engineering,50.96,97.93,57.67,68.96,83.4,76.66,17.1,Yes,Yes,PhD,Medium,1,6.2,0
Male,18,CS,99.28,60.33,61.31,90.38,86.30000000000001,63.96,27.2,Yes,No,PhD,Medium,9,5.0,0
Female,22,CS,68.36,78.89,64.28,64.76,13.0,65.79,15.3,Yes,Yes,Bachelor's,High,9,5.8,1
Female,18,Mathematics,88.93,73.73,56.18,96.57,24.4,80.09,18.2,Yes,Yes,PhD,Medium,5,7.9,0
Female,23,Mathematics,66.28,85.69,64.38,97.79,3.0,76.94,9.2,Yes,Yes,PhD,High,1,8.1,0
Male,24,Mathematics,73.75,91.97,86.43,90.79,98.3,69.76,12.1,No,No,PhD,High,2,4.2,0
Male,22,CS,69.42,76.18,62.07,99.38,23.6,55.38,17.7,No,Yes,High School,High,1,8.8,1
Male,24,Business,67.13,88.95,91.77,76.54,36.7,98.47,14.1,No,Yes,PhD,Medium,6,8.4,0
Male,24,CS,51.09,58.74,73.48,78.46,27.5,58.73,6.0,No,No,Bachelor's,High,2,8.5,1
Female,24,Mathematics,68.0,53.72,66.15,91.81,4.0,81.66,15.0,No,Yes,Master's,Medium,1,5.9,1
Female,18,Engineering,94.47,65.84,70.62,74.64,26.1,54.14,25.4,Yes,Yes,High School,High,10,6.5,1
Male,19,Engineering,84.52,80.66,85.47,70.34,9.8,84.42,7.9,No,No,Bachelor's,Medium,6,4.8,0
Male,18,Mathematics,57.27,51.23,75.84,80.74,39.4,54.74,5.5,Yes,Yes,Unknown,Low,2,6.0,1
Female,24,Engineering,79.56,80.82,50.36,82.88,96.7,61.48,8.0,No,Yes,Bachelor's,High,9,4.6,1
Female,22,CS,94.61,63.65,96.12,87.54,69.80000000000001,82.35,22.2,Yes,Yes,Master's,Low,10,8.3,0
Female,18,Business,85.0,87.73,53.3,83.41,70.7,64.15,24.9,No,Yes,High School,Low,3,6.9,1
Female,24,CS,57.43,42.21,96.93,87.29,45.3,76.64,6.2,No,Yes,Master's,High,10,4.7,0
Male,24,Mathematics,93.39,80.08,51.41,83.73,81.1,56.23,27.2,Yes,Yes,Unknown,Low,8,8.4,0
Female,18,CS,65.08,78.99,88.55,74.02,90.8,60.12,20.7,No,Yes,Unknown,Low,9,4.4,0
Female,18,Engineering,72.7,96.46,76.73,56.75,96.2,86.69,18.0,No,No,Unknown,High,10,8.6,0
Female,22,CS,76.31,82.8,75.29,89.27,9.9,51.76,11.3,Yes,No,Bachelor's,Low,5,4.5,0
Female,18,Business,92.53,87.78,53.64,51.54,88.0,55.59,14.3,Yes,Yes,Bachelor's,High,6,7.6,1
Male,21,Engineering,96.58,94.28,61.94,99.63,22.5,60.75,28.7,Yes,Yes,PhD,High,10,7.2,0
Male,23,Business,96.48,80.5,88.88,91.42,39.7,51.01,27.8,No,Yes,Unknown,Low,5,7.9,1
Male,21,Business,50.4,57.41,94.56,83.55,34.5,54.77,20.6,Yes,Yes,Master's,High,6,6.8,0
Male,22,Business,96.09,92.19,76.46,98.33,67.5,64.07,19.5,No,No,Unknown,Low,2,5.7,0
Male,19,CS,52.72,84.85,67.67,80.62,59.8,54.65,10.3,No,Yes,High School,High,9,5.4,1
Male,21,CS,63.29,65.47,53.0,52.82,10.9,93.31,28.8,Yes,No,Bachelor's,High,7,8.7,1
Female,24,CS,75.75,82.63,84.11,77.97,78.3,53.3,23.9,Yes,No,Unknown,High,6,6.2,0
Female,23,CS,74.0,92.06,63.92,63.86,44.0,93.05,14.6,No,No,PhD,Low,4,8.2,0
Female,20,Engineering,80.24,98.54,52.75,68.47,0.2,91.14,25.4,Yes,Yes,Unknown,Medium,10,7.6,0
Female,23,CS,73.97,97.14,83.29,72.98,41.5,55.04,10.3,No,Yes,PhD,Low,9,7.3,0
Male,21,Engineering,96.72,59.52,74.29,88.73,51.6,51.26,10.3,No,Yes,Bachelor's,High,7,8.9,0
Female,20,Business,62.03,65.3,50.6,75.15,6.9,52.5,24.8,No,No,Bachelor's,Low,4,6.8,1
Male,22,Engineering,63.7,46.57,55.55,73.73,15.1,79.52,19.0,No,Yes,PhD,High,3,7.7,1
Female,23,Mathematics,96.04,54.85,84.96,65.1,99.4,83.52,18.9,Yes,Yes,High School,Medium,10,8.2,0
Female,19,CS,53.84,92.95,53.18,76.99,87.10000000000001,81.03,19.3,Yes,Yes,Bachelor's,Medium,8,4.2,0
Female,20,Mathematics,80.48,61.65,93.3,62.42,13.3,77.07,8.1,Yes,Yes,PhD,Low,6,9.0,1
Male,20,Engineering,84.09,77.23,65.57,63.05,58.0,58.73,13.7,No,Yes,Bachelor's,Low,2,5.3,1
Female,23,CS,75.28,79.96,54.43,87.86,37.9,92.05,19.3,No,Yes,Unknown,Medium,7,7.5,0
Male,21,Mathematics,84.71,86.91,87.99,67.13,54.400000000000006,66.38,11.2,No,No,Master's,Low,8,8.8,1
Male,20,CS,58.64,50.97,76.22,52.57,47.1,99.31,17.6,No,No,High School,High,5,7.8,0
Female,22,Engineering,92.63,58.29,65.33,67.18,4.8,69.24,18.9,Yes,Yes,Master's,High,3,5.1,1
Male,23,Mathematics,57.0,66.9,70.3,81.93,31.5,63.15,28.6,No,No,High School,Low,8,5.8,1
Male,22,Engineering,70.04,61.89,51.07,90.7,12.6,94.71,11.1,Yes,No,Unknown,Medium,2,6.1,0
Female,23,Mathematics,53.76,98.97,83.13,98.1,48.9,78.37,16.0,No,Yes,PhD,High,10,6.9,0
Female,22,Business,77.26,90.1,68.29,87.31,90.7,86.09,29.5,Yes,Yes,PhD,High,6,7.0,0
Female,21,Business,83.49,68.78,85.7,71.44,99.6,70.42,9.7,No,No,PhD,High,7,7.9,1
Female,23,Business,97.06,92.76,81.41,64.96,94.4,94.35,24.5,Yes,No,Unknown,High,10,8.3,0
Female,24,Business,86.97,60.86,82.56,56.48,98.6,95.89,9.4,Yes,No,Master's,Medium,9,4.4,0
Female,19,Business,77.06,87.15,89.64,81.38,1.5,71.84,26.3,No,No,Bachelor's,High,5,5.4,0
Male,21,Engineering,96.63,53.42,81.56,75.49,72.9,62.04,17.2,No,No,PhD,Medium,1,5.7,1
Female,22,Business,73.92,86.34,70.94,83.89,27.3,82.38,29.3,No,No,Bachelor's,Medium,10,4.1,0
Female,23,Engineering,78.06,67.39,69.5,61.86,86.6,97.73,9.3,No,No,Master's,Medium,2,6.1,0
Male,21,Business,79.8,46.45,55.98,66.18,81.4,81.12,22.2,Yes,No,Bachelor's,High,8,5.8,0
Female,22,CS,70.5,56.4,88.97,64.6,42.400000000000006,97.71,22.4,Yes,No,Bachelor's,High,1,6.6,0
Male,18,Business,91.92,64.14,88.06,89.88,47.3,67.19,23.0,Yes,Yes,Bachelor's,Medium,2,4.5,0
Female,18,CS,59.26,84.96,62.31,58.56,26.5,95.75,7.5,Yes,No,Unknown,High,5,6.1,0
Female,20,Engineering,77.74,44.38,93.13,80.42,28.9,55.63,12.2,No,No,Master's,High,10,7.0,0
Male,19,Business,86.11,79.57,79.45,52.57,98.1,67.94,13.5,Yes,Yes,Bachelor's,High,3,8.0,0
Female,18,Mathematics,95.2,82.96,73.93,77.48,88.9,74.72,13.1,No,No,PhD,Medium,4,7.8,0
Male,24,Engineering,94.2,79.24,50.87,53.2,19.2,82.66,21.9,No,Yes,PhD,Medium,10,6.0,1
Female,22,Business,75.44,85.64,69.14,58.79,27.6,64.71,6.4,No,No,Master's,High,5,5.9,1
Female,21,Engineering,82.16,50.69,82.03,55.65,10.9,96.21,23.3,Yes,No,Unknown,High,3,4.2,1
Male,23,Mathematics,69.71,75.23,54.49,67.34,98.9,95.17,18.2,Yes,Yes,Bachelor's,Medium,5,4.4,0
Female,21,Business,73.41,96.47,72.98,67.19,90.7,89.97,9.3,Yes,Yes,Unknown,Low,3,8.4,0
Female,20,Mathematics,95.31,76.65,99.67,91.32,55.2,55.72,10.7,Yes,No,Master's,Medium,1,8.0,0
Male,21,Business,96.54,76.68,85.83,61.28,69.3,53.91,7.4,No,Yes,High School,High,7,4.1,0
Female,18,CS,94.77,84.19,77.34,54.32,74.80000000000001,74.91,16.5,No,No,PhD,Low,4,8.4,1
Male,21,Engineering,56.92,59.99,76.65,80.18,20.4,88.27,19.9,Yes,No,Bachelor's,High,8,7.1,0
Female,18,Mathematics,92.5,82.03,52.19,84.37,93.5,56.16,19.5,Yes,Yes,Bachelor's,Medium,4,8.0,1
Male,18,Engineering,97.42,94.97,97.87,64.74,52.7,82.07,29.1,No,Yes,Master's,High,7,6.5,0
Female,19,Mathematics,68.06,40.65,96.41,80.14,9.2,76.39,12.4,No,Yes,Master's,Low,3,4.8,1
Male,20,Engineering,75.93,92.21,84.12,88.8,39.7,86.3,24.1,No,No,Unknown,High,2,5.8,0
Male,24,Engineering,88.95,53.12,54.95,67.38,60.2,71.77,23.1,Yes,No,PhD,Medium,3,6.3,1
Female,24,Engineering,78.1,67.36,60.39,76.27,35.3,84.66,6.5,Yes,Yes,Unknown,Medium,7,7.8,0
Female,22,CS,99.67,91.14,59.2,57.33,69.9,57.98,28.3,No,Yes,Master's,Medium,3,8.1,1
Male,24,Business,72.79,89.43,75.98,51.18,88.2,60.73,28.3,No,No,PhD,Medium,10,7.7,1
Female,18,CS,85.7,93.52,60.39,99.07,77.2,95.17,14.9,Yes,Yes,Master's,Low,8,6.4,0
Male,23,Engineering,89.63,96.43,84.79,64.99,64.3,66.47,15.4,Yes,No,Unknown,High,8,7.3,0
Female,20,Mathematics,74.71,66.83,77.26,63.95,51.2,99.28,25.5,Yes,No,Unknown,High,1,5.5,0
Female,22,Engineering,92.85,79.38,50.88,98.66,25.4,52.31,17.4,Yes,Yes,Unknown,Low,7,8.9,1
Male,24,Business,77.31,63.43,87.2,86.41,45.5,74.79,25.0,No,No,High School,High,8,4.8,0
Male,24,CS,70.58,61.04,59.44,79.26,29.3,66.25,5.9,Yes,Yes,Unknown,Low,9,7.6,1
Female,23,Business,55.39,65.9,91.24,84.97,93.4,99.8,11.3,Yes,No,Bachelor's,Low,8,4.8,0
Female,21,Mathematics,69.67,84.58,67.75,85.5,90.7,99.5,7.3,No,Yes,Unknown,Low,10,5.4,0
Female,20,Business,86.7,70.09,66.93,88.17,15.6,61.76,16.4,Yes,No,Master's,Low,6,7.7,1
Female,23,CS,96.06,88.84,50.59,53.36,82.30000000000001,63.36,26.4,Yes,Yes,Unknown,Medium,8,7.6,0
Female,24,Mathematics,62.58,84.71,99.39,70.64,70.3,87.48,19.2,No,Yes,Master's,Low,3,4.6,0
Male,20,Business,67.76,41.23,80.6,64.76,97.5,94.48,18.0,No,No,Master's,Low,2,7.4,0
Female,20,CS,57.7,77.81,71.14,53.53,46.3,83.18,14.2,Yes,Yes,PhD,Medium,1,5.0,0
Female,24,CS,84.54,66.19,54.83,70.63,72.2,93.24,6.6,Yes,Yes,High School,Low,8,8.9,0
Male,21,Engineering,98.01,67.4,84.96,80.81,51.8,53.16,24.2,Yes,No,Master's,Low,7,7.0,1
Male,21,Business,82.05,89.1,64.14,58.92,6.9,82.03,19.3,Yes,Yes,Master's,Medium,6,4.0,1
Male,24,Mathematics,80.85,72.86,99.41,65.25,4.699999999999999,85.01,28.3,Yes,Yes,Bachelor's,Low,3,5.0,0
Female,20,Engineering,77.67,93.14,97.53,81.96,12.2,59.52,15.8,Yes,No,Unknown,High,6,5.1,0
Male,23,Business,54.42,82.77,86.76,78.97,29.6,88.9,15.0,No,Yes,High School,Low,5,5.2,0
Male,19,Business,86.48,73.17,98.55,93.44,25.9,97.21,29.4,Yes,No,High School,Medium,5,6.8,0
Male,18,Mathematics,80.1,85.27,55.28,89.56,72.8,94.9,8.5,Yes,Yes,PhD,Low,4,5.0,0
Male,21,Engineering,83.07,42.3,64.0,98.28,71.6,62.25,11.3,Yes,No,Master's,Low,5,6.1,1
Female,24,Engineering,94.94,41.63,62.66,79.86,97.1,66.2,17.2,No,Yes,Master's,Medium,5,4.9,1
Female,19,Mathematics,89.2,45.0,53.6,84.92,31.0,74.98,18.1,Yes,Yes,Bachelor's,Medium,5,7.3,1
Female,21,Engineering,89.05,66.25,98.61,93.03,93.8,57.92,18.7,Yes,No,High School,High,10,6.8,0
Male,20,CS,96.36,54.13,53.0,92.0,61.3,97.7,10.3,Yes,Yes,Unknown,High,10,7.1,0
Male,24,Mathematics,99.5,99.06,92.83,85.94,49.5,58.08,28.2,Yes,Yes,PhD,High,8,8.8,1
Male,19,Business,79.06,72.54,88.41,75.01,66.8,88.07,22.6,Yes,No,PhD,High,2,6.0,0
Male,24,Mathematics,55.44,79.74,68.79,63.66,70.3,67.07,11.5,No,No,PhD,Medium,2,5.1,1
Male,23,CS,72.96,56.73,50.94,93.86,17.2,78.69,12.4,Yes,No,PhD,High,6,9.0,0
Male,23,Mathematics,89.38,59.31,50.3,88.83,75.19999999999999,52.36,27.0,Yes,Yes,High School,High,3,4.3,1
Female,22,Business,51.39,60.13,60.2,91.9,72.5,60.25,14.5,Yes,Yes,Master's,Medium,10,8.1,0
Female,18,Business,52.84,81.92,74.69,57.04,99.8,72.22,18.9,No,No,High School,Low,10,4.8,0
Male,18,Mathematics,53.36,68.42,72.9,65.74,91.2,83.86,8.0,No,Yes,Unknown,Low,10,7.3,0
Female,21,Mathematics,86.55,71.06,79.26,71.24,68.5,88.88,11.3,No,No,PhD,Low,10,6.4,0
Male,18,CS,75.06,75.52,88.6,91.92,71.2,51.51,15.4,Yes,No,High School,Low,4,8.2,0
Male,24,CS,68.44,86.13,68.87,94.64,94.6,57.62,21.4,Yes,No,Unknown,Low,3,7.7,0
Female,24,Business,55.28,45.42,58.02,64.24,96.7,86.49,12.0,No,Yes,Bachelor's,Medium,4,4.9,1
Male,22,Engineering,86.61,86.61,90.0,84.32,82.69999999999999,90.65,28.8,No,Yes,PhD,High,2,7.3,0
Female,23,Engineering,66.05,73.79,66.63,53.89,76.7,61.83,10.5,Yes,Yes,Master's,High,9,5.1,1
Male,19,Engineering,63.27,80.15,64.34,70.48,11.1,61.48,24.5,No,No,Master's,High,3,4.8,1
Male,19,Engineering,82.62,59.65,88.22,74.33,83.0,54.4,14.1,Yes,Yes,Master's,Low,7,4.4,0
Female,23,Business,77.95,64.56,96.71,88.28,25.3,57.51,25.8,Yes,Yes,Unknown,Medium,9,4.6,0
Male,20,Engineering,68.12,53.87,95.75,94.6,56.4,50.4,28.1,Yes,No,High School,Low,9,7.5,0
Male,23,Engineering,82.07,98.76,56.87,66.86,40.5,79.49,9.7,Yes,Yes,PhD,Medium,6,9.0,0
Male,19,Mathematics,63.56,69.82,75.16,76.39,34.6,95.19,17.3,Yes,No,PhD,Medium,1,7.4,0
Female,21,Engineering,89.74,99.76,54.64,82.37,31.0,57.48,8.9,Yes,No,PhD,Low,10,7.5,1
Male,22,Mathematics,61.47,69.39,98.05,66.43,85.5,87.57,22.6,No,No,PhD,Medium,2,7.9,0
Male,23,Business,57.94,53.19,60.76,99.28,76.9,78.68,25.8,No,Yes,Bachelor's,Low,9,8.4,0
Male,20,Mathematics,89.12,70.45,59.87,93.79,52.3,97.0,14.7,No,Yes,PhD,High,5,5.3,0
Female,21,CS,85.39,42.38,94.44,64.82,66.39999999999999,89.91,14.9,Yes,No,Bachelor's,Medium,10,7.0,0
Female,23,Mathematics,59.13,94.29,98.39,75.4,98.5,92.64,10.1,No,No,High School,Medium,2,5.1,0
Female,21,Engineering,55.81,89.11,84.88,61.54,39.8,81.96,12.7,No,No,Master's,High,6,6.6,0
Female,23,Mathematics,91.92,83.55,56.05,75.73,55.1,90.57,13.1,Yes,Yes,Bachelor's,High,7,5.0,0
Female,21,Mathematics,88.83,76.59,74.29,84.17,53.4,67.54,8.9,No,Yes,Master's,Medium,10,4.3,0
Male,24,Business,66.36,74.79,90.83,54.28,93.6,60.45,12.7,No,Yes,Master's,High,10,4.4,1
Female,18,Business,82.91,99.8,78.62,93.51,35.2,95.63,27.7,Yes,Yes,Unknown,High,10,8.9,0
Female,21,Engineering,56.21,56.68,56.63,79.69,98.6,86.72,13.1,Yes,No,Bachelor's,Medium,6,4.0,1
Male,24,CS,75.35,86.78,58.59,99.48,30.5,54.54,11.9,No,No,PhD,Low,1,7.5,0
Female,18,CS,50.94,74.88,93.21,51.28,10.9,93.35,14.6,Yes,No,Unknown,Medium,1,8.4,0
Male,19,Mathematics,69.58,98.55,76.35,91.57,19.1,67.45,29.0,Yes,No,PhD,Medium,2,6.0,1
Female,18,CS,53.74,89.67,85.29,89.6,42.6,64.91,24.1,No,Yes,Master's,Low,9,7.5,0
Male,21,Business,73.76,99.91,68.65,56.64,65.0,81.17,10.0,Yes,No,Unknown,High,1,5.7,0
Male,22,Engineering,71.08,75.3,76.62,66.77,51.7,78.43,23.8,Yes,Yes,PhD,Medium,9,6.6,1
Female,22,Engineering,72.22,52.27,98.86,94.24,37.6,76.91,24.2,No,Yes,PhD,High,6,8.7,0
Female,19,Business,52.27,70.22,66.49,75.92,56.2,62.74,28.8,No,No,High School,High,2,4.2,0
Male,21,Engineering,68.08,82.67,83.74,70.06,83.9,97.99,27.3,No,Yes,Unknown,Low,10,5.3,0
Male,18,Mathematics,87.82,86.46,58.63,95.27,83.9,97.51,7.4,Yes,No,Unknown,Medium,3,4.5,0
Male,22,Engineering,68.45,40.03,56.09,54.67,72.6,50.21,16.4,Yes,Yes,Master's,Low,9,6.5,1
Male,23,CS,85.76,70.3,89.18,73.66,95.2,66.89,22.6,No,No,Master's,Low,10,7.9,0
Male,20,Engineering,68.47,54.11,92.21,82.62,59.0,52.28,29.3,No,No,Unknown,Low,2,8.9,1
Male,21,Engineering,71.16,92.49,83.42,80.43,0.8,92.51,7.1,No,Yes,High School,Medium,5,4.8,0
Male,24,Business,78.19,49.17,57.91,63.21,29.1,94.33,14.2,Yes,No,High School,Medium,8,4.2,1
Female,24,Business,97.53,79.99,62.03,78.17,32.8,75.91,17.3,No,Yes,Master's,Low,10,4.7,1
Male,23,CS,55.44,55.96,95.56,85.43,54.7,91.98,15.3,No,No,Bachelor's,Medium,6,8.8,0
Female,23,Business,51.65,61.39,64.44,79.24,90.5,85.17,16.4,Yes,Yes,PhD,Medium,8,5.6,0
Female,21,CS,80.4,96.43,90.94,84.22,83.80000000000001,74.98,14.2,Yes,No,Master's,High,6,5.3,0
Male,20,Mathematics,97.45,54.43,64.3,62.8,23.2,68.19,29.3,No,Yes,High School,High,4,7.7,1
Male,22,CS,99.49,45.7,96.97,91.64,51.900000000000006,63.31,25.1,Yes,Yes,Unknown,Low,8,4.6,1
Female,20,Engineering,74.21,44.16,95.72,72.48,65.9,62.97,23.4,No,No,High School,Low,9,5.7,1
Male,19,CS,73.4,70.28,52.16,99.36,98.8,78.1,15.3,No,Yes,Unknown,High,5,4.7,0
Male,18,Mathematics,82.25,78.5,88.52,51.16,3.1,58.34,27.0,Yes,No,Master's,High,3,8.9,1
Female,18,Engineering,77.78,59.64,58.47,69.02,46.4,58.74,7.3,Yes,No,PhD,High,1,5.4,1
Female,23,CS,81.7,81.42,60.76,59.02,98.8,50.52,8.6,No,Yes,PhD,Medium,2,5.3,1
Female,22,Business,93.7,43.66,72.99,77.78,97.7,80.67,28.9,Yes,No,Master's,High,1,7.2,1
Male,20,Business,87.32,91.44,78.82,62.16,33.1,99.72,19.2,Yes,Yes,PhD,Low,10,4.1,0
Male,23,Business,74.84,88.99,66.29,86.87,0.0,94.46,9.0,No,No,PhD,High,9,7.3,0
Female,21,CS,73.09,99.13,78.77,94.09,58.7,85.28,28.7,Yes,Yes,Bachelor's,High,7,6.3,0
Male,23,CS,81.98,96.19,58.53,60.54,86.7,89.28,29.4,Yes,Yes,Bachelor's,High,10,4.9,0
Female,21,Mathematics,72.79,61.37,51.12,58.03,32.400000000000006,70.84,27.0,No,No,Bachelor's,Low,2,6.4,1
Male,21,Engineering,72.89,63.96,78.56,93.77,93.4,64.9,11.0,No,Yes,Unknown,Low,3,9.0,0
Female,19,Engineering,50.82,84.76,75.87,68.06,33.3,68.43,12.0,Yes,Yes,Bachelor's,Low,3,8.2,1
Male,19,Engineering,58.7,48.04,84.48,71.73,61.0,54.07,15.2,Yes,No,Master's,Low,1,8.9,1
Female,21,Engineering,74.43,58.84,82.49,61.05,72.2,81.69,19.5,No,Yes,Bachelor's,High,3,8.6,0
Male,22,CS,91.13,47.11,94.87,71.27,34.5,58.74,29.8,No,No,Master's,Low,1,8.1,0
Male,19,CS,63.94,67.29,72.97,61.57,35.2,88.14,28.9,Yes,Yes,Bachelor's,High,3,5.7,0
Female,19,Mathematics,76.13,73.12,50.42,83.3,47.0,59.5,28.0,No,No,PhD,High,3,7.6,1
Male,18,Engineering,67.25,52.67,81.53,74.94,83.5,61.41,7.2,Yes,Yes,Bachelor's,Medium,5,6.0,0
Male,23,CS,55.24,41.6,83.76,89.4,10.1,97.87,23.9,No,No,Master's,Low,3,6.1,0
Female,18,CS,97.91,83.16,76.07,65.64,63.1,55.27,26.9,No,No,Master's,Low,10,8.4,1
Male,22,CS,92.73,41.2,84.47,75.28,67.69999999999999,74.94,13.3,Yes,No,Master's,Medium,3,5.0,1
Male,19,CS,53.92,98.4,66.18,62.98,55.8,53.13,10.5,Yes,Yes,Bachelor's,High,1,5.5,1
Male,24,Engineering,85.99,53.3,57.44,96.72,93.6,54.52,23.7,No,Yes,Unknown,Low,9,8.7,1
Female,19,Engineering,67.38,79.83,83.23,76.1,60.2,81.68,7.3,Yes,Yes,Master's,High,1,7.5,0
Female,20,CS,99.74,66.09,62.26,58.67,63.5,81.54,28.5,Yes,No,Unknown,Medium,7,4.3,0
Female,22,Business,65.12,43.58,72.82,63.64,60.0,59.66,8.9,Yes,Yes,Bachelor's,Low,7,4.6,1
Female,24,Mathematics,61.94,68.33,74.58,54.15,72.2,93.62,16.4,Yes,No,Unknown,High,8,6.9,1
Female,23,Engineering,78.39,71.01,73.86,51.39,13.5,85.11,29.6,Yes,Yes,Unknown,High,7,8.0,1
Male,23,Engineering,91.76,91.28,79.92,76.3,89.39999999999999,65.03,29.7,No,Yes,Master's,Medium,10,8.0,0
Male,24,Business,59.63,83.94,51.47,66.86,4.2,62.42,24.4,Yes,Yes,Bachelor's,High,6,6.1,1
Female,23,Engineering,85.47,44.76,99.48,98.19,64.1,87.71,26.0,Yes,No,Master's,Medium,8,5.3,0
Male,24,Business,53.07,52.55,85.82,58.57,61.5,86.68,29.2,Yes,Yes,PhD,Medium,10,7.9,0
Male,22,Business,95.95,58.71,71.27,89.7,20.8,57.44,28.2,Yes,Yes,High School,Medium,4,8.7,1
Male,24,CS,54.05,46.98,59.57,65.8,4.1,67.46,20.6,Yes,Yes,Unknown,Low,4,6.2,1
Male,24,Engineering,95.71,67.41,54.01,61.18,13.9,60.83,23.4,Yes,Yes,Bachelor's,Medium,3,4.7,1
Female,20,Mathematics,74.54,99.06,83.61,98.48,27.200000000000003,64.71,19.8,Yes,Yes,Unknown,Low,8,7.0,0
Female,20,Business,72.4,70.88,65.85,90.13,88.2,64.38,17.7,No,No,Bachelor's,High,6,4.4,0
Male,18,Mathematics,98.67,84.51,61.47,81.53,85.60000000000001,98.8,27.0,Yes,Yes,Master's,Low,8,7.1,0
Male,22,CS,99.52,80.98,69.0,84.86,6.4,87.51,23.5,No,No,High School,High,8,4.9,1
Female,22,Engineering,82.51,90.99,79.65,99.57,28.9,89.0,26.5,Yes,No,High School,Medium,7,6.6,0
Male,20,CS,56.36,52.94,83.59,79.66,88.9,63.87,7.4,Yes,No,High School,Low,3,7.1,0
Male,21,CS,75.31,85.23,82.26,55.1,23.700000000000003,50.03,19.4,Yes,No,High School,Low,5,6.2,1
Male,21,Mathematics,76.46,92.88,93.16,53.24,99.6,52.91,13.2,Yes,Yes,Unknown,Low,2,8.1,1
Female,18,Mathematics,75.72,50.29,60.94,83.33,25.7,77.65,17.8,Yes,Yes,Bachelor's,Medium,1,5.9,1
Female,21,Business,78.47,60.81,81.84,82.88,73.89999999999999,64.27,20.3,Yes,No,PhD,Medium,3,4.8,1
Male,21,Engineering,50.94,98.21,55.06,87.41,41.7,59.65,26.1,Yes,No,Bachelor's,Low,4,6.3,0
Male,21,CS,85.56,86.85,77.4,55.44,13.6,52.48,5.8,Yes,Yes,Unknown,Medium,4,8.8,1
Male,19,Business,85.62,56.96,79.2,97.25,25.5,93.79,9.1,No,No,Master's,Medium,2,8.4,0
Male,18,Business,55.77,73.84,60.81,77.56,67.5,80.01,28.0,Yes,No,PhD,Low,3,5.6,0
Male,20,CS,78.51,64.26,69.58,82.48,33.7,55.37,29.2,No,No,PhD,Medium,8,5.2,0
Male,21,CS,78.42,69.4,91.36,51.74,60.4,88.32,6.4,No,Yes,PhD,High,9,6.4,1
Female,23,Business,84.12,61.31,57.42,98.05,20.6,87.79,13.3,No,Yes,Unknown,Low,2,7.3,1
Female,24,CS,54.27,56.76,71.73,78.13,44.900000000000006,64.47,5.2,No,No,High School,Medium,6,8.6,1
Male,19,CS,81.33,80.49,96.64,78.17,51.2,59.42,23.9,No,Yes,High School,High,1,7.1,0
Female,21,Mathematics,64.04,86.71,75.21,97.18,41.3,90.7,22.0,No,Yes,High School,Low,4,8.2,0
Male,24,Engineering,75.35,92.44,86.26,96.47,19.8,66.48,19.1,No,Yes,Bachelor's,High,9,7.5,0
Male,24,Business,88.67,49.32,91.34,61.01,46.2,92.37,22.3,No,Yes,High School,Medium,1,4.5,1
Female,19,CS,85.28,89.37,60.19,96.55,69.3,52.18,18.4,Yes,Yes,PhD,High,3,8.5,1
Female,18,Business,55.95,55.29,60.91,86.83,96.5,74.96,11.0,Yes,Yes,High School,High,7,5.0,0
Male,23,Engineering,79.56,65.64,87.93,50.95,79.0,58.98,23.9,No,No,PhD,Low,8,5.8,1
Male,23,Business,98.46,94.09,87.67,61.99,16.1,83.6,24.6,Yes,No,PhD,Low,7,8.2,1
Female,23,Business,57.84,67.27,53.01,70.65,27.3,99.86,26.4,No,Yes,Bachelor's,High,7,8.9,0
Female,21,Business,92.65,51.82,66.12,79.14,7.9,70.63,28.9,No,Yes,High School,High,6,5.6,1
Male,19,Mathematics,85.13,49.59,69.93,85.07,13.6,55.02,23.7,Yes,Yes,Master's,High,7,5.9,1
Male,23,Engineering,88.7,68.38,91.45,60.51,25.1,65.88,6.4,Yes,Yes,High School,Medium,7,6.4,1
Male,24,Engineering,64.1,85.76,71.09,91.84,20.0,94.58,5.5,Yes,No,Master's,Medium,9,6.5,0
Female,24,Business,64.39,99.83,96.3,92.29,21.4,88.29,23.5,Yes,No,Bachelor's,Medium,9,7.8,0
Male,22,Business,95.3,87.24,99.83,81.75,23.1,61.61,6.4,No,Yes,Unknown,Low,10,8.1,0
Female,22,Engineering,67.99,92.62,89.04,96.05,30.1,97.68,12.9,Yes,Yes,Bachelor's,Low,10,9.0,0
Male,19,CS,53.15,84.87,83.32,90.65,12.6,81.11,8.4,Yes,No,Bachelor's,Low,10,8.0,0
Female,21,Mathematics,80.03,93.73,69.59,61.08,27.8,58.4,29.2,Yes,No,Master's,Low,8,5.5,1
Female,21,Engineering,56.24,44.58,53.35,89.93,68.8,78.62,12.9,No,Yes,Bachelor's,High,9,5.8,0
Female,18,Business,89.83,95.8,78.66,97.66,23.6,72.56,6.4,Yes,No,PhD,Low,6,7.1,0
Female,18,CS,82.09,63.78,68.09,56.88,17.2,90.98,28.7,Yes,Yes,Bachelor's,Low,4,7.4,1
Male,23,CS,93.74,95.3,67.54,98.93,6.800000000000001,67.21,20.2,No,Yes,Bachelor's,High,9,4.4,0
Female,20,CS,89.24,44.54,84.39,51.25,50.0,93.75,5.9,No,Yes,Master's,High,2,5.7,0
Female,24,Mathematics,55.61,82.91,73.18,76.11,84.2,90.6,25.8,No,Yes,Bachelor's,Medium,8,5.0,0
Female,18,Mathematics,69.05,84.14,87.6,88.69,5.9,83.73,8.8,No,Yes,Bachelor's,High,2,6.5,0
Male,21,Engineering,88.73,99.81,69.91,89.52,54.2,62.93,25.1,Yes,No,High School,High,7,4.8,1
Male,24,Engineering,70.87,86.13,57.54,86.73,65.1,98.52,20.1,Yes,No,PhD,Low,9,6.9,0
Male,20,Engineering,98.62,62.95,73.07,76.47,59.2,77.43,9.4,Yes,No,PhD,High,10,6.3,0
Male,18,Engineering,86.79,73.43,97.55,82.55,87.8,95.38,23.8,Yes,No,PhD,Medium,4,6.0,0
Male,19,Business,50.77,61.99,90.08,85.0,86.6,60.79,16.4,No,No,Bachelor's,High,8,7.2,0
Male,22,Mathematics,94.0,51.76,60.29,74.73,5.699999999999999,99.17,21.0,Yes,No,PhD,Medium,7,6.1,0
Female,18,CS,55.04,54.91,69.57,79.78,36.1,90.8,26.7,Yes,Yes,High School,Low,10,6.0,1
Female,18,Business,57.03,53.32,96.39,92.32,67.1,97.46,11.5,No,No,Unknown,High,3,7.3,0
Female,19,Engineering,86.72,72.93,56.18,65.64,95.2,60.62,14.1,No,Yes,Unknown,Medium,1,4.3,1
Male,21,Engineering,93.25,94.37,62.7,76.16,80.5,71.53,29.9,No,Yes,High School,Medium,8,6.2,1
Female,23,Business,76.82,94.76,63.11,50.42,17.7,54.88,17.7,Yes,No,Unknown,Low,9,5.0,1
Female,19,CS,64.45,43.29,78.55,84.37,27.9,56.85,19.0,No,No,Unknown,High,5,4.2,1
Male,23,Mathematics,67.57,44.79,70.54,59.77,76.39999999999999,64.2,12.1,Yes,Yes,Master's,Low,4,4.2,1
Female,18,Mathematics,67.14,54.71,53.99,74.05,47.1,97.58,15.4,No,No,Bachelor's,Medium,2,4.8,0
Male,21,CS,66.33,55.3,81.46,60.51,54.7,83.36,17.5,No,Yes,Master's,Low,1,6.2,1
Female,20,Mathematics,62.15,45.69,54.95,51.18,60.9,65.73,11.5,No,Yes,Master's,Medium,4,6.8,1
Male,18,Engineering,80.44,63.31,80.32,74.16,10.3,97.73,11.0,Yes,Yes,High School,High,8,8.0,0
Male,19,Engineering,95.02,75.26,75.35,71.24,85.60000000000001,86.99,20.0,No,Yes,Unknown,Medium,9,7.0,0
Male,20,Engineering,65.35,74.69,74.68,71.26,86.30000000000001,95.35,9.6,No,No,High School,High,1,6.6,0
Female,22,Engineering,59.33,72.61,53.37,60.44,46.8,96.36,18.8,Yes,Yes,PhD,Medium,4,4.2,0
Female,20,CS,91.93,60.32,81.96,97.36,62.7,87.54,22.7,Yes,Yes,Master's,Low,5,5.5,0
Male,19,Mathematics,87.09,82.39,71.57,50.18,66.0,62.16,10.0,No,Yes,Unknown,Low,2,7.5,0
Male,24,Mathematics,96.54,89.59,70.56,94.58,19.0,99.83,23.6,Yes,Yes,Bachelor's,Medium,2,5.4,0
Female,20,Business,58.28,60.78,79.82,86.85,11.3,66.25,14.0,Yes,No,Master's,Medium,3,7.0,1
Female,19,CS,57.21,45.13,80.31,58.6,2.1,83.59,29.8,Yes,Yes,Unknown,Low,1,7.0,1
Male,24,Mathematics,77.07,57.78,50.75,73.61,91.3,92.24,29.5,Yes,Yes,PhD,Low,8,5.5,1
Female,18,Mathematics,80.72,48.24,56.26,99.44,34.6,58.76,25.0,No,Yes,High School,Medium,1,6.9,1
Female,24,Business,74.01,68.04,61.83,82.18,8.6,80.45,13.6,Yes,Yes,Unknown,Medium,4,4.6,1
Female,21,Engineering,79.95,49.36,83.9,56.37,46.6,68.76,28.4,Yes,Yes,Unknown,Low,7,7.6,1
Male,22,Mathematics,59.02,67.77,78.84,72.88,7.6,62.21,30.0,No,Yes,Master's,High,3,4.1,0
Male,24,Engineering,73.98,53.26,87.88,73.41,8.5,50.59,16.6,No,No,Unknown,High,9,4.2,1
Female,21,Business,82.9,84.32,87.03,90.11,48.9,93.6,20.4,No,No,PhD,High,3,8.4,0
Male,21,Mathematics,71.64,41.65,92.66,95.81,50.9,56.79,5.1,Yes,No,Bachelor's,High,5,6.9,1
Female,21,Engineering,83.97,73.28,68.84,54.11,58.0,93.91,6.1,No,Yes,PhD,Low,2,4.8,0
Female,24,CS,72.56,50.17,67.25,65.7,65.6,80.03,17.5,Yes,No,Unknown,Medium,5,7.0,1
Male,19,Engineering,66.68,40.06,91.55,64.92,66.8,81.05,20.2,No,No,Bachelor's,High,2,5.8,0
Male,19,Engineering,65.18,92.15,61.88,99.8,43.3,91.43,12.8,Yes,No,PhD,Low,8,5.3,0
Male,22,Engineering,70.55,80.29,73.06,77.96,64.4,75.47,7.5,Yes,No,Bachelor's,High,9,8.1,0
Female,19,Engineering,51.15,45.94,59.72,93.99,30.5,67.86,24.6,Yes,No,Master's,Medium,5,6.4,1
Female,23,CS,83.43,79.84,95.69,71.3,44.1,56.94,15.5,No,No,Unknown,Low,6,5.5,0
Male,19,Business,92.26,76.7,70.39,86.14,39.3,78.52,21.2,No,Yes,Bachelor's,Medium,4,8.7,0
Male,19,Engineering,67.73,68.4,60.62,64.33,32.9,77.66,21.3,No,Yes,High School,Medium,10,4.8,1
Male,19,Engineering,52.3,65.16,84.6,95.59,23.9,64.69,18.7,Yes,No,Master's,Low,7,4.7,1
Female,18,Mathematics,99.34,93.22,62.23,72.76,7.800000000000001,80.0,9.5,No,Yes,Unknown,Medium,10,4.5,1
Female,22,Mathematics,63.18,54.71,97.18,90.19,50.6,71.97,20.4,Yes,No,Master's,Medium,5,4.6,0
Female,23,CS,56.33,63.9,68.38,62.79,53.7,90.28,13.1,Yes,No,High School,High,5,5.3,0
Male,19,CS,68.49,59.75,83.23,84.68,33.6,77.97,25.5,Yes,Yes,Unknown,Medium,1,7.5,0
Male,22,CS,86.93,86.27,67.26,70.26,97.6,96.68,9.8,No,No,Master's,Medium,2,7.4,0
Female,20,Mathematics,64.7,94.99,90.36,51.57,55.7,75.9,12.3,Yes,No,Master's,Medium,2,7.8,0
Male,18,Engineering,78.74,90.99,94.85,70.65,88.9,94.37,16.0,No,Yes,Bachelor's,High,4,6.9,0
Male,24,Mathematics,70.78,87.86,89.4,77.5,57.0,76.03,23.5,Yes,Yes,Bachelor's,Medium,5,6.5,0
Male,19,Business,55.89,99.21,92.42,57.59,19.0,77.9,23.0,Yes,Yes,Master's,Medium,10,6.2,0
Male,23,CS,66.51,81.83,55.09,59.2,97.5,68.34,13.4,No,Yes,Bachelor's,High,4,8.4,1
Female,18,CS,86.24,85.06,96.2,73.24,88.5,70.01,17.8,Yes,No,Unknown,High,3,5.7,0
Male,23,CS,80.6,98.97,81.22,67.14,47.1,96.66,10.9,Yes,No,Bachelor's,Low,4,8.5,0
Female,24,Business,55.99,40.42,93.46,72.04,24.3,61.16,24.3,Yes,Yes,Unknown,Low,5,5.4,1
Female,24,Engineering,58.17,78.04,84.22,73.04,22.3,56.07,9.9,Yes,Yes,Unknown,Medium,3,4.8,1
Male,18,Engineering,82.04,84.34,60.09,57.0,80.60000000000001,91.51,25.5,No,No,Unknown,High,6,5.3,0
Female,20,Engineering,90.67,95.07,80.48,59.06,6.9,78.85,28.4,No,No,Unknown,Low,4,6.5,0
Female,22,CS,67.47,93.03,54.55,92.41,63.8,64.23,29.8,Yes,No,Master's,Low,2,8.6,1
Male,18,Engineering,79.77,90.52,84.79,58.14,64.0,71.62,26.4,No,No,PhD,High,3,4.9,0
Female,21,Mathematics,58.53,96.75,70.45,83.3,18.2,76.25,10.5,No,Yes,PhD,Medium,1,6.9,0
Female,24,CS,65.57,72.24,57.59,70.93,70.5,79.61,15.4,No,No,Unknown,Medium,10,5.1,0
Female,20,Business,51.01,40.42,98.96,98.41,70.5,91.05,7.2,Yes,Yes,PhD,High,7,7.4,0
Female,24,Business,88.41,40.66,95.05,53.31,35.0,69.72,9.1,No,No,Unknown,Medium,5,6.3,1
Female,21,Engineering,70.05,72.68,94.68,91.52,48.3,83.83,6.2,No,Yes,PhD,High,7,7.7,0
Female,20,CS,90.81,66.12,89.44,74.57,83.3,91.74,21.0,No,No,High School,Medium,5,8.3,0
Female,24,Mathematics,85.42,67.07,84.6,50.27,52.3,92.19,18.3,Yes,Yes,Bachelor's,Low,1,5.7,0
Female,21,Mathematics,91.44,64.02,82.75,63.18,61.8,62.71,27.9,Yes,Yes,PhD,High,3,8.7,1
Male,21,CS,64.28,95.06,55.3,70.38,41.3,67.51,16.6,No,Yes,Unknown,Medium,9,6.3,1
Male,24,Engineering,59.26,61.55,95.03,65.71,15.0,79.75,21.1,No,Yes,Bachelor's,Medium,7,8.7,0
Male,24,Business,98.6,91.37,94.06,68.12,99.8,94.29,15.0,Yes,Yes,Bachelor's,High,7,5.2,0
Female,23,Business,85.87,94.17,87.39,95.83,53.2,89.52,25.7,Yes,No,Master's,Medium,5,8.5,0
Female,18,Mathematics,91.7,69.97,96.37,68.05,33.6,79.2,28.2,No,No,Master's,Low,3,5.7,1
Female,18,Mathematics,50.66,66.82,77.65,70.94,71.39999999999999,99.19,15.8,Yes,No,PhD,Medium,10,7.8,0
Male,20,Mathematics,67.72,85.66,72.38,88.06,62.1,71.95,7.1,No,No,Master's,Low,4,8.8,0
Male,22,Business,87.14,82.48,98.4,89.69,23.3,92.12,9.1,Yes,No,Unknown,Medium,4,8.6,0
Male,24,Mathematics,53.9,59.71,73.21,54.2,87.69999999999999,90.92,23.0,Yes,No,Master's,Low,6,6.3,0
Female,23,Business,78.37,46.15,82.07,85.2,7.1,95.4,13.1,No,No,High School,Low,6,5.7,0
Male,18,Business,71.45,55.89,68.65,74.13,60.6,99.38,24.6,Yes,Yes,PhD,Medium,7,7.1,0
Male,18,Engineering,50.88,47.86,81.82,56.69,47.8,74.78,23.7,Yes,Yes,Bachelor's,Medium,8,7.5,0
Female,23,Engineering,61.8,57.68,86.0,63.24,31.8,59.78,22.4,Yes,No,Bachelor's,High,9,6.7,1
Male,19,Engineering,64.24,55.71,81.23,52.25,82.6,73.04,25.4,Yes,Yes,High School,Low,8,8.2,0
Female,23,Mathematics,55.59,78.26,75.73,68.01,65.6,92.69,23.9,Yes,Yes,Unknown,High,9,4.3,0
Male,18,Business,81.58,97.27,65.01,62.77,75.9,91.81,20.8,Yes,Yes,Bachelor's,Medium,9,7.0,0
Female,22,Mathematics,62.12,81.14,82.19,69.11,41.5,66.8,5.1,Yes,Yes,High School,High,3,6.6,0
Female,19,Business,63.88,95.6,95.42,79.02,94.2,52.37,17.9,Yes,No,Master's,Low,7,4.2,0
Female,21,Engineering,94.91,87.05,50.35,86.62,34.5,75.49,19.9,No,No,PhD,Low,3,4.1,0
Female,23,Engineering,73.36,83.67,56.7,80.27,53.1,73.71,29.0,Yes,No,High School,High,5,7.0,0
Female,21,Mathematics,69.61,64.84,55.99,83.92,93.4,54.29,21.3,Yes,No,High School,Low,10,4.6,1
Male,19,Business,86.19,59.49,96.16,93.28,8.299999999999999,89.74,19.4,No,Yes,Master's,High,9,7.8,0
Female,19,Mathematics,95.48,90.78,83.14,93.69,10.9,64.18,18.5,No,No,Unknown,Low,8,8.7,0
Female,19,CS,51.25,94.32,97.59,93.04,99.4,82.29,7.6,No,Yes,Master's,High,3,4.9,0
Female,20,Mathematics,72.41,67.11,79.14,57.66,97.1,55.07,15.7,Yes,No,Master's,Medium,6,8.0,0
Female,23,Engineering,80.54,40.54,73.09,62.55,77.2,93.04,8.4,Yes,Yes,Bachelor's,Low,5,7.0,0
Male,24,Business,65.93,87.55,89.62,75.12,48.4,86.96,6.3,Yes,Yes,High School,Low,10,6.2,0
Female,22,Business,88.62,57.1,58.05,67.94,50.6,69.42,13.2,No,Yes,High School,Low,4,7.3,1
Male,22,Mathematics,98.57,40.59,69.07,56.58,25.7,81.47,21.1,Yes,Yes,Master's,High,6,8.0,1
Female,21,Engineering,97.17,88.3,73.31,64.39,43.3,59.37,26.7,No,No,Master's,Low,8,8.9,0
Female,21,CS,63.3,71.04,64.92,98.77,43.1,99.27,25.3,Yes,No,High School,Medium,8,7.3,0
Male,24,Mathematics,61.32,81.11,68.56,67.35,3.6,89.81,12.4,Yes,Yes,High School,Medium,3,7.7,1
Male,21,Business,97.87,94.88,53.91,70.95,45.3,89.45,6.1,No,No,High School,Low,6,7.0,0
Male,23,Engineering,72.93,72.47,59.9,50.32,48.0,57.67,15.1,Yes,No,Unknown,Medium,1,6.8,1
Female,18,Business,60.41,70.19,66.77,85.97,66.6,50.89,12.9,No,No,Master's,Low,1,4.3,1
Male,21,Business,85.35,57.44,89.79,70.68,51.6,79.27,14.3,No,Yes,Master's,High,1,4.8,1
Female,19,Business,64.22,58.31,59.12,55.16,86.19999999999999,57.21,19.0,Yes,Yes,Bachelor's,High,9,5.9,1
Male,21,Business,63.36,87.79,67.33,98.43,36.8,89.02,5.8,No,Yes,Bachelor's,High,10,7.2,0
Male,19,CS,93.96,66.94,53.25,88.87,41.0,70.8,14.3,No,Yes,PhD,Low,9,4.4,1
Female,20,Engineering,58.12,49.81,77.86,86.31,57.1,66.93,19.0,Yes,Yes,High School,High,10,6.7,0
Male,18,Mathematics,53.22,45.67,80.56,97.89,20.3,53.68,15.8,No,Yes,High School,Medium,5,4.1,1
Male,18,Engineering,63.46,68.38,93.28,70.37,39.3,99.8,21.7,No,Yes,PhD,Low,7,7.8,0
Female,24,Engineering,80.35,67.9,90.96,85.93,68.60000000000001,97.8,9.7,Yes,Yes,Master's,Medium,4,7.3,0
Female,23,Engineering,56.15,79.21,64.27,60.31,41.2,56.58,8.8,Yes,Yes,High School,High,2,6.6,1
Female,23,Mathematics,73.58,68.26,56.85,84.86,90.7,66.64,12.7,No,No,Bachelor's,Low,6,6.9,1
Male,22,Engineering,81.37,48.61,57.8,50.7,61.5,69.54,7.5,Yes,Yes,Unknown,Medium,2,8.7,1
Male,20,Mathematics,92.44,70.47,98.45,56.32,15.4,64.84,10.9,No,No,Master's,Medium,7,8.5,0
Male,24,Mathematics,61.49,94.41,83.66,71.26,48.7,96.72,7.2,Yes,Yes,Unknown,High,4,8.0,0
Male,23,CS,90.87,49.57,52.13,50.6,76.5,86.07,15.0,No,Yes,Unknown,High,4,5.7,0
Male,19,Business,61.75,81.39,56.84,73.1,64.3,97.8,22.8,Yes,No,PhD,Medium,2,4.5,0
Female,20,Mathematics,83.84,75.63,74.29,76.14,88.5,93.73,12.2,Yes,Yes,Unknown,High,9,5.6,0
Male,18,Business,71.53,84.92,60.39,81.08,75.0,87.73,5.1,No,Yes,High School,Low,3,7.8,0
Female,19,Engineering,55.73,49.04,90.18,55.02,6.2,84.85,18.9,No,Yes,PhD,Low,6,7.1,0
Male,24,Business,85.71,96.5,78.66,59.05,11.3,93.31,22.3,No,Yes,Bachelor's,Medium,10,7.5,0
Female,24,Business,60.89,77.26,80.63,80.66,65.0,84.21,14.8,No,Yes,Unknown,Low,9,4.5,0
Male,20,Business,58.83,90.82,73.14,82.91,23.8,59.44,12.4,No,No,High School,Medium,8,4.8,1
Male,18,Engineering,67.92,54.8,62.8,51.3,58.8,82.41,17.3,Yes,No,High School,Medium,9,7.3,1
Female,23,Engineering,82.66,84.36,79.47,77.02,79.2,75.75,7.5,No,No,Bachelor's,Medium,7,5.9,0
Male,19,Mathematics,61.7,86.86,85.85,89.25,57.7,99.09,21.1,No,No,PhD,Medium,9,5.8,0
Female,19,Mathematics,59.18,63.85,68.55,53.46,41.5,75.5,23.3,Yes,No,PhD,High,10,6.0,1
Male,18,CS,50.5,63.04,75.25,70.66,64.6,51.92,22.6,Yes,No,PhD,Low,9,8.0,1
Male,19,Engineering,73.58,79.47,91.98,66.33,14.4,63.21,13.2,No,No,Bachelor's,Low,5,7.5,0
Female,23,CS,71.43,45.6,57.43,95.68,72.30000000000001,95.87,26.1,No,No,Bachelor's,High,7,4.5,0
Male,23,Engineering,61.69,84.14,77.26,59.29,69.7,98.12,28.7,No,No,Bachelor's,High,5,5.7,0
Female,23,Business,52.68,42.57,67.42,65.92,51.4,86.42,12.4,No,Yes,PhD,High,1,7.4,1
Male,18,CS,71.46,51.44,85.14,94.92,27.9,52.84,11.6,No,Yes,Unknown,High,7,8.9,1
Male,21,CS,89.41,79.85,50.94,66.53,79.80000000000001,51.18,22.6,No,No,Bachelor's,Medium,9,8.6,1
Male,21,CS,85.76,45.9,83.52,76.57,51.1,73.98,22.7,No,No,Bachelor's,High,5,5.2,1
Male,24,Engineering,93.04,98.31,55.14,51.65,5.9,99.98,17.8,No,No,PhD,Low,4,4.3,0
Male,24,Mathematics,50.48,92.1,53.24,99.25,91.9,93.46,28.1,Yes,No,Bachelor's,Medium,5,6.9,0
Male,19,CS,98.32,77.58,86.23,91.25,76.8,96.66,8.7,Yes,Yes,Unknown,Low,4,6.0,0
Male,23,Mathematics,67.07,89.14,82.02,81.72,58.5,81.18,16.9,No,Yes,PhD,Low,9,4.9,0
Female,19,Engineering,99.52,93.25,94.75,53.04,43.7,92.96,5.9,No,No,Bachelor's,Low,10,7.3,0
Male,18,CS,62.63,55.57,75.98,53.74,96.0,65.98,6.3,Yes,Yes,Bachelor's,High,8,4.8,0
Male,19,Engineering,73.58,90.96,76.5,77.25,77.5,51.37,6.3,Yes,Yes,Master's,Low,5,5.8,1
Male,22,Mathematics,67.7,51.69,85.35,64.25,53.5,95.91,17.3,No,Yes,Master's,Low,5,8.0,0
Female,21,Mathematics,67.79,64.8,66.17,81.14,65.3,60.92,19.7,No,Yes,High School,Low,5,7.4,1
Female,19,CS,92.11,73.5,51.85,79.91,28.1,86.42,5.1,Yes,No,High School,High,7,7.0,0
Male,19,Mathematics,87.32,82.83,61.5,91.93,19.6,82.95,20.8,Yes,Yes,Bachelor's,Low,10,8.7,0
Male,20,Business,99.61,41.81,61.9,64.07,27.3,57.91,17.2,No,No,Master's,High,7,4.6,1
Male,19,Business,80.68,57.43,66.78,78.89,29.3,59.79,10.6,Yes,Yes,High School,Medium,3,7.5,1
Female,22,CS,73.16,76.51,97.17,88.87,74.0,66.45,5.4,Yes,Yes,PhD,Low,1,4.6,0
Male,21,Engineering,54.5,61.44,90.24,74.54,14.0,87.85,8.9,Yes,Yes,Master's,High,8,4.7,0
Female,20,Engineering,99.83,86.5,96.8,91.53,77.8,51.96,20.0,Yes,No,Unknown,Medium,10,6.5,0
Male,18,Engineering,77.58,79.1,99.93,56.56,52.3,70.35,21.5,No,Yes,Unknown,Low,4,4.1,0
Female,24,Business,85.02,54.06,71.69,86.69,38.5,83.26,21.2,No,No,Unknown,Medium,4,6.5,0
Female,18,Mathematics,70.34,48.76,61.35,97.15,30.0,58.57,8.8,Yes,Yes,Unknown,Low,9,4.0,1
Male,21,Business,77.39,77.74,78.0,66.59,51.3,55.97,27.8,No,No,Master's,Low,7,7.0,1
Male,24,Mathematics,97.13,67.03,94.06,68.32,31.8,69.51,15.3,Yes,No,PhD,Medium,7,5.6,1
Male,18,Business,58.32,50.14,73.29,54.18,42.9,64.33,24.2,No,No,Unknown,Medium,8,4.4,1
Male,22,Engineering,64.62,59.58,75.27,82.07,73.89999999999999,82.45,9.2,No,No,PhD,High,1,7.9,0
Male,19,Engineering,57.6,58.18,56.72,77.62,62.6,98.48,16.8,No,Yes,High School,Low,9,5.9,0
Male,21,Engineering,89.61,46.49,71.02,52.02,74.80000000000001,50.22,18.0,Yes,No,High School,Medium,1,6.2,1
Male,24,CS,53.1,72.81,69.35,87.61,71.3,95.12,24.3,Yes,Yes,Bachelor's,High,10,5.9,0
Female,20,CS,54.08,85.82,67.58,91.46,81.5,71.66,20.5,Yes,Yes,Master's,Low,5,4.4,0
Male,19,Mathematics,64.92,74.53,94.36,95.36,20.2,83.2,15.0,No,No,Unknown,Low,9,6.3,0
Male,18,CS,75.71,89.58,52.97,77.29,99.5,92.55,12.1,No,No,PhD,Medium,3,7.3,0
Female,18,Business,70.31,47.65,98.61,72.63,47.6,78.67,29.3,No,No,PhD,Medium,2,8.5,0
Male,20,Business,52.24,66.14,50.41,93.81,71.8,54.87,12.1,No,No,Master's,Medium,2,7.8,1
Male,22,Mathematics,97.87,76.56,97.28,69.93,67.8,57.03,8.2,No,Yes,High School,Low,7,4.4,0
Male,20,Mathematics,97.64,80.56,77.4,82.77,56.6,89.46,12.5,No,Yes,Master's,Medium,5,4.8,0
Male,21,Engineering,63.97,81.75,85.12,80.77,99.6,61.45,13.2,Yes,No,PhD,Medium,8,4.2,0
Female,20,CS,86.58,83.74,59.36,68.61,21.7,78.45,8.2,No,No,Master's,High,5,4.6,0
Female,18,Engineering,78.93,79.09,82.71,54.34,42.2,71.4,22.7,No,No,High School,Medium,2,6.4,1
Male,22,CS,61.87,45.65,94.1,51.07,12.8,65.18,20.5,Yes,Yes,High School,High,7,5.1,0
Male,22,CS,63.11,81.72,56.97,71.41,18.2,89.35,12.9,Yes,Yes,Unknown,Medium,7,7.2,0
Female,23,Mathematics,74.56,83.49,56.35,74.06,71.3,86.56,29.8,No,No,Unknown,Medium,2,4.2,0
Male,20,Engineering,70.96,99.61,65.2,91.13,0.5,82.31,21.4,No,Yes,Unknown,High,6,8.3,0
Female,21,Engineering,64.56,81.6,58.09,70.72,89.0,68.63,22.6,Yes,Yes,High School,Low,5,7.4,1
Female,18,CS,90.38,81.21,55.53,64.06,63.3,61.32,18.9,Yes,No,PhD,Low,4,8.8,1
Female,19,CS,74.07,70.89,83.92,73.1,44.1,75.79,18.8,Yes,Yes,Unknown,Low,10,8.8,0
Male,22,Mathematics,82.74,92.08,60.69,61.9,33.1,90.86,5.5,Yes,Yes,Master's,High,8,7.5,0
Male,20,Business,59.46,99.81,83.35,54.57,12.6,78.78,24.3,No,No,PhD,Medium,8,4.8,0
Male,23,Engineering,76.68,86.74,93.1,55.65,92.2,98.51,27.8,Yes,Yes,Bachelor's,High,5,5.1,0
Female,21,Engineering,65.9,76.75,82.6,65.96,71.2,50.77,8.1,No,No,Unknown,Low,4,5.4,1
Male,21,Mathematics,76.32,44.74,55.97,50.63,33.6,99.92,24.9,No,No,Bachelor's,High,9,6.1,1
Male,24,Mathematics,89.04,83.6,78.68,61.01,7.1,84.57,18.4,No,No,Unknown,High,5,6.9,1
Female,18,Engineering,88.45,82.51,69.68,89.38,32.599999999999994,91.63,12.1,Yes,No,PhD,Low,4,7.4,0
Male,22,Engineering,67.71,86.53,67.17,61.73,18.5,66.75,28.0,No,Yes,Bachelor's,Medium,2,4.4,0
Male,18,CS,84.71,47.47,65.93,55.54,78.60000000000001,75.42,5.4,Yes,No,High School,Medium,6,7.1,0
Male,23,Business,97.06,79.22,96.47,97.45,72.0,89.85,11.9,No,No,Unknown,Low,5,4.3,0
Female,19,Engineering,81.28,57.74,87.13,81.12,49.8,88.03,27.2,Yes,Yes,Master's,Medium,6,8.1,0
Male,19,Mathematics,57.42,85.62,56.69,53.0,88.6,66.7,17.0,Yes,Yes,Bachelor's,Low,1,4.2,1
Female,19,CS,83.99,54.42,73.8,53.11,18.1,66.22,20.0,No,Yes,Master's,Medium,6,6.0,1
Female,21,CS,55.25,81.04,65.91,80.61,45.2,83.14,23.7,No,No,Bachelor's,Low,5,6.1,0
Female,22,Mathematics,93.61,57.7,98.9,77.01,71.10000000000001,96.68,8.7,Yes,No,PhD,High,7,6.9,0
Male,18,Mathematics,75.83,40.54,98.9,53.42,6.800000000000001,71.94,10.4,No,Yes,Master's,High,1,4.5,1
Male,18,CS,69.26,78.0,65.98,61.22,37.3,67.65,30.0,Yes,Yes,Unknown,High,3,8.7,0
Male,23,Mathematics,52.85,46.8,67.61,96.45,57.2,94.73,10.9,No,Yes,High School,Low,2,5.9,0
Female,19,CS,69.04,79.56,79.97,78.6,36.7,84.15,18.5,Yes,No,PhD,High,6,6.0,0
Female,22,Mathematics,95.16,95.54,73.97,72.02,48.0,69.41,12.5,No,Yes,Bachelor's,High,1,5.2,1
Male,22,CS,51.05,98.15,60.66,62.51,60.8,52.86,26.3,Yes,No,Unknown,Medium,3,7.9,0
Female,23,Engineering,73.73,54.16,83.02,56.68,36.8,86.07,29.0,No,No,Bachelor's,High,4,4.0,1
Male,20,Engineering,96.56,88.56,66.71,70.13,10.6,67.64,8.5,Yes,Yes,Master's,Low,6,4.5,1
Male,22,Mathematics,69.74,61.21,82.69,96.12,13.9,53.53,20.0,Yes,No,Master's,Low,5,6.4,1
Male,22,Business,71.41,94.03,69.18,52.44,52.7,80.61,25.3,Yes,Yes,High School,High,5,8.8,0
Male,18,Engineering,78.93,87.25,85.01,99.55,17.5,66.15,25.6,No,No,Master's,Medium,5,4.2,0
Male,23,CS,73.15,44.44,83.39,60.39,89.0,66.92,16.0,No,No,PhD,High,1,4.3,0
Male,22,Business,58.43,64.43,75.44,70.44,83.4,73.96,10.6,Yes,Yes,Bachelor's,Low,8,7.6,0
Male,22,CS,50.93,60.24,85.24,52.25,34.900000000000006,85.87,14.7,No,Yes,Bachelor's,High,10,7.7,0
Female,18,CS,80.49,87.11,73.05,79.24,83.10000000000001,63.82,23.8,No,Yes,PhD,Medium,2,8.5,0
Male,22,Engineering,96.04,64.62,55.81,74.18,53.3,54.05,29.8,No,Yes,Master's,High,6,6.9,1
Female,18,Mathematics,55.32,81.08,59.11,83.34,15.9,71.22,18.9,Yes,No,Master's,Low,7,6.0,0
Female,20,Mathematics,60.55,76.15,62.3,77.13,61.4,52.75,9.9,Yes,No,PhD,Low,10,6.3,1
Male,21,CS,68.51,98.54,53.16,69.91,67.9,84.86,6.0,Yes,Yes,High School,Medium,10,6.2,0
Female,24,Engineering,90.44,96.27,85.57,86.89,8.4,97.96,28.6,No,Yes,Unknown,Medium,4,8.9,0
Female,18,CS,63.46,65.66,68.37,51.25,31.4,82.94,17.1,No,No,Unknown,Medium,8,5.9,0
Female,18,Business,94.1,83.41,54.68,77.05,0.5,63.77,22.9,No,No,Master's,Low,1,4.5,1
Male,22,CS,52.75,89.77,91.0,55.69,31.6,59.09,21.5,No,No,Unknown,High,9,5.4,1
Male,18,Engineering,97.05,93.93,84.18,71.8,33.5,61.64,27.3,Yes,No,Unknown,Medium,4,8.8,0
Male,23,CS,78.04,44.09,72.61,89.56,63.0,61.08,11.7,No,Yes,Unknown,Medium,10,6.1,0
Male,19,Engineering,82.94,58.12,62.37,57.12,19.9,65.69,16.0,No,Yes,Master's,High,9,5.6,1
Male,19,Mathematics,68.38,59.21,57.59,96.79,3.0,54.87,27.8,Yes,Yes,Bachelor's,High,2,5.6,1
Female,20,Engineering,89.1,66.07,72.92,94.43,31.6,94.79,19.6,No,No,Master's,Medium,10,4.0,0
Female,18,Business,58.33,50.16,94.26,70.75,82.6,94.26,6.8,No,Yes,Master's,High,8,7.2,0
Male,23,Engineering,52.45,69.77,59.42,50.3,39.900000000000006,80.76,9.9,No,Yes,High School,Medium,5,7.6,1
Female,22,Business,69.78,79.79,78.43,89.49,41.5,53.1,10.9,Yes,Yes,High School,Medium,7,5.8,0
Female,22,Business,92.68,69.84,98.08,94.04,46.900000000000006,90.2,29.8,No,No,Master's,Medium,5,8.4,0
Female,24,CS,87.75,79.95,81.86,58.74,75.19999999999999,53.09,10.6,Yes,Yes,PhD,High,6,7.7,1
Female,21,Business,75.86,43.99,72.0,95.81,48.0,55.32,26.7,No,No,PhD,Medium,7,7.0,1
Male,20,Engineering,78.61,92.56,85.82,95.7,9.1,66.26,7.0,Yes,No,High School,High,9,7.5,0
Male,23,Mathematics,56.49,96.34,91.23,73.56,20.6,71.57,9.5,Yes,Yes,High School,Low,6,7.8,0
Male,23,Engineering,92.03,77.07,79.53,89.9,18.8,67.69,26.8,Yes,No,Bachelor's,High,1,6.6,1
Female,24,Mathematics,89.35,92.88,93.59,72.25,50.8,58.26,27.5,Yes,No,High School,High,1,6.0,0
Female,24,Business,82.82,47.89,75.73,78.2,3.0,55.61,9.4,No,Yes,Unknown,Low,1,4.6,1
Male,22,CS,73.31,87.85,91.5,65.99,28.4,92.97,10.7,Yes,Yes,Master's,Low,10,6.0,0
Male,21,Business,98.22,47.15,97.6,57.97,60.7,68.16,18.3,No,No,Master's,Medium,5,6.8,0
Female,22,Business,93.95,64.48,75.06,87.33,35.5,60.93,6.3,Yes,No,Master's,Low,6,8.7,1
Male,21,Mathematics,82.22,59.43,80.25,50.07,70.8,74.35,28.6,Yes,Yes,Bachelor's,High,6,4.8,1
Male,19,Engineering,68.59,75.14,80.47,78.98,39.1,51.84,14.1,Yes,Yes,Bachelor's,Medium,9,7.8,1
Female,23,CS,80.9,58.09,89.07,93.23,97.9,80.01,17.2,No,No,Unknown,Medium,10,5.2,0
Female,24,CS,78.77,78.24,91.15,61.06,96.5,62.42,7.6,Yes,No,Master's,Low,1,8.8,0
Male,19,CS,69.71,62.04,51.36,66.64,80.0,79.91,5.8,Yes,No,Unknown,Low,3,7.0,1
Female,22,CS,65.33,91.65,86.67,79.37,95.4,80.71,16.7,Yes,No,High School,Low,4,6.2,0
Male,20,Engineering,70.35,78.03,89.19,62.34,20.5,90.46,8.0,No,Yes,Master's,Medium,9,5.7,0
Female,18,CS,78.7,52.92,85.02,92.37,75.1,61.5,20.8,No,No,Unknown,Medium,1,5.0,1
Female,20,Mathematics,71.41,60.17,85.68,68.33,32.2,73.17,24.9,Yes,No,Bachelor's,Low,8,7.6,1
Male,20,Mathematics,63.18,90.85,52.07,79.08,72.5,98.09,5.8,Yes,No,Bachelor's,Medium,3,7.2,0
Female,18,CS,88.05,63.19,72.1,61.31,37.400000000000006,86.36,20.3,No,No,Bachelor's,Medium,8,8.5,1
Male,23,CS,76.57,72.15,90.91,52.07,28.9,98.77,25.4,Yes,Yes,Unknown,Medium,2,7.0,0
Female,19,Engineering,53.38,78.94,96.7,58.69,95.9,96.37,16.0,Yes,Yes,Unknown,Medium,6,4.8,0
Male,19,Engineering,68.42,60.87,61.47,52.31,21.0,80.54,29.0,No,Yes,Unknown,Medium,2,7.4,1
Female,23,CS,94.25,57.64,78.96,73.43,75.9,63.2,7.8,Yes,Yes,PhD,High,7,8.4,0
Female,18,Engineering,87.76,68.52,90.22,79.33,67.5,87.85,13.1,No,No,Master's,Medium,6,9.0,0
Male,21,Business,66.16,52.89,87.62,52.23,30.3,84.91,10.8,Yes,Yes,PhD,Low,7,7.4,0
Female,20,CS,96.91,57.05,80.94,54.52,45.8,79.44,29.9,No,Yes,PhD,Medium,9,5.4,1
Male,22,Engineering,53.83,43.72,50.93,74.28,14.3,84.89,12.4,No,No,High School,Medium,10,6.8,1
Female,19,Mathematics,98.06,58.24,86.19,89.96,92.1,80.68,14.7,Yes,No,High School,Low,9,6.6,0
Female,23,CS,62.29,59.24,88.66,81.4,96.8,75.97,26.2,Yes,No,Bachelor's,High,6,6.6,0
Male,22,CS,50.45,97.71,86.14,55.24,73.2,70.8,28.2,Yes,No,PhD,Low,8,4.4,0
Female,24,Mathematics,71.69,75.38,88.29,94.38,84.9,52.24,28.4,No,No,High School,Low,10,5.0,1
Female,18,Mathematics,67.95,87.24,71.55,95.87,8.299999999999999,93.28,19.0,Yes,Yes,PhD,Low,6,6.6,0
Male,22,Engineering,76.95,42.72,99.69,66.25,38.4,93.28,21.6,No,Yes,Master's,Medium,10,8.0,0
Female,22,Mathematics,89.84,46.39,88.54,80.8,33.1,79.7,13.7,No,Yes,PhD,Medium,2,4.9,1
Male,20,Business,92.12,88.87,78.93,74.62,56.5,63.39,20.2,Yes,No,Bachelor's,Medium,5,4.8,0
Male,18,CS,70.06,77.41,96.71,97.1,18.3,51.41,12.6,Yes,No,Unknown,Low,5,7.8,1
Male,22,Business,71.49,51.46,95.41,75.44,56.3,50.07,23.7,Yes,Yes,Bachelor's,Medium,4,7.5,1
Female,19,Engineering,57.41,64.29,90.73,98.0,65.4,53.65,12.7,Yes,Yes,PhD,High,9,6.4,0
Female,18,Mathematics,52.38,72.32,78.18,59.97,13.2,67.99,27.0,Yes,No,PhD,Medium,2,4.3,1
Male,19,CS,82.06,90.62,76.36,67.28,13.2,59.42,8.6,Yes,No,Unknown,Medium,7,6.4,0
Female,23,Mathematics,53.22,43.62,66.44,89.07,3.5,63.25,19.3,Yes,Yes,Bachelor's,Low,6,8.2,1
Male,23,Mathematics,86.69,75.8,62.54,89.18,76.10000000000001,84.98,18.0,Yes,No,Bachelor's,High,3,4.1,0
Female,24,Engineering,76.95,83.02,75.62,86.61,33.1,97.96,11.6,No,Yes,PhD,High,7,4.5,0
Male,21,Engineering,59.93,98.67,78.89,92.98,22.5,60.34,5.7,No,Yes,Master's,High,8,8.0,0
Male,23,Engineering,76.98,88.43,62.23,85.13,77.8,73.28,8.7,No,Yes,High School,Medium,4,6.6,0
Female,22,Engineering,59.15,56.57,96.13,81.8,14.3,99.57,29.2,Yes,Yes,PhD,High,8,7.3,0
Male,18,CS,71.94,82.57,77.86,72.95,42.7,96.58,28.5,No,Yes,PhD,Low,6,7.7,0
Male,23,Business,89.98,85.8,76.33,73.35,74.5,67.62,8.0,No,No,High School,High,5,5.5,0
Female,19,Business,73.1,83.78,71.78,70.31,57.400000000000006,65.98,14.4,Yes,Yes,Unknown,Medium,8,5.5,0
Male,22,CS,57.43,89.21,52.9,81.01,55.4,62.11,16.6,No,Yes,PhD,High,6,5.3,1
Male,23,Mathematics,86.19,94.22,94.12,70.33,15.7,57.77,17.0,No,No,Master's,High,10,4.8,0
Female,20,CS,59.34,45.91,65.85,57.37,18.1,73.0,12.5,No,No,Unknown,Low,8,5.5,1
Male,19,Business,86.93,46.29,82.12,55.33,58.3,67.06,27.8,Yes,No,Unknown,High,6,8.8,1
Male,24,Business,73.97,87.78,80.37,96.22,2.4,87.24,27.7,Yes,No,Unknown,Medium,4,4.4,0
Male,24,CS,72.69,55.14,79.22,51.24,86.89999999999999,61.84,5.5,Yes,Yes,PhD,Medium,2,5.2,1
Male,24,Engineering,92.57,43.51,76.29,55.27,35.0,86.82,21.3,Yes,Yes,Unknown,High,3,5.6,0
Male,19,Mathematics,85.43,64.07,59.07,72.27,41.7,64.41,6.9,No,Yes,Bachelor's,Low,7,4.8,1
Male,24,CS,51.65,89.19,64.03,63.15,25.8,79.64,19.9,No,Yes,PhD,Low,6,4.4,0
Male,21,Business,64.81,47.59,76.21,70.29,87.69999999999999,81.92,26.7,No,No,PhD,Medium,6,4.8,1
Male,20,Engineering,93.55,80.31,89.47,55.87,64.3,83.59,21.2,No,No,High School,Low,9,6.6,0
Female,21,Mathematics,50.92,40.22,71.6,56.55,45.0,58.77,16.7,Yes,No,Unknown,High,5,7.0,1
Male,23,Business,77.26,46.58,60.2,90.03,58.5,64.14,28.9,No,Yes,PhD,Low,9,5.1,1
Male,20,Mathematics,86.39,61.05,54.4,87.96,38.0,62.31,23.7,No,No,Master's,Low,1,6.5,1
Female,19,Engineering,81.09,45.02,83.15,55.21,46.6,78.81,11.2,Yes,Yes,Master's,Medium,3,4.0,1
Male,21,Business,88.03,90.75,71.17,83.39,35.8,53.79,14.7,No,Yes,PhD,High,5,7.0,0
Male,22,Engineering,86.28,91.84,56.27,80.47,41.1,75.91,24.0,No,No,PhD,Medium,7,4.0,1
Male,20,CS,84.6,85.33,83.72,85.67,31.5,54.37,5.5,Yes,No,Master's,Low,5,7.2,1
Male,19,CS,91.08,54.55,60.38,73.72,7.800000000000001,66.85,6.6,Yes,Yes,Master's,Medium,4,6.4,1
Male,18,Mathematics,82.28,71.39,75.45,63.5,3.7,84.34,26.5,Yes,No,Bachelor's,Low,5,4.5,0
Male,20,Engineering,70.12,51.05,65.31,83.18,17.4,70.63,6.1,Yes,Yes,Master's,Medium,1,4.4,1
Female,20,Engineering,73.6,56.88,96.58,68.57,25.2,64.02,22.0,Yes,No,Bachelor's,Low,5,4.0,0
Female,23,Mathematics,85.84,70.96,61.41,60.95,89.0,80.79,13.0,No,Yes,PhD,Medium,9,6.8,0
Female,22,Mathematics,93.82,84.1,71.0,70.43,61.1,87.01,25.6,No,Yes,Unknown,Low,3,8.0,0
Female,23,Mathematics,63.61,45.68,97.97,88.16,95.8,62.73,26.2,Yes,No,Unknown,High,10,8.3,0
Female,24,CS,67.1,57.8,65.94,73.79,34.0,64.97,28.8,Yes,Yes,High School,Medium,6,6.8,1
Male,20,Mathematics,96.54,95.6,82.23,64.99,40.2,82.01,7.4,Yes,No,Bachelor's,Low,9,8.4,0
Male,20,CS,78.93,65.75,65.84,91.59,72.0,98.26,15.6,Yes,No,Master's,Low,6,8.3,0
Male,24,Mathematics,58.95,96.33,55.53,94.08,57.8,60.69,19.3,Yes,No,Bachelor's,High,10,7.5,1
Male,22,Engineering,83.18,99.48,81.38,71.66,52.8,82.71,27.9,Yes,No,High School,Low,6,5.8,0
Male,22,Engineering,99.54,71.6,95.8,68.73,57.6,95.33,11.7,Yes,No,High School,Medium,6,8.1,0
Female,21,Mathematics,91.17,57.28,72.63,80.63,58.4,73.1,6.8,No,No,Bachelor's,High,7,6.0,0
Female,19,Mathematics,87.29,87.45,81.31,52.9,76.6,65.84,10.0,No,No,Master's,Medium,6,6.0,0
Male,19,CS,60.4,49.56,80.44,84.57,66.8,83.34,17.4,No,Yes,PhD,Medium,8,7.4,0
Male,21,Business,93.81,55.12,70.75,89.11,95.7,51.57,22.0,No,Yes,PhD,Low,2,8.6,1
Male,19,CS,76.29,87.09,80.74,69.87,94.8,68.01,22.3,Yes,Yes,PhD,Low,8,6.5,0
Female,20,Engineering,94.46,66.02,62.97,58.73,42.2,62.9,6.9,No,No,High School,Medium,4,4.9,1
Female,21,Mathematics,66.49,52.09,68.9,51.44,3.6,61.23,24.0,Yes,Yes,Bachelor's,Low,2,4.7,1
Male,21,Engineering,53.1,79.07,72.12,81.86,1.1,58.99,21.5,No,No,High School,Medium,9,5.5,1
Female,19,Business,73.8,83.97,93.2,63.45,12.3,86.85,15.2,No,No,Master's,Low,5,6.3,0
Male,18,CS,63.49,47.5,67.42,73.19,7.5,97.75,19.3,No,No,Unknown,Medium,3,5.5,0
Female,19,Engineering,85.76,56.62,81.76,69.32,37.3,69.24,24.2,Yes,Yes,High School,Low,3,7.6,1
Female,23,CS,97.86,53.28,60.67,58.74,5.300000000000001,52.46,11.6,Yes,Yes,Master's,High,9,6.7,1
Male,18,Mathematics,84.55,62.79,62.63,75.42,62.5,85.95,28.5,No,No,Master's,Medium,5,6.0,0
Female,21,Engineering,94.35,85.81,82.42,72.98,19.0,76.91,8.4,Yes,Yes,Master's,Low,10,5.1,0
Female,18,Business,72.65,82.82,88.12,81.21,51.4,86.18,27.6,Yes,Yes,Unknown,High,7,7.0,0
Male,20,CS,88.58,79.75,73.11,62.59,10.3,82.4,23.5,No,Yes,PhD,Medium,2,7.4,1
Female,22,CS,92.15,40.38,66.75,60.73,82.8,95.27,21.5,Yes,Yes,Bachelor's,High,6,7.9,0
Male,18,Business,85.54,48.53,95.51,90.72,78.0,57.02,7.1,Yes,No,High School,High,1,9.0,0
Female,23,Engineering,75.39,53.4,56.79,85.11,38.6,58.46,28.0,Yes,Yes,Unknown,High,8,5.2,1
Male,22,Engineering,81.29,56.32,86.04,88.61,91.1,67.08,12.4,Yes,No,Master's,High,1,4.1,0
Male,20,CS,85.03,48.79,84.51,56.16,18.6,74.57,23.6,No,Yes,Unknown,Medium,3,6.5,1
Female,23,Business,62.65,64.62,84.51,61.2,81.4,96.29,27.1,Yes,Yes,High School,Medium,6,8.6,0
Female,24,CS,90.48,44.51,96.77,78.78,54.6,95.35,11.1,No,Yes,Bachelor's,Medium,8,5.2,0
Male,22,CS,97.52,85.0,86.41,92.86,33.0,93.59,27.9,Yes,No,High School,Low,10,7.8,0
Female,24,Mathematics,73.26,87.26,65.08,94.61,8.4,61.13,20.3,No,Yes,Unknown,High,1,5.6,0
Female,20,Engineering,85.05,74.46,67.67,91.6,17.1,86.48,21.5,No,No,Master's,Low,10,6.0,0
Female,22,Engineering,86.85,45.38,69.56,52.17,86.30000000000001,69.17,27.9,Yes,Yes,Master's,High,4,8.7,1
Male,22,Mathematics,83.11,93.4,51.54,91.04,60.7,96.56,18.2,No,Yes,PhD,Low,3,6.3,0
Male,19,Engineering,77.36,97.94,95.68,94.95,23.700000000000003,60.73,16.0,No,Yes,PhD,Low,1,7.6,1
Male,23,Engineering,94.08,52.14,53.68,52.84,49.6,57.06,20.8,Yes,No,Bachelor's,Medium,5,6.7,1
Female,23,Engineering,72.45,82.28,84.99,70.81,10.8,92.12,18.9,Yes,No,Bachelor's,High,8,7.8,0
Female,18,Business,53.06,90.52,86.51,76.83,9.9,85.85,6.5,No,Yes,PhD,Medium,7,5.6,0
Male,24,Mathematics,92.23,72.39,92.19,61.64,90.8,91.07,9.5,No,Yes,PhD,Low,3,8.4,0
Male,24,CS,83.7,59.4,77.67,75.83,45.8,57.9,5.3,No,No,High School,Low,5,6.7,1
Female,23,Business,92.46,68.71,86.26,94.3,36.2,94.24,7.7,No,No,High School,Medium,5,5.5,0
Female,23,CS,56.93,70.74,65.14,93.35,94.9,83.88,23.2,No,No,Master's,Medium,8,4.2,0
Female,22,Mathematics,51.54,64.04,87.28,96.99,39.900000000000006,82.58,5.1,No,Yes,Master's,Medium,6,4.1,0
Female,24,Mathematics,96.72,95.79,67.17,74.21,33.6,79.13,12.6,No,No,PhD,Medium,3,5.8,0
Male,21,Mathematics,57.39,84.63,95.14,70.53,27.3,88.24,16.2,No,No,High School,Medium,7,5.1,0
Female,19,Engineering,90.48,54.48,58.17,83.29,56.5,70.78,28.4,Yes,No,PhD,High,1,4.3,1
Female,18,Business,91.16,75.13,65.79,70.84,55.8,56.64,13.2,Yes,Yes,PhD,High,2,6.8,1
Male,19,Mathematics,85.44,81.32,74.94,52.1,1.6,76.96,24.6,No,Yes,Bachelor's,Medium,7,8.9,0
Male,18,CS,56.56,48.41,88.79,86.0,65.4,87.41,15.2,Yes,No,PhD,High,2,6.1,0
Female,20,Engineering,83.37,61.51,87.44,64.05,78.8,57.68,7.5,No,No,Master's,High,2,6.8,1
Male,22,Engineering,94.45,94.33,60.54,52.45,61.6,61.2,7.5,No,No,Bachelor's,Low,10,5.1,1
Female,23,Business,71.28,74.03,57.21,51.03,87.0,84.83,15.8,No,No,High School,High,7,5.0,0
Female,23,Business,70.68,53.02,65.2,96.57,27.6,63.48,6.4,Yes,No,Master's,High,10,5.6,1
Male,21,Business,72.14,47.37,74.19,62.6,19.2,58.5,19.3,Yes,No,Unknown,Low,4,8.2,1
Male,24,Engineering,54.11,71.09,76.95,72.39,69.7,94.47,17.3,Yes,No,High School,Medium,9,8.8,0
Female,24,Mathematics,94.6,72.86,71.46,97.53,18.9,58.04,22.6,No,Yes,Unknown,High,7,7.7,1
Male,19,CS,93.46,60.06,83.15,73.38,9.1,67.21,9.6,Yes,Yes,Master's,Low,10,4.1,1
Female,19,Mathematics,99.9,77.82,71.38,53.93,9.7,71.42,19.8,No,No,High School,Medium,10,6.2,1
Female,19,CS,79.26,44.12,97.32,77.6,76.8,73.81,9.4,Yes,Yes,Unknown,High,6,6.1,0
Female,24,Mathematics,87.56,48.71,63.05,54.41,2.9,68.07,23.1,Yes,Yes,Unknown,High,4,8.7,1
Male,23,Business,60.13,72.78,81.37,54.75,28.9,95.63,12.7,No,No,High School,High,8,7.7,0
Female,24,CS,83.38,43.71,80.57,92.57,12.9,82.93,20.4,No,Yes,PhD,Low,5,7.6,0
Female,19,Engineering,82.49,92.85,64.08,64.47,75.5,67.97,27.1,No,Yes,Master's,Medium,8,6.8,0
Female,22,CS,95.06,48.53,70.58,83.93,50.3,67.89,17.2,Yes,No,Master's,Medium,8,7.2,0
Male,18,Engineering,91.54,80.44,68.27,75.45,20.5,75.15,9.8,Yes,Yes,Bachelor's,High,9,7.5,1
Female,23,Mathematics,96.92,63.47,58.62,61.12,75.0,51.68,27.2,Yes,No,High School,Low,9,6.8,1
Female,22,Business,93.44,63.99,73.86,75.89,75.0,96.33,14.0,No,No,Master's,Medium,7,8.2,0
Female,20,CS,93.43,85.89,69.33,53.45,52.3,61.17,23.3,No,Yes,Unknown,Medium,10,4.2,1
Male,22,Engineering,53.19,69.97,58.92,67.36,27.6,84.88,13.0,No,No,High School,Medium,7,8.7,0
Female,22,Mathematics,92.3,83.54,72.49,76.14,58.6,88.89,12.5,Yes,Yes,Unknown,Low,6,7.9,0
Female,20,Business,80.37,70.31,71.09,61.42,93.4,91.37,21.1,Yes,Yes,High School,High,9,6.6,0
Male,22,Business,69.02,75.57,56.57,83.01,5.2,58.28,8.9,Yes,Yes,Unknown,Medium,8,8.3,1
Male,18,Business,52.83,85.64,56.56,52.59,26.7,76.83,26.7,No,Yes,Unknown,Low,1,8.1,1
Female,23,Mathematics,83.88,76.44,82.38,74.24,28.5,54.18,14.7,No,No,High School,High,8,6.1,0
Female,21,Mathematics,66.41,76.94,85.33,85.75,63.2,90.24,5.5,No,No,Bachelor's,High,2,8.2,0
Female,24,Mathematics,73.39,87.35,97.06,71.5,65.1,74.32,12.6,Yes,Yes,Unknown,Low,9,4.9,0
Male,20,Business,84.09,96.95,54.35,93.73,20.6,57.92,24.6,Yes,No,High School,High,6,6.3,1
Male,23,CS,95.59,62.6,55.89,81.61,21.6,85.93,26.5,Yes,No,PhD,High,5,5.2,0
Female,19,Engineering,91.27,74.63,52.59,97.92,92.8,66.56,19.2,Yes,No,PhD,Low,7,4.6,1
Male,18,Mathematics,72.53,45.18,76.61,64.21,75.6,55.73,12.4,No,No,Bachelor's,High,4,8.5,1
Female,21,CS,69.39,61.53,81.14,96.94,93.4,73.05,18.2,No,No,High School,Low,9,5.8,1
Female,18,Engineering,61.99,64.72,70.18,80.34,83.0,61.76,25.9,Yes,No,Bachelor's,Medium,10,7.4,0
Male,18,Business,68.62,90.11,89.9,87.26,40.2,97.51,12.9,No,Yes,Unknown,Low,8,5.9,0
Female,19,CS,55.55,70.8,84.33,95.11,12.2,68.07,14.6,Yes,Yes,PhD,Medium,1,6.7,0
Male,21,Business,98.56,83.86,99.29,77.56,63.0,78.62,18.5,No,No,Bachelor's,Medium,1,5.7,0
Male,24,Engineering,78.7,41.14,56.89,93.11,35.2,97.42,27.2,Yes,Yes,Unknown,Medium,3,7.7,1
Female,18,Mathematics,56.39,67.87,52.92,77.08,42.5,69.69,19.6,No,No,PhD,Low,8,7.9,0
Male,19,Business,67.64,94.08,63.74,79.96,42.6,67.91,10.2,No,No,Bachelor's,Low,8,6.2,1
Female,20,CS,77.35,53.46,50.95,72.25,93.7,58.12,7.2,No,No,Unknown,Low,2,8.3,1
Male,19,Mathematics,76.64,41.89,96.63,57.28,6.9,96.92,7.4,Yes,Yes,Master's,Medium,1,5.8,0
Female,22,CS,51.78,66.0,65.2,77.68,19.3,90.04,28.8,No,Yes,PhD,High,4,7.8,1
Female,23,Engineering,97.54,82.27,77.62,98.87,60.8,61.05,25.6,Yes,Yes,Unknown,High,2,7.3,1
Female,19,Engineering,63.77,67.27,65.9,89.36,88.4,66.63,24.1,No,Yes,Master's,Low,5,6.3,0
Male,19,Mathematics,50.81,67.6,62.29,87.37,91.8,95.75,17.4,No,Yes,Bachelor's,High,7,8.4,0
Female,19,CS,53.82,80.19,57.62,82.17,55.9,76.86,21.8,Yes,No,Master's,Medium,10,6.9,1
Male,24,CS,79.01,55.26,66.02,67.4,3.5,77.82,8.2,No,Yes,PhD,Medium,10,8.2,1
Male,18,CS,56.89,85.11,80.77,58.48,36.3,82.41,20.5,Yes,Yes,High School,High,5,7.7,0
Male,24,CS,52.09,49.19,98.58,61.23,91.9,88.11,25.3,No,Yes,Bachelor's,High,1,6.7,0
Male,21,Engineering,68.98,63.75,77.9,50.32,50.0,96.96,6.6,No,No,Master's,Medium,10,5.6,1
Male,19,CS,81.14,79.36,76.64,83.67,72.69999999999999,90.11,12.4,No,Yes,Unknown,Low,5,8.8,0
Female,19,Engineering,55.59,89.7,51.76,90.59,26.9,96.73,7.8,Yes,Yes,High School,Low,6,4.3,0
Male,22,CS,65.67,87.49,92.0,63.45,2.5,91.03,11.5,Yes,No,High School,High,9,8.5,0
Female,22,CS,70.89,83.3,52.24,54.59,57.8,52.32,24.3,Yes,Yes,Bachelor's,High,1,6.5,1
Female,20,Business,57.97,61.55,95.31,66.79,83.5,55.88,13.3,No,Yes,Master's,Low,3,7.7,1
Male,20,Business,75.3,47.34,76.93,64.6,99.0,94.24,22.2,Yes,No,PhD,High,5,5.7,0
Female,22,CS,54.26,53.01,58.42,72.54,84.7,51.38,24.3,No,No,Master's,High,1,5.9,1
Female,21,Engineering,52.33,91.89,72.59,63.21,55.4,89.71,25.4,Yes,Yes,Master's,High,7,5.0,0
Male,20,CS,75.99,91.44,99.75,66.99,60.9,92.49,26.8,Yes,No,Bachelor's,Medium,1,8.8,0
Female,23,Business,62.39,97.09,65.25,95.38,82.4,70.77,19.9,No,Yes,Bachelor's,Low,10,4.2,0
Male,23,CS,54.77,44.56,63.47,66.74,2.0,67.74,12.0,Yes,Yes,Unknown,High,10,5.9,1
Male,21,Business,71.2,72.21,55.9,89.28,95.2,59.72,8.8,Yes,Yes,PhD,High,3,5.7,1
Male,22,CS,95.76,78.92,79.86,81.29,53.1,52.45,17.6,No,Yes,Bachelor's,High,1,8.1,0
Female,20,Mathematics,86.21,82.64,54.46,66.88,95.2,87.27,7.6,No,Yes,Unknown,High,9,6.5,0
Female,19,CS,90.78,78.63,88.3,90.89,76.5,53.69,27.8,No,Yes,High School,High,7,4.8,0
Female,22,Engineering,93.6,86.2,95.96,79.75,15.2,97.23,16.1,No,Yes,Unknown,High,10,6.5,0
Female,20,Business,98.63,61.57,96.59,50.43,16.5,64.84,26.8,Yes,Yes,PhD,Medium,9,5.2,0
Male,21,Mathematics,88.16,50.77,55.4,53.44,35.4,89.71,22.7,Yes,Yes,Unknown,Medium,9,4.1,0
Male,23,Business,80.42,52.28,77.91,87.63,26.4,52.98,26.4,No,Yes,Unknown,Medium,9,6.7,1
Female,21,Business,68.27,40.72,54.86,72.33,43.9,76.81,27.1,No,No,Bachelor's,Medium,10,5.8,1
Male,20,Engineering,59.08,61.02,78.6,70.28,60.4,67.45,6.3,No,No,PhD,High,5,5.2,1
Female,21,CS,84.33,45.5,90.75,57.29,43.7,51.5,23.1,Yes,No,Unknown,High,7,4.9,1
Male,20,Engineering,99.75,59.29,76.89,57.87,5.6000000000000005,82.79,10.7,No,Yes,Master's,High,6,6.3,0
Male,20,CS,73.37,77.69,93.6,89.89,97.6,97.16,29.7,Yes,No,Unknown,Medium,6,8.3,0
Male,21,Mathematics,86.18,93.67,90.08,91.45,42.5,50.54,24.5,No,Yes,High School,Medium,3,7.8,0
Male,18,Engineering,74.75,90.38,63.83,78.0,85.1,63.52,5.1,Yes,No,High School,Medium,10,4.0,1
Male,19,Engineering,71.6,55.16,81.51,64.76,7.4,85.18,28.2,No,Yes,Unknown,Low,6,7.7,1
Female,22,Business,70.52,48.04,50.37,96.64,81.0,93.56,12.3,Yes,No,Unknown,High,10,4.4,0
Female,23,Engineering,75.23,51.58,69.8,81.2,17.3,59.54,15.4,No,No,Master's,Medium,6,6.7,0
Male,19,CS,68.34,98.26,61.9,89.83,67.9,53.54,20.3,Yes,Yes,Unknown,Medium,5,7.9,1
Female,22,Engineering,87.44,72.97,96.86,50.16,66.2,50.43,27.9,No,No,Bachelor's,High,4,6.3,1
Male,22,Engineering,93.71,50.95,70.27,72.52,91.0,60.76,28.2,No,No,PhD,Low,10,5.9,1
Male,23,Mathematics,94.14,90.44,82.7,93.55,32.1,53.57,19.1,Yes,Yes,Master's,Medium,5,8.7,1
Male,19,CS,61.38,63.71,86.6,66.91,10.9,67.97,12.9,Yes,Yes,Unknown,Low,7,4.1,1
Male,23,Business,94.8,93.95,88.66,86.33,86.5,72.01,12.0,Yes,Yes,Bachelor's,Medium,4,4.5,0
Female,20,CS,67.08,55.64,86.79,82.88,33.2,74.0,14.1,Yes,No,Unknown,Medium,9,8.4,1
Male,23,Mathematics,65.47,63.59,64.46,57.61,23.3,57.12,9.5,Yes,No,Master's,High,4,8.4,1
Female,21,CS,86.34,70.3,84.3,88.75,48.6,73.2,21.7,Yes,No,Master's,Low,9,5.9,0
Male,18,CS,65.23,93.56,77.45,55.63,14.6,50.45,18.2,No,Yes,High School,Medium,10,6.7,1
Male,18,Engineering,52.65,92.13,79.87,86.4,29.700000000000003,61.97,24.3,No,Yes,High School,High,9,4.8,0
Female,18,Engineering,68.68,74.46,50.04,99.55,38.5,68.45,7.4,Yes,Yes,Unknown,Medium,7,8.4,1
Male,19,CS,86.07,53.31,62.91,97.9,27.7,55.92,15.0,Yes,No,PhD,High,7,6.3,1
Male,19,CS,66.35,64.2,96.53,90.01,45.0,90.7,11.0,No,No,Bachelor's,Medium,10,6.8,0
Female,20,Business,81.48,98.54,64.5,76.73,38.5,60.06,18.4,Yes,No,High School,High,1,4.6,1
Female,24,Mathematics,83.01,76.47,71.9,83.74,77.5,87.74,16.7,No,No,High School,Medium,2,7.1,0
Female,18,Engineering,86.69,86.87,59.33,86.41,91.8,73.69,16.2,No,Yes,PhD,High,3,7.5,0
Male,20,Engineering,94.86,66.99,56.93,50.42,10.1,73.99,12.9,No,No,Master's,High,3,5.5,1
Male,24,Engineering,71.63,71.92,60.43,55.12,82.30000000000001,82.26,23.2,Yes,No,Unknown,Low,3,8.5,1
Female,18,Engineering,58.32,65.74,77.68,79.85,93.2,52.21,17.0,No,No,Unknown,High,9,5.0,0
Female,19,CS,65.95,82.18,95.95,50.33,68.7,53.94,10.1,Yes,Yes,Bachelor's,Low,2,8.5,1
Male,24,CS,71.61,91.09,66.31,95.45,99.6,66.34,18.7,Yes,No,PhD,High,1,7.5,0
Male,21,Business,85.69,70.44,66.17,74.48,33.5,70.84,19.9,Yes,No,PhD,High,1,8.2,1
Female,21,Engineering,50.66,68.85,78.21,62.89,83.0,71.5,5.5,No,Yes,PhD,High,6,7.5,0
Female,21,Engineering,65.79,60.42,67.84,69.69,67.4,83.84,10.1,No,Yes,Master's,High,7,6.1,1
Female,23,CS,88.99,50.63,95.52,92.54,32.3,50.04,11.1,No,No,PhD,Low,2,5.7,1
Female,21,Business,83.54,96.35,68.89,96.36,70.5,97.96,11.2,Yes,Yes,Master's,High,2,7.7,0
Male,22,CS,86.59,58.96,74.52,55.81,51.0,58.72,11.0,No,No,Unknown,High,8,5.5,1
Male,18,Engineering,90.59,88.04,76.67,88.9,18.9,62.43,11.8,No,Yes,Master's,High,7,4.3,1
Male,21,Engineering,89.16,82.92,89.1,78.91,17.4,95.28,11.6,No,No,Unknown,High,4,5.2,0
Male,24,Mathematics,84.11,87.46,78.2,79.28,71.3,50.27,27.1,No,Yes,Bachelor's,High,7,7.8,0
Female,22,Mathematics,71.98,96.21,61.96,88.97,71.2,99.57,13.0,No,No,PhD,High,4,8.0,0
Male,22,Mathematics,99.18,77.4,56.2,61.14,53.1,51.8,13.7,Yes,Yes,Bachelor's,Medium,5,5.4,1
Female,22,Business,78.45,93.88,96.89,76.55,50.1,56.03,11.7,Yes,Yes,PhD,Low,8,5.6,0
Male,20,CS,60.14,50.06,90.08,65.97,18.0,62.01,29.2,Yes,No,Bachelor's,Low,4,6.7,1
Male,24,Engineering,64.64,77.6,51.15,54.73,42.9,71.94,18.4,Yes,Yes,High School,High,7,5.3,1
Male,20,Engineering,84.68,86.34,91.08,55.25,87.10000000000001,75.92,20.3,Yes,No,High School,Medium,2,7.0,0
Female,22,Business,96.24,56.3,79.53,56.82,85.5,55.24,23.4,No,Yes,Master's,Medium,2,5.4,1
Male,23,Engineering,58.94,84.45,75.94,80.74,66.10000000000001,53.68,13.3,Yes,No,Bachelor's,Low,9,4.6,0
Female,21,Engineering,54.12,86.71,50.61,55.29,99.7,51.59,29.2,No,Yes,PhD,Medium,10,4.8,0
Female,18,CS,94.08,89.87,89.04,78.51,89.3,62.84,8.8,No,No,Unknown,Medium,8,5.3,0
Male,24,Mathematics,95.76,58.77,59.9,79.41,14.5,96.08,16.4,No,No,Master's,Low,3,4.8,0
Female,23,Mathematics,63.82,80.9,86.4,95.19,39.900000000000006,69.49,8.6,No,No,Master's,Low,7,8.9,0
Male,19,Business,68.86,58.26,50.79,81.32,13.2,88.2,24.8,Yes,No,High School,Low,1,7.3,1
Female,20,Mathematics,83.01,84.34,89.82,99.28,46.6,59.51,7.7,No,No,Bachelor's,High,4,4.9,1
Male,21,Mathematics,66.5,67.78,51.15,51.55,77.6,53.23,18.8,No,No,Bachelor's,Low,4,6.1,1
Female,21,Business,93.86,75.85,61.79,85.21,15.6,77.71,7.6,Yes,No,Master's,Low,8,5.3,1
Female,19,Business,55.38,64.95,63.41,51.32,88.0,91.1,16.3,No,No,High School,Medium,4,7.4,0
Male,19,Mathematics,51.9,49.72,57.88,86.47,56.900000000000006,94.92,12.0,No,No,Unknown,Medium,9,8.3,0
Male,24,CS,60.42,50.68,74.05,69.29,74.9,77.31,27.6,No,Yes,High School,Low,10,6.0,1
Male,21,Business,64.3,44.65,64.18,80.57,4.5,64.7,6.3,Yes,Yes,Bachelor's,Low,7,6.1,1
Male,19,Engineering,55.65,77.08,99.66,65.48,9.4,55.48,21.2,No,No,Unknown,Medium,10,6.0,1
Female,21,Business,53.28,90.92,79.0,57.96,62.1,83.39,22.4,No,No,Master's,Low,5,6.2,0
Female,23,Engineering,87.78,41.25,78.32,86.18,83.80000000000001,64.02,27.2,Yes,Yes,Unknown,High,8,4.2,1
Female,24,Business,58.21,43.97,61.04,95.23,87.4,92.2,26.9,Yes,Yes,Master's,Low,4,7.0,0
Female,19,Business,95.7,67.45,70.43,59.18,68.8,80.26,29.4,Yes,No,High School,Medium,10,8.8,0
Male,23,Mathematics,68.4,84.26,56.2,96.04,20.1,92.94,11.3,No,Yes,Unknown,High,6,7.9,0
Female,23,Mathematics,83.53,49.46,88.13,57.01,19.5,78.33,11.9,No,Yes,PhD,Low,5,8.3,1
Male,19,Mathematics,61.27,56.3,66.56,86.78,88.10000000000001,88.59,14.9,Yes,No,Bachelor's,Medium,10,5.1,0
Female,24,CS,62.02,53.92,87.6,97.97,11.3,64.72,18.4,No,Yes,Master's,Medium,3,7.0,1
Male,21,Mathematics,78.74,63.94,68.58,57.37,68.60000000000001,75.15,14.2,Yes,No,Unknown,Medium,8,8.5,1
Male,22,Mathematics,78.03,53.5,99.44,71.75,53.4,50.97,23.5,No,Yes,Unknown,Medium,6,4.3,1
Male,21,Business,88.44,61.16,58.56,66.87,42.1,80.39,5.2,No,Yes,PhD,High,4,8.4,1
Male,18,Business,87.89,83.71,50.08,69.42,44.0,76.69,5.4,No,Yes,High School,Low,1,4.3,0
Male,19,CS,83.53,76.66,79.74,87.66,94.5,87.76,22.9,Yes,No,PhD,Low,10,8.9,0
Female,20,Engineering,72.46,44.87,97.65,83.06,86.1,86.45,27.1,No,No,Unknown,Low,1,4.4,0
Male,24,Business,94.53,78.26,82.35,98.43,86.5,81.38,24.4,No,Yes,Bachelor's,Low,3,5.8,0
Female,19,Business,81.13,68.62,54.29,59.27,40.7,52.83,7.9,No,Yes,Unknown,Medium,8,4.3,1
Female,18,Engineering,99.51,96.07,77.02,77.16,10.7,95.15,28.4,No,Yes,Unknown,High,8,4.3,0
Male,23,CS,90.97,57.36,95.47,72.46,99.8,50.9,18.0,No,No,Unknown,Medium,2,8.3,0
Female,20,Business,52.22,83.57,50.33,95.94,14.5,90.16,23.6,No,Yes,PhD,High,1,4.3,0
Female,20,Mathematics,66.03,83.85,58.35,50.53,51.6,73.97,10.0,Yes,Yes,PhD,Low,5,8.0,0
Female,21,CS,78.59,53.29,90.73,99.46,26.5,90.9,18.7,No,Yes,Master's,Medium,1,8.5,0
Male,22,Engineering,86.07,94.19,94.7,73.99,51.1,73.25,13.3,Yes,Yes,Master's,Medium,8,8.7,0
Male,21,Engineering,77.52,69.47,85.36,81.28,30.5,82.35,29.4,Yes,Yes,Master's,Low,9,8.3,1
Male,24,Mathematics,89.31,80.73,99.58,68.0,89.7,68.16,16.9,No,Yes,Unknown,High,2,8.8,0
Male,20,Mathematics,64.13,48.75,54.51,92.63,96.8,87.18,23.9,Yes,Yes,Master's,High,4,4.3,0
Female,20,Mathematics,59.2,55.47,77.28,78.1,41.0,62.71,20.1,Yes,Yes,Master's,High,6,9.0,1
Female,22,CS,52.7,75.17,84.25,83.14,7.0,85.97,7.4,No,No,High School,Medium,7,4.1,0
Female,24,Engineering,78.67,59.14,85.13,82.45,66.3,59.67,18.6,Yes,No,PhD,Medium,5,4.8,1
Female,19,Mathematics,84.43,69.98,89.67,68.2,37.7,86.11,18.5,No,No,Master's,Medium,1,4.4,1
Female,22,Mathematics,66.31,62.44,95.88,53.8,98.6,64.68,22.9,No,Yes,PhD,High,7,7.7,0
Female,23,Engineering,80.68,78.43,68.08,90.39,8.9,63.93,13.0,Yes,No,Bachelor's,Medium,7,4.4,1
Male,21,Business,52.61,69.23,52.15,64.49,11.9,90.57,26.5,Yes,No,High School,High,5,5.5,0
Female,19,CS,54.96,40.28,68.12,92.45,69.9,90.68,20.6,Yes,Yes,Bachelor's,Low,2,7.2,1
Female,21,Business,85.09,78.98,83.58,80.43,75.9,84.57,6.0,No,No,PhD,Medium,2,6.5,0
Female,22,Mathematics,68.4,65.33,60.67,67.69,47.1,96.2,22.7,Yes,Yes,PhD,Medium,9,4.7,0
Male,19,CS,83.57,60.5,90.5,79.71,27.7,57.81,27.7,No,Yes,Bachelor's,Low,9,6.6,1
Female,22,Business,91.59,45.65,60.99,82.27,31.0,63.47,22.1,No,Yes,Master's,Low,4,5.7,1
Female,23,Engineering,92.63,53.22,50.5,85.33,33.8,64.7,14.5,No,Yes,High School,High,4,6.9,1
Male,18,Mathematics,58.61,53.43,75.4,91.12,22.5,65.26,19.8,No,Yes,PhD,Low,7,6.7,1
Female,20,CS,74.31,96.12,86.32,57.99,85.1,66.4,9.3,Yes,No,Unknown,Medium,5,8.9,0
Male,24,CS,86.7,65.95,67.48,97.21,6.5,84.85,20.0,Yes,No,High School,Low,1,8.3,0
Male,19,CS,88.7,42.52,87.44,70.54,40.7,63.54,17.5,No,No,Bachelor's,Low,5,4.0,1
Female,20,CS,89.23,48.33,71.92,93.02,74.80000000000001,64.3,5.7,No,Yes,PhD,Medium,4,4.9,1
Female,18,Mathematics,61.41,44.74,58.59,61.02,0.4,78.52,13.0,No,No,PhD,High,3,8.6,1
Male,19,Mathematics,59.63,75.33,54.53,51.45,87.8,59.67,9.8,Yes,No,Bachelor's,Medium,1,6.7,1
Female,20,Engineering,79.5,51.2,85.53,78.67,70.6,68.24,14.8,Yes,No,Unknown,Medium,9,7.8,0
Female,20,Engineering,87.05,69.91,69.29,66.23,7.3,52.9,11.0,Yes,No,Unknown,Low,4,6.5,1
Male,19,Engineering,65.96,62.2,95.64,99.22,89.5,97.63,25.9,Yes,No,PhD,Low,3,7.9,0
Male,20,Business,55.24,88.23,77.01,55.22,48.7,65.87,22.4,Yes,No,Master's,Medium,8,4.7,0
Female,20,Engineering,85.84,59.23,67.42,52.37,65.19999999999999,92.5,23.5,No,No,Unknown,Low,7,7.7,1
Male,19,Mathematics,64.98,67.5,67.45,52.25,88.2,76.5,14.0,Yes,Yes,Unknown,High,6,8.3,0
Female,24,Business,58.32,83.28,56.57,60.84,88.10000000000001,61.41,5.1,Yes,No,Master's,Low,6,5.3,1
Female,20,Mathematics,57.39,66.0,79.69,78.96,40.9,59.67,10.5,Yes,Yes,Unknown,High,2,5.8,0
Female,20,Business,65.75,87.59,79.11,75.28,23.8,84.75,23.9,Yes,Yes,Master's,Medium,9,7.0,0
Female,24,Engineering,79.63,79.7,90.0,67.5,25.7,98.24,20.1,Yes,No,Bachelor's,Low,1,8.3,0
Male,21,Engineering,67.92,64.63,60.06,54.44,76.6,59.15,18.5,Yes,No,High School,Low,4,8.5,1
Female,23,Engineering,51.03,70.24,64.54,61.69,92.9,55.77,12.0,No,Yes,High School,High,4,6.7,1
Male,21,Business,54.85,98.03,54.86,59.21,7.199999999999999,69.35,6.9,No,Yes,Bachelor's,High,9,7.3,1
Female,18,Mathematics,64.53,79.7,64.77,87.28,1.5,69.69,24.6,Yes,No,Unknown,Medium,3,8.4,0
Female,21,CS,82.99,94.3,71.41,89.0,82.30000000000001,90.31,6.0,No,No,High School,Medium,9,5.2,0
Male,21,Mathematics,54.93,50.73,98.2,88.85,38.7,73.44,6.5,No,Yes,Bachelor's,Medium,2,8.1,1
Female,18,Engineering,78.03,68.99,82.65,98.45,27.6,53.12,12.4,Yes,No,High School,Medium,1,5.3,1
Male,20,Business,55.99,94.52,89.14,94.21,18.8,96.03,19.3,Yes,No,Unknown,High,7,6.9,0
Male,20,Business,60.58,59.36,66.28,74.89,34.6,68.66,29.8,Yes,Yes,Master's,Low,2,8.7,1
Female,21,Engineering,58.61,98.06,57.23,70.75,97.1,83.43,7.3,No,Yes,Bachelor's,Low,1,6.6,0
Female,18,Business,53.36,45.82,62.84,95.79,97.7,83.37,16.8,Yes,Yes,High School,Medium,9,4.5,0
Female,20,Engineering,83.57,94.16,62.82,80.56,33.2,52.82,20.0,No,Yes,Unknown,Low,8,8.5,1
Female,22,Mathematics,73.17,66.71,79.16,64.72,96.4,50.18,25.6,Yes,No,High School,Medium,3,6.9,1
Male,19,Business,91.55,44.42,67.07,78.22,30.0,54.4,22.2,No,No,Unknown,Low,2,4.4,1
Female,19,CS,54.94,92.77,92.87,99.61,85.39999999999999,97.83,25.2,Yes,Yes,Unknown,Low,1,4.1,0
Female,23,Business,57.24,55.12,99.43,92.47,21.200000000000003,89.7,18.1,No,No,Unknown,Low,10,5.3,0
Female,19,Engineering,65.32,41.34,67.16,64.06,82.6,56.6,15.8,Yes,Yes,Unknown,Low,4,4.6,1
Female,21,CS,88.29,48.15,85.25,97.65,35.4,80.74,20.5,Yes,No,Bachelor's,High,6,7.1,0
Female,19,Engineering,65.29,79.55,82.87,99.07,19.6,80.6,27.5,Yes,No,Master's,Low,2,7.0,0
Male,19,Business,70.42,98.67,59.72,61.56,93.5,50.03,18.8,Yes,No,Bachelor's,High,6,8.2,1
Female,22,CS,65.08,46.69,95.9,94.78,21.4,71.45,20.1,Yes,Yes,High School,High,5,6.6,1
Male,20,CS,54.01,67.72,59.97,94.16,99.2,85.59,13.4,Yes,Yes,Bachelor's,High,1,5.3,0
Female,22,Business,96.97,50.84,86.85,51.99,10.9,59.34,19.9,No,Yes,Bachelor's,Low,10,4.3,1
Female,21,CS,77.43,84.7,67.38,83.48,1.0,92.55,20.7,No,Yes,High School,Medium,7,4.1,0
Female,19,Mathematics,89.39,47.08,68.35,65.26,87.10000000000001,83.02,23.8,No,No,Master's,Medium,7,8.6,1
Male,24,CS,82.92,54.39,72.77,83.73,58.7,50.35,19.3,Yes,Yes,Bachelor's,High,5,4.7,1
Female,20,CS,75.71,51.78,93.23,95.68,42.2,92.75,9.9,No,No,Unknown,High,4,6.5,0
Male,23,Mathematics,54.48,73.15,57.01,74.94,8.2,50.97,19.5,Yes,Yes,Bachelor's,Low,2,8.0,1
Male,23,Engineering,82.14,92.39,52.73,70.72,57.5,94.4,12.4,No,Yes,High School,Medium,7,8.6,0
Female,19,Engineering,57.77,70.67,70.1,96.08,39.4,66.69,7.2,Yes,No,Master's,High,8,5.0,1
Male,19,Mathematics,70.72,43.49,52.78,98.71,48.4,84.93,25.6,No,No,Bachelor's,Medium,9,5.2,1
Female,23,CS,81.46,73.8,84.38,53.11,63.0,89.37,6.7,No,Yes,Bachelor's,Medium,6,4.9,0
Female,23,Business,89.11,87.85,88.02,96.14,64.0,64.06,20.8,No,No,High School,Low,2,4.8,0
Male,24,Mathematics,84.25,47.93,92.74,54.14,96.1,67.82,29.7,Yes,Yes,PhD,High,1,6.3,0
Female,21,Business,83.58,44.36,87.19,66.86,65.5,75.48,7.2,Yes,No,PhD,Low,2,7.2,1
Female,19,Engineering,57.45,51.27,95.82,88.13,33.9,79.13,10.5,Yes,Yes,Bachelor's,Medium,3,7.5,0
Male,23,Mathematics,67.31,84.77,87.42,88.85,33.0,64.6,24.0,No,Yes,Unknown,Medium,1,5.6,0
Male,24,Business,52.15,75.5,96.8,86.29,47.7,99.62,7.4,Yes,Yes,Bachelor's,High,5,7.1,0
Male,18,CS,85.97,72.44,59.66,51.96,25.9,86.85,25.8,Yes,No,PhD,High,7,4.0,0
Male,23,Mathematics,97.63,54.97,74.99,56.65,37.6,63.71,5.0,Yes,Yes,Bachelor's,Low,9,8.4,1
Male,20,Business,63.21,59.93,99.7,96.81,84.2,82.02,27.2,No,No,Unknown,Low,6,8.3,0
Male,20,Mathematics,54.38,97.95,84.08,54.07,86.0,71.77,6.7,Yes,Yes,Master's,Low,8,6.7,0
Female,18,Mathematics,73.78,54.44,93.93,53.93,62.8,93.02,28.0,Yes,Yes,Bachelor's,High,2,5.2,0
Male,21,Engineering,92.83,94.1,51.52,91.78,58.3,66.45,26.6,No,Yes,High School,High,5,8.9,1
Male,19,Engineering,77.6,74.83,93.59,82.06,42.7,59.39,18.5,No,Yes,Unknown,High,9,8.1,0
Female,19,CS,52.34,47.4,84.89,67.58,63.6,52.31,24.4,No,Yes,Bachelor's,Medium,7,4.1,1
Female,23,Engineering,98.71,68.04,58.54,58.29,80.60000000000001,99.22,6.9,No,Yes,PhD,Low,7,6.3,0
Male,20,Engineering,91.43,96.91,51.28,94.21,73.8,67.96,8.4,Yes,Yes,Bachelor's,Low,3,4.5,0
Male,21,Engineering,56.58,65.11,63.0,99.43,3.5,61.03,14.2,Yes,Yes,PhD,High,3,4.7,1
Female,21,Business,96.09,91.8,95.79,52.5,73.1,74.59,18.4,Yes,No,High School,High,2,4.0,0
Male,21,Mathematics,72.53,55.39,83.41,77.71,72.0,64.58,26.7,No,No,Master's,Low,9,7.4,1
Male,23,Engineering,68.59,74.26,95.97,63.07,9.9,61.65,18.6,No,No,PhD,Medium,4,5.3,0
Female,19,Business,73.05,90.63,72.31,91.62,15.0,80.82,21.6,Yes,No,Bachelor's,Low,9,5.5,0
Male,21,Mathematics,91.73,95.24,96.83,67.3,78.8,53.74,22.0,Yes,No,High School,High,4,4.2,0
Female,23,Engineering,82.97,69.15,73.15,85.73,55.9,75.45,26.9,Yes,No,Unknown,Low,8,4.0,1
Male,23,Engineering,52.96,78.38,60.21,76.98,82.2,69.37,24.4,No,Yes,Bachelor's,Low,1,8.0,1
Female,18,Mathematics,97.88,40.18,57.57,77.08,18.5,76.63,29.4,No,Yes,Unknown,Low,1,7.3,1
Female,22,Business,57.39,55.19,99.69,92.9,3.1,66.02,5.5,Yes,No,PhD,Medium,6,5.9,1
Female,21,Business,87.28,56.72,66.69,73.52,16.200000000000003,78.52,10.2,No,No,High School,High,6,4.3,1
Male,22,CS,81.81,45.61,58.0,92.28,45.3,54.09,28.3,Yes,Yes,Master's,Low,7,7.9,1
Female,19,Mathematics,59.38,56.78,50.42,68.17,52.3,68.81,24.8,No,Yes,Bachelor's,Medium,7,8.6,1
Male,23,CS,58.54,59.27,64.28,58.74,85.8,61.87,11.7,No,No,High School,Low,10,6.6,1
Female,24,Business,93.52,98.13,94.46,72.77,71.6,71.9,29.4,Yes,Yes,High School,Medium,3,4.7,0
Female,21,Engineering,70.98,80.12,76.7,74.92,99.0,69.92,26.7,No,Yes,Master's,High,9,7.3,0
Female,24,CS,82.73,65.56,81.62,73.92,7.9,81.56,6.6,Yes,No,PhD,High,9,4.4,0
Male,20,Business,75.2,99.28,96.12,90.42,13.0,81.44,25.3,No,No,Master's,Medium,3,4.8,0
Male,19,Business,86.37,49.19,75.64,78.23,8.4,70.67,24.6,No,No,Master's,Medium,7,6.4,1
Female,18,Engineering,73.96,68.56,91.91,94.42,53.8,59.08,10.5,No,Yes,Master's,Low,4,5.2,0
Male,18,Mathematics,64.37,78.82,66.19,75.71,26.7,79.1,21.7,Yes,No,Unknown,Medium,6,8.7,0
Male,22,Business,68.17,43.33,98.86,61.24,68.4,98.33,29.3,No,Yes,Bachelor's,High,6,8.0,0
Male,23,CS,92.95,83.02,53.94,56.47,13.3,59.27,21.9,Yes,No,Master's,High,5,5.4,1
Female,22,Engineering,73.4,45.99,86.24,93.42,10.3,53.45,25.3,No,No,Bachelor's,High,6,8.8,1
Male,20,Mathematics,60.67,48.42,83.03,52.81,46.0,63.23,7.5,Yes,No,Master's,High,7,5.9,1
Female,20,Mathematics,96.73,49.58,59.58,55.88,37.6,70.65,23.2,Yes,No,PhD,High,2,6.8,1
Female,18,Mathematics,89.83,95.73,69.44,53.18,82.89999999999999,65.31,10.1,Yes,Yes,PhD,High,7,6.8,0
Female,24,Business,52.78,80.99,65.64,71.19,83.80000000000001,91.74,6.8,Yes,No,Master's,High,7,7.2,0
Male,21,Mathematics,99.95,79.33,54.72,76.63,11.7,74.65,18.8,Yes,No,High School,Low,7,5.2,1
Female,18,Business,84.75,73.33,79.24,50.99,81.19999999999999,62.31,23.8,Yes,No,Bachelor's,High,10,8.6,1
Male,18,Engineering,58.01,57.57,99.68,75.78,56.4,97.51,18.7,Yes,No,PhD,Medium,5,5.3,0
Male,24,Engineering,61.86,77.25,77.98,69.69,50.4,56.25,28.3,No,No,Unknown,Medium,3,7.3,0
Female,24,Mathematics,84.62,64.61,77.26,88.68,9.5,56.15,22.4,Yes,No,High School,Low,5,7.8,0
Female,20,Engineering,88.99,48.72,52.02,91.5,74.0,62.26,7.9,Yes,Yes,PhD,High,1,8.4,1
Female,24,CS,61.95,81.38,56.96,84.25,6.0,53.84,28.4,Yes,No,High School,High,5,6.3,1
Male,22,CS,62.85,47.77,75.66,73.67,27.8,87.58,8.8,No,No,Bachelor's,High,3,7.6,0
Male,20,Business,65.36,51.44,99.26,60.81,9.5,65.64,24.0,Yes,No,High School,High,7,4.4,1
Female,24,Mathematics,79.9,89.06,93.83,92.36,53.1,86.49,8.7,Yes,Yes,Unknown,High,4,7.9,0
Female,23,Business,58.59,79.61,67.01,67.08,64.5,88.14,30.0,No,Yes,High School,High,6,7.8,1
Male,20,Engineering,55.21,77.86,77.15,67.81,89.1,61.88,13.3,Yes,Yes,PhD,Low,6,6.1,1
Male,20,Mathematics,83.94,65.09,77.64,95.8,73.4,75.92,17.4,Yes,No,Unknown,Low,4,5.6,1
Female,18,Business,88.95,63.78,84.27,98.78,96.1,75.98,16.7,No,No,Bachelor's,Medium,1,5.9,0
Male,21,Mathematics,75.05,81.42,84.39,94.91,76.10000000000001,93.57,7.5,Yes,No,PhD,Medium,3,4.5,0
Male,18,Mathematics,68.19,84.4,89.49,99.91,29.8,51.28,17.4,Yes,Yes,Bachelor's,Medium,3,7.2,0
Male,19,Business,71.6,70.61,51.25,93.45,54.8,65.84,8.7,Yes,No,Master's,High,6,8.6,1
Male,20,Mathematics,69.42,98.16,97.18,85.22,45.8,94.12,25.0,Yes,Yes,PhD,Low,10,7.3,0
Male,24,Engineering,98.0,97.34,53.5,64.69,56.6,61.84,29.0,No,No,High School,Low,8,6.9,1
Male,24,CS,88.4,64.75,73.81,97.65,57.2,56.84,25.2,Yes,Yes,Bachelor's,High,2,9.0,1
Female,24,CS,60.4,89.24,95.98,93.83,70.19999999999999,78.81,15.8,No,No,High School,High,6,6.7,0
Male,20,Mathematics,69.21,72.6,74.38,62.04,8.299999999999999,65.29,5.1,Yes,Yes,Unknown,Low,7,5.7,1
Female,24,CS,77.2,70.71,53.18,74.46,74.7,73.36,5.9,No,No,Bachelor's,Medium,3,7.5,1
Female,19,Mathematics,80.65,43.3,61.46,53.5,14.4,91.0,17.4,Yes,Yes,Bachelor's,Medium,1,6.6,1
Male,20,Business,73.41,74.44,78.93,97.67,2.6,76.03,22.0,No,No,Unknown,Medium,2,8.9,0
Female,24,Engineering,90.51,94.03,54.39,78.64,51.900000000000006,75.79,25.5,No,No,Unknown,Medium,5,8.5,0
Female,20,CS,88.38,86.81,71.18,62.26,58.1,63.91,20.0,Yes,Yes,Unknown,Medium,1,8.7,0
Female,23,Business,75.26,87.18,66.45,64.62,3.5,89.64,29.5,Yes,Yes,Unknown,Medium,4,4.0,0
Male,20,Engineering,92.72,49.6,90.76,99.03,51.5,86.99,17.3,No,No,Master's,Low,6,5.7,0
Female,19,CS,87.55,61.51,55.51,80.78,53.5,61.71,20.0,Yes,Yes,Bachelor's,High,1,7.1,1
Male,18,CS,88.93,53.99,84.14,71.03,5.2,66.0,10.8,Yes,Yes,Master's,Low,6,5.5,0
Female,20,Engineering,97.82,58.95,70.33,74.99,71.2,89.43,13.5,Yes,No,Master's,Low,8,7.3,1
Female,21,Business,63.32,74.77,79.39,54.93,21.0,67.89,22.1,Yes,No,High School,High,1,7.6,1
Female,19,Business,63.38,61.89,60.28,53.75,79.4,70.18,20.0,No,Yes,Bachelor's,Medium,8,7.1,0
Female,22,CS,94.45,73.64,80.49,79.64,31.1,68.22,14.2,Yes,Yes,Bachelor's,Medium,8,6.3,0
Male,23,Engineering,88.61,66.31,83.7,75.6,47.8,58.08,7.8,Yes,Yes,Bachelor's,High,2,7.5,1
Female,19,Business,96.33,57.2,53.51,67.96,89.2,67.04,13.6,No,No,Bachelor's,Low,3,7.9,1
Female,18,Engineering,53.16,45.72,91.22,78.31,80.60000000000001,90.15,6.1,Yes,No,Unknown,High,6,7.5,0
Male,24,Engineering,81.39,93.51,93.06,53.63,78.2,74.55,19.5,No,No,PhD,Low,8,8.1,0
Male,24,CS,57.23,40.68,53.18,97.2,16.0,72.91,13.1,Yes,No,High School,High,5,8.7,1
Male,19,Engineering,75.19,40.1,80.16,64.69,4.8,57.82,14.5,Yes,No,High School,High,9,4.5,1
Female,22,Engineering,57.79,89.61,79.7,53.59,60.6,58.88,19.4,No,No,Unknown,Low,4,8.5,1
Male,24,Mathematics,56.4,99.81,50.62,58.48,41.1,52.15,19.5,No,Yes,Master's,Medium,4,5.4,0
Male,23,Engineering,50.61,83.63,67.12,54.77,90.9,50.7,19.7,No,Yes,PhD,Low,8,6.8,1
Male,21,Business,81.51,40.92,98.45,58.93,35.0,74.4,17.3,No,Yes,High School,Low,5,8.7,0
Male,22,CS,67.95,53.6,77.77,70.84,41.1,70.46,17.2,Yes,No,Master's,Medium,8,7.1,0
Male,19,CS,55.26,98.31,96.66,86.9,52.6,63.77,25.5,Yes,Yes,Bachelor's,Medium,1,4.4,0
Male,22,Engineering,66.14,88.52,83.78,63.62,79.6,99.5,16.7,Yes,No,PhD,Medium,10,6.5,0
Female,24,Engineering,58.45,74.01,51.42,71.8,26.8,69.9,18.4,Yes,Yes,PhD,Low,5,8.5,1
Male,24,Business,97.08,54.21,53.89,96.44,94.2,89.44,29.7,No,No,Bachelor's,High,8,6.1,0
Female,19,Mathematics,66.0,40.86,86.11,64.79,54.0,60.53,9.5,Yes,Yes,High School,Medium,8,8.2,1
Male,24,CS,66.7,41.25,77.73,89.74,84.1,62.35,23.2,Yes,No,PhD,High,7,8.0,1
Male,24,Mathematics,91.99,76.72,56.36,57.89,52.6,78.42,16.8,Yes,No,Unknown,Low,3,8.5,1
Male,21,Business,82.39,41.31,80.7,58.92,77.2,50.2,25.8,Yes,No,Unknown,Medium,10,5.3,1
Female,21,CS,85.51,99.62,90.51,72.81,5.1,50.87,15.1,No,Yes,Unknown,Low,10,6.5,1
Male,18,Business,81.8,51.0,87.65,61.71,79.9,57.11,12.6,No,Yes,PhD,High,7,5.7,1
Male,21,Engineering,97.31,82.64,62.31,95.15,52.400000000000006,61.16,10.2,No,Yes,High School,Low,3,6.7,1
Male,20,Business,60.35,49.3,62.91,52.54,44.900000000000006,76.39,26.8,No,Yes,Master's,Medium,6,4.1,1
Male,22,Engineering,99.45,72.41,98.39,79.86,11.2,84.31,23.0,Yes,No,High School,Medium,9,5.2,0
Female,22,Mathematics,91.55,44.84,94.37,80.21,74.2,65.59,6.9,No,No,Master's,Low,8,8.9,0
Female,19,CS,79.45,86.01,65.92,53.3,13.1,61.95,22.8,Yes,Yes,PhD,High,4,7.0,0
Female,21,CS,83.12,75.1,91.2,86.63,19.2,91.14,5.9,No,No,Bachelor's,Low,5,4.9,0
Female,18,Mathematics,82.44,45.17,58.09,73.44,12.6,58.14,9.5,Yes,No,Master's,Low,4,6.5,1
Female,24,Engineering,52.92,90.92,59.84,86.15,0.7000000000000001,83.92,19.8,Yes,Yes,Master's,Medium,6,7.5,0
Male,18,CS,60.9,72.82,59.06,91.35,66.2,96.57,16.6,Yes,No,High School,Medium,8,7.0,0
Male,18,Business,98.07,95.3,54.39,66.14,27.1,61.61,26.0,No,Yes,PhD,Medium,6,6.5,1
Male,23,Engineering,76.72,95.0,92.73,74.22,14.9,54.35,20.2,Yes,Yes,High School,Low,5,7.4,0
Female,24,CS,68.92,95.23,78.94,63.04,32.0,98.99,29.1,Yes,Yes,PhD,Low,9,4.8,0
Male,20,Business,88.1,44.67,62.95,60.08,49.900000000000006,63.54,26.4,Yes,No,Master's,High,7,6.2,1
Female,21,Business,76.23,47.26,92.43,50.03,50.3,63.78,13.5,Yes,Yes,Bachelor's,Low,10,7.8,1
Male,24,CS,50.66,99.26,90.13,98.18,36.7,74.19,25.9,No,Yes,PhD,Low,3,6.9,0
Female,18,Mathematics,86.81,69.26,55.05,72.05,49.5,61.55,26.7,No,Yes,Master's,High,10,8.5,1
Male,24,Mathematics,86.61,54.29,82.21,50.65,42.7,99.64,29.2,Yes,No,Bachelor's,Medium,2,6.2,0
Male,20,CS,58.26,86.18,86.09,50.45,82.30000000000001,52.15,5.3,No,No,High School,Medium,5,4.7,1
Male,22,Business,97.83,55.86,85.79,64.42,3.0,72.57,26.9,No,No,High School,High,5,4.2,1
Male,19,Mathematics,61.2,83.63,86.16,50.7,86.8,77.42,6.7,Yes,No,PhD,High,6,6.4,0
Female,21,Mathematics,72.89,90.24,58.47,68.73,24.4,73.35,18.2,Yes,No,PhD,High,1,6.2,1
Male,21,Mathematics,55.74,87.06,65.75,53.15,72.2,76.03,15.4,No,No,PhD,Low,5,5.3,1
Male,23,Engineering,80.16,56.44,92.21,51.96,40.5,99.38,28.0,No,Yes,High School,Medium,7,7.0,0
Male,22,Mathematics,68.77,64.1,94.92,83.47,29.4,93.85,15.1,No,No,PhD,High,9,5.3,0
Female,21,CS,67.66,64.8,63.96,95.34,61.5,65.42,19.9,No,No,Master's,Low,3,5.1,0
Male,23,CS,91.35,69.48,51.15,70.47,76.9,77.57,22.3,No,Yes,Unknown,Medium,7,7.1,1
Male,23,Engineering,50.48,50.04,92.99,91.84,45.0,50.02,5.5,No,Yes,Unknown,Low,7,8.7,1
Male,23,Engineering,89.9,67.15,68.85,51.46,46.7,70.48,19.8,Yes,No,PhD,High,7,5.0,1
Male,21,CS,78.57,70.65,66.47,88.88,5.9,58.19,17.9,No,No,Master's,High,4,4.9,1
Male,21,Engineering,99.3,71.9,67.35,53.14,92.4,85.57,19.9,Yes,No,Master's,High,3,6.6,0
Female,21,Mathematics,79.47,89.19,70.78,91.92,84.7,61.05,6.9,Yes,Yes,Master's,High,1,4.6,0
Female,20,Business,52.77,71.04,68.91,94.12,39.8,87.44,6.4,No,Yes,Bachelor's,High,6,5.5,0
Female,23,Business,52.53,53.85,78.32,89.3,76.5,65.66,9.4,No,Yes,Master's,High,4,9.0,1
Male,20,Business,94.16,79.79,53.95,91.04,31.3,96.29,26.7,Yes,Yes,High School,Low,8,8.2,0
Female,19,CS,92.06,87.84,98.58,78.07,73.0,72.27,13.9,No,Yes,High School,Medium,6,7.5,0
Male,21,Engineering,67.29,59.16,96.82,63.24,51.7,91.98,15.9,No,No,Master's,Medium,6,4.1,0
Male,24,Business,80.9,78.72,96.72,82.16,46.1,81.41,14.8,Yes,No,Unknown,Medium,8,5.3,0
Male,22,Mathematics,74.48,48.82,93.96,71.98,5.699999999999999,98.87,22.9,No,No,Bachelor's,Low,5,6.8,0
Male,18,Mathematics,98.36,60.52,83.02,50.27,96.5,87.14,11.5,Yes,No,High School,Low,8,7.6,1
Female,19,Mathematics,97.5,94.55,61.06,73.84,83.69999999999999,86.39,6.7,Yes,No,High School,High,1,7.3,0
Female,24,Engineering,99.19,94.68,52.47,82.56,79.3,63.24,14.5,No,Yes,High School,Medium,10,4.9,0
Female,18,Business,93.32,74.52,54.97,50.69,30.5,75.24,23.2,Yes,Yes,Bachelor's,Low,2,6.3,1
Male,18,Mathematics,95.48,82.14,66.2,81.07,29.0,64.51,27.9,Yes,Yes,Master's,Low,8,5.0,1
Female,21,Engineering,60.86,91.24,75.19,82.63,57.3,50.96,6.3,Yes,Yes,Bachelor's,Medium,1,8.6,1
Female,22,Mathematics,91.55,97.51,99.66,57.91,84.60000000000001,85.53,25.3,No,No,Master's,Low,5,6.8,0
Male,18,Business,85.44,69.39,71.77,71.55,93.5,61.79,6.7,No,No,PhD,High,5,6.0,1
Female,23,Business,98.14,73.69,76.23,98.22,26.9,69.87,13.3,No,Yes,High School,Medium,2,8.6,0
Male,24,Business,78.56,64.94,84.76,94.21,60.7,64.23,5.6,No,No,Unknown,High,2,8.5,0
Female,18,Business,54.26,44.32,59.04,70.54,72.4,59.98,27.8,Yes,Yes,Bachelor's,Low,1,6.5,1
Female,19,Business,79.87,65.37,96.64,67.49,22.6,53.36,22.7,Yes,No,Bachelor's,Low,4,7.4,1
Female,22,Mathematics,84.33,87.44,76.45,56.2,40.7,66.89,14.2,No,No,High School,Low,6,5.6,1
Male,22,Business,61.02,88.29,63.81,51.76,18.700000000000003,54.09,14.4,Yes,No,High School,Medium,3,5.5,1
Female,18,Mathematics,69.71,93.54,96.76,64.87,69.9,77.02,21.0,Yes,Yes,Unknown,Low,10,6.7,0
Female,22,Business,79.93,43.09,81.27,97.01,86.4,50.98,7.2,No,No,Unknown,Medium,4,8.2,1
Female,19,Mathematics,68.71,71.63,74.18,97.93,87.8,97.0,8.6,No,No,High School,Low,8,7.0,0
Female,24,Business,68.75,46.45,79.01,90.63,67.0,98.32,26.2,No,Yes,Master's,High,2,6.3,0
Male,19,Mathematics,56.65,52.04,87.42,67.54,34.7,65.23,10.1,Yes,No,High School,High,9,7.3,1
Male,19,Business,97.04,94.01,57.73,57.18,66.10000000000001,63.01,23.2,No,Yes,Unknown,Medium,10,8.1,1
Female,23,Engineering,87.52,69.81,93.24,79.78,86.4,55.22,10.6,No,No,High School,Low,6,7.9,1
Female,21,Mathematics,50.06,85.51,97.98,82.33,62.6,95.25,7.2,Yes,No,Unknown,Medium,9,5.9,0
Female,18,Engineering,88.28,43.86,78.35,71.23,41.3,79.34,27.5,No,Yes,PhD,Low,1,8.7,0
Male,24,Mathematics,86.99,65.01,84.11,84.58,92.0,80.51,27.5,No,No,Master's,Medium,4,4.1,0
Female,22,Mathematics,50.49,80.45,92.99,87.33,83.5,94.79,20.1,Yes,Yes,Unknown,High,7,6.3,0
Female,19,Mathematics,68.48,48.0,68.74,89.15,88.2,95.54,16.6,No,Yes,Bachelor's,Medium,10,8.5,0
Male,18,CS,80.34,59.55,99.64,75.11,90.3,91.42,18.8,No,No,Bachelor's,Low,9,7.5,0
Male,24,Business,72.64,43.87,84.03,89.58,39.4,88.67,15.2,Yes,No,Master's,Medium,1,7.5,0
Male,24,Engineering,88.9,79.08,71.2,51.27,86.0,93.86,23.9,No,Yes,Master's,High,1,4.8,0
Female,18,Engineering,71.27,98.25,83.87,84.02,57.0,93.8,23.9,No,No,Bachelor's,Low,3,6.9,0
Male,21,Mathematics,57.69,89.62,76.08,61.78,3.8,68.43,25.5,Yes,Yes,PhD,High,6,8.8,0
Male,23,Engineering,98.82,98.48,55.58,63.53,63.6,98.67,18.1,Yes,Yes,PhD,Low,5,5.1,0
Female,22,Engineering,62.1,90.74,89.79,54.57,47.1,85.46,25.0,No,Yes,Unknown,Low,5,5.6,0
Male,23,Engineering,85.88,91.31,78.22,59.62,27.5,68.51,8.9,Yes,No,Master's,High,9,5.9,0
Female,24,Engineering,57.16,74.63,89.79,99.6,97.0,72.1,5.8,Yes,No,Bachelor's,Low,3,5.8,0
Female,22,CS,66.45,71.1,57.75,70.77,5.5,84.36,21.2,No,Yes,Master's,Medium,5,7.1,0
Male,24,Mathematics,72.1,64.38,76.92,96.39,94.6,68.05,7.6,Yes,No,Bachelor's,Low,7,5.2,0
Female,19,Engineering,59.61,89.09,88.33,58.14,15.9,91.33,18.8,No,Yes,Bachelor's,Medium,2,6.5,0
Male,19,CS,72.5,50.92,99.42,60.2,37.7,57.4,23.0,No,Yes,Unknown,Low,7,6.0,1
Male,18,CS,57.86,43.37,94.22,77.89,41.7,95.38,15.2,Yes,Yes,Master's,High,1,7.2,0
Male,22,Mathematics,77.95,96.87,93.22,67.48,73.1,65.06,6.1,Yes,No,PhD,Medium,7,5.2,0
Female,22,Business,83.19,40.23,62.37,82.2,21.6,57.64,27.2,Yes,No,Master's,Low,2,6.8,1
Male,24,Business,53.12,98.61,91.9,71.1,98.6,92.9,6.1,No,Yes,Bachelor's,High,7,7.7,0
Female,23,Business,93.56,83.73,58.46,90.58,74.9,61.97,27.6,Yes,Yes,PhD,Low,3,7.5,1
Female,19,Engineering,59.26,59.71,59.91,71.58,79.0,92.17,6.3,No,Yes,Bachelor's,Medium,5,8.2,0
Female,20,Mathematics,61.27,81.87,55.51,78.62,10.6,64.81,23.4,Yes,Yes,Master's,Medium,9,8.8,1
Male,18,Business,83.07,89.07,92.88,66.05,47.6,96.69,28.1,No,No,Bachelor's,Low,1,8.3,0
Female,22,Engineering,73.44,54.72,55.41,85.2,94.6,60.95,27.7,No,Yes,High School,Medium,6,8.7,1
Female,21,Mathematics,74.97,86.25,56.91,82.74,27.0,53.48,27.3,Yes,Yes,PhD,High,7,4.1,1
Male,21,Engineering,56.41,88.26,62.29,69.85,14.5,96.83,27.1,No,No,Unknown,Medium,10,7.1,0
Male,20,Business,90.29,54.96,78.63,63.8,48.5,58.28,17.8,No,No,High School,Low,9,5.3,1
Female,19,Business,80.85,42.52,94.01,80.71,93.0,97.21,18.9,No,Yes,Bachelor's,Medium,4,8.0,0
Female,19,CS,56.77,52.25,70.91,97.16,48.7,91.2,20.5,Yes,No,Master's,Medium,9,8.1,1
Male,19,CS,68.7,52.04,77.31,56.63,40.5,54.1,27.4,Yes,Yes,Bachelor's,Medium,1,4.2,1
Female,23,Mathematics,90.52,43.91,58.32,89.96,65.0,72.26,26.0,Yes,Yes,Unknown,Low,4,7.0,1
Female,24,Engineering,78.42,83.56,63.3,77.15,93.7,53.67,24.6,Yes,Yes,Master's,Low,6,8.3,1
Female,21,Engineering,55.43,62.8,56.7,76.28,4.9,66.49,21.9,Yes,No,PhD,Medium,7,6.9,0
Female,19,Business,68.64,93.06,70.5,98.08,15.3,67.58,20.5,Yes,No,PhD,Medium,1,6.1,0
Male,21,Business,62.13,55.13,79.52,80.29,13.3,79.98,28.1,Yes,No,Bachelor's,Medium,1,4.4,1
Female,20,Mathematics,75.87,67.19,64.2,91.53,8.5,98.79,9.8,No,Yes,High School,High,9,7.7,0
Male,18,CS,92.17,78.34,92.3,75.72,30.2,58.49,9.8,No,Yes,Master's,Low,7,4.4,0
Female,24,Business,71.81,92.65,99.06,62.49,22.9,66.46,29.6,Yes,Yes,High School,Low,9,7.0,0
Male,23,Engineering,71.67,71.48,56.01,84.72,54.900000000000006,79.36,18.8,No,No,Bachelor's,Low,5,8.6,0
Female,22,Business,95.27,62.41,50.89,96.16,32.7,58.57,17.1,Yes,No,Master's,Low,9,6.1,1
Male,20,CS,78.81,92.02,89.49,92.06,40.5,85.54,26.3,No,Yes,PhD,High,5,7.9,0
Female,24,Engineering,78.31,58.61,59.53,59.92,94.2,70.18,26.2,Yes,No,PhD,Low,6,8.0,1
Male,21,CS,63.1,44.77,67.66,65.84,15.6,97.48,9.4,No,No,Bachelor's,Medium,8,4.1,0
Female,20,Mathematics,80.39,66.7,69.71,75.84,38.8,81.49,9.3,No,Yes,Master's,Low,9,8.6,0
Female,22,Mathematics,78.8,87.11,95.83,78.58,25.7,68.15,24.9,No,No,Bachelor's,Medium,10,4.9,1
Male,24,CS,69.84,41.85,82.94,59.69,54.900000000000006,85.97,24.6,Yes,No,PhD,Low,3,5.4,1
Male,23,Engineering,99.53,75.15,52.03,61.5,73.60000000000001,91.94,10.6,Yes,No,Unknown,High,2,8.4,0
Male,18,CS,94.09,75.67,50.74,87.94,81.7,90.02,26.0,No,Yes,High School,High,5,7.4,0
Male,22,Business,87.48,95.71,59.98,86.52,51.5,63.14,17.0,No,Yes,Bachelor's,High,6,5.9,1
Male,24,Business,76.87,57.19,65.91,91.96,85.5,70.85,16.7,No,No,Unknown,High,8,4.4,0
Female,23,CS,73.1,56.73,74.23,96.65,78.5,72.61,29.6,Yes,Yes,PhD,High,4,5.9,0
Male,21,Business,59.24,66.43,91.89,65.41,15.7,69.42,18.0,Yes,No,Bachelor's,Low,1,8.8,1
Male,22,CS,65.29,61.41,65.74,92.98,24.5,65.54,8.4,Yes,No,PhD,Medium,4,4.5,1
Female,20,Business,88.7,84.18,68.83,83.3,67.2,87.64,12.0,Yes,No,PhD,Medium,10,8.2,0
Male,19,CS,72.69,78.51,66.47,97.89,97.5,50.61,13.3,No,Yes,Bachelor's,Low,8,5.6,1
Male,20,Business,94.11,85.54,50.45,63.6,37.6,64.68,29.0,Yes,No,Unknown,Medium,2,7.3,0
Male,21,Engineering,57.4,89.2,97.76,63.48,23.0,57.08,11.6,No,No,Bachelor's,Medium,10,7.2,1
Female,24,Engineering,75.42,95.38,56.95,85.21,86.89999999999999,56.44,15.8,No,Yes,PhD,Medium,8,5.6,0
Male,18,Business,82.35,65.86,64.38,96.42,20.0,63.85,23.7,Yes,No,Master's,Low,4,4.3,1
Female,22,CS,75.84,99.08,56.47,91.23,69.7,88.11,11.9,Yes,Yes,PhD,Low,2,4.7,0
Female,24,Business,94.46,52.94,74.53,86.35,3.4000000000000004,98.47,22.5,Yes,Yes,Bachelor's,Medium,4,6.8,0
Male,18,Mathematics,99.48,82.86,96.61,69.37,1.9,75.73,10.2,Yes,No,Unknown,Low,1,8.7,0
Female,21,Mathematics,55.79,72.04,55.04,85.89,45.2,66.95,11.1,Yes,Yes,PhD,High,10,8.6,1
Male,22,CS,56.5,89.01,72.04,90.05,65.7,91.46,29.7,No,Yes,Unknown,High,7,4.6,0
Male,23,Business,56.52,68.61,51.12,87.66,14.2,53.36,14.2,No,Yes,Unknown,Medium,3,8.4,1
Male,23,Business,84.06,87.04,88.54,83.84,76.39999999999999,54.66,23.2,Yes,No,High School,High,4,5.2,0
Male,24,Engineering,68.63,95.81,82.06,52.36,12.9,67.27,26.0,No,Yes,Unknown,High,3,8.5,0
Male,20,CS,86.67,83.94,84.98,82.99,53.4,72.42,13.7,No,Yes,PhD,Low,8,7.8,1
Female,24,Mathematics,70.27,86.57,73.62,73.91,30.8,89.89,13.9,Yes,Yes,PhD,High,3,8.8,0
Female,20,Mathematics,81.38,44.03,95.38,98.08,75.19999999999999,96.26,24.3,No,No,Bachelor's,Medium,7,6.2,0
Female,21,CS,88.49,52.3,70.48,80.36,80.39999999999999,76.56,20.2,No,No,Bachelor's,High,2,7.7,1
Female,23,Mathematics,77.41,98.46,75.7,80.41,6.6000000000000005,74.78,14.0,No,Yes,Unknown,High,10,7.7,1
Male,22,CS,76.98,81.59,84.76,99.7,19.3,60.65,23.7,Yes,Yes,Master's,High,9,6.5,1
Male,23,Mathematics,54.41,73.69,76.03,54.68,89.3,72.56,26.6,Yes,Yes,PhD,Low,6,8.9,1
Female,20,Mathematics,70.54,62.02,59.47,63.82,41.6,96.18,10.9,No,Yes,Unknown,Low,3,5.2,0
Male,24,CS,77.29,42.66,65.85,82.8,47.7,69.64,5.6,Yes,No,Bachelor's,Low,8,8.9,1
Female,21,CS,73.1,62.15,54.61,65.76,16.8,60.53,11.9,No,No,PhD,High,8,8.1,1
Female,23,Mathematics,95.04,69.93,71.63,67.31,99.5,66.86,21.9,No,No,High School,Low,6,7.1,0
Female,21,Mathematics,95.33,52.69,80.47,94.63,92.3,75.73,27.9,Yes,Yes,Bachelor's,Low,4,4.4,0
Female,23,Engineering,91.1,50.39,55.93,78.97,0.2,79.93,26.6,Yes,Yes,High School,Low,3,5.3,1
Male,24,Business,68.76,70.5,81.53,55.14,55.1,71.62,10.6,Yes,Yes,PhD,Medium,9,8.2,1
Male,18,CS,85.86,75.15,94.64,65.54,87.2,87.93,27.0,No,No,Master's,Medium,5,7.6,0
Female,24,CS,69.76,54.4,66.89,53.8,43.1,79.22,25.3,Yes,No,Unknown,High,4,8.8,1
Female,23,Business,61.63,75.24,61.1,77.81,43.7,83.25,23.4,No,No,Unknown,High,9,6.0,1
Female,20,Engineering,67.15,94.02,94.65,58.66,37.9,93.15,22.2,Yes,Yes,Master's,Low,7,8.5,0
Female,24,Mathematics,53.55,68.39,84.6,92.86,2.9,93.28,25.2,Yes,Yes,Unknown,Medium,3,8.3,0
Female,22,Mathematics,66.59,91.44,55.27,78.87,79.0,60.18,26.5,Yes,Yes,Unknown,High,6,8.8,0
Male,20,Engineering,73.04,95.64,70.41,52.97,45.7,81.17,25.5,Yes,No,High School,High,8,5.4,0
Female,20,Engineering,97.77,45.54,83.7,65.04,53.1,85.83,8.0,No,Yes,Unknown,Low,5,6.5,1
Female,20,Business,65.67,45.75,78.72,80.82,25.6,57.29,23.1,Yes,Yes,High School,Medium,2,4.4,1
Male,21,Business,95.12,68.56,80.93,66.77,78.4,92.14,26.0,No,No,Unknown,Medium,8,7.0,0
Male,19,Mathematics,61.44,75.29,78.36,75.66,79.4,59.02,9.6,No,No,Unknown,High,2,7.7,1
Male,19,Engineering,59.55,65.55,89.9,95.47,55.3,89.96,10.3,Yes,No,Bachelor's,Low,1,5.2,0
Male,18,Engineering,75.95,59.59,66.02,67.5,90.5,58.07,24.6,No,No,Master's,High,5,4.8,1
Male,20,Mathematics,83.63,78.46,85.42,66.79,11.6,87.09,13.6,No,Yes,Bachelor's,Low,5,7.2,0
Male,19,Mathematics,52.22,40.12,99.55,90.99,78.7,57.41,15.0,No,No,Unknown,Medium,1,6.0,0
Male,18,Mathematics,61.05,98.08,69.5,65.94,55.9,68.94,14.4,Yes,Yes,High School,High,6,6.1,1
Male,21,Mathematics,72.78,53.92,89.55,53.9,23.1,57.18,10.3,Yes,Yes,Unknown,Low,7,6.4,1
Male,20,Mathematics,66.55,95.03,62.31,59.05,13.2,63.54,28.5,Yes,No,PhD,Low,9,6.6,0
Female,22,Business,85.63,46.54,64.09,97.44,30.1,99.23,25.1,Yes,No,PhD,Low,9,5.0,1
Male,21,Mathematics,75.56,54.29,96.74,96.66,85.60000000000001,55.38,11.3,No,Yes,PhD,High,2,6.9,0
Female,18,Engineering,58.02,54.09,51.3,61.24,78.8,70.32,7.7,No,No,PhD,High,8,4.3,1
Female,21,CS,94.72,99.77,60.87,77.68,64.5,83.85,14.3,Yes,No,Unknown,High,9,4.6,0
Female,22,Business,64.65,40.28,74.15,56.87,9.0,54.73,15.4,No,No,PhD,Medium,4,7.6,1
Female,21,Engineering,86.56,78.38,70.09,83.73,95.5,55.45,5.2,No,Yes,Master's,Low,7,7.7,1
Female,18,CS,89.0,92.18,81.46,59.27,30.5,57.16,27.2,No,Yes,Unknown,Low,5,5.3,1
Female,22,Business,98.16,80.34,59.64,52.49,60.7,82.25,26.3,Yes,No,Bachelor's,Low,1,4.9,1
Female,22,Mathematics,74.93,61.76,53.53,91.24,80.3,95.47,26.3,No,No,Unknown,Low,10,4.3,0
Female,21,Business,80.79,97.5,68.47,66.27,13.3,91.3,25.1,Yes,Yes,High School,Medium,8,6.1,0
Male,22,Mathematics,66.74,93.61,76.22,55.43,65.19999999999999,99.15,23.3,Yes,No,Master's,Low,2,6.5,0
Female,24,Mathematics,83.91,66.04,78.1,91.7,3.2,78.91,20.9,No,No,Unknown,Medium,3,8.5,1
Female,21,Mathematics,73.17,74.4,80.07,88.12,10.2,98.07,29.0,No,Yes,Bachelor's,High,5,4.0,0
Female,20,CS,71.88,98.05,77.43,84.19,72.30000000000001,65.25,22.8,No,Yes,High School,High,7,6.0,0
Female,22,Business,92.77,98.95,62.29,95.56,15.5,71.08,20.8,No,Yes,High School,Low,5,6.1,0
Male,21,Mathematics,52.51,66.99,88.23,74.46,44.400000000000006,69.8,24.7,No,Yes,Bachelor's,High,10,8.4,0
Female,20,Engineering,94.1,90.84,54.39,56.4,24.8,52.37,11.2,Yes,No,Bachelor's,Low,4,5.0,1
Male,22,Business,92.6,58.12,59.92,53.07,42.1,91.49,29.2,Yes,Yes,Bachelor's,Medium,2,4.3,0
Male,20,Engineering,75.32,62.31,86.97,65.92,7.7,51.24,5.5,No,Yes,Bachelor's,High,1,5.9,1
Female,23,CS,74.51,49.89,63.99,54.34,75.5,86.49,21.2,Yes,Yes,PhD,High,3,7.1,1
Female,22,CS,68.09,52.55,74.67,76.78,7.9,70.35,6.9,Yes,No,Master's,Medium,6,8.3,1
Male,23,Business,99.71,79.41,66.36,50.72,83.80000000000001,50.31,26.3,Yes,Yes,Bachelor's,Medium,9,5.3,1
Female,18,CS,55.56,70.65,75.35,72.19,66.3,64.5,29.2,No,No,PhD,Medium,9,5.3,0
Female,18,CS,79.51,53.87,67.33,58.92,41.7,67.31,15.2,No,Yes,Unknown,Low,5,5.6,1
Male,21,Business,84.08,64.17,99.71,68.41,86.6,98.24,26.4,Yes,No,High School,Low,3,4.6,0
Male,19,Engineering,96.72,62.39,67.87,83.75,18.6,83.05,13.4,No,No,Unknown,High,3,8.9,1
Female,23,Mathematics,89.01,99.24,81.35,67.55,26.5,77.18,9.0,Yes,Yes,Unknown,High,7,6.7,1
Female,23,Business,82.19,91.21,94.42,67.07,13.7,56.35,11.9,Yes,Yes,PhD,Medium,7,5.4,0
Female,18,Business,55.84,63.28,81.9,99.54,38.2,69.56,12.5,No,Yes,PhD,Low,3,5.8,1
Male,23,Mathematics,68.69,94.83,78.29,85.94,98.7,51.79,20.8,No,Yes,Bachelor's,Medium,10,8.3,0
Female,19,Engineering,56.94,60.56,78.46,75.69,16.1,88.08,24.9,Yes,Yes,Bachelor's,Medium,7,7.4,0
Male,20,Mathematics,94.06,80.07,74.82,78.97,83.10000000000001,58.14,10.1,Yes,Yes,PhD,Low,8,6.8,0
Male,20,Mathematics,87.48,98.0,90.38,81.01,65.19999999999999,79.72,7.2,No,Yes,Master's,High,3,7.6,0
Female,19,Engineering,87.88,63.42,52.52,51.23,1.6,84.97,10.5,No,Yes,Bachelor's,High,5,7.8,1
Male,23,Engineering,82.61,80.79,94.26,54.01,94.5,68.33,12.4,Yes,No,Unknown,High,10,5.0,0
Female,23,Mathematics,75.35,57.76,79.31,82.46,97.1,81.63,12.0,No,Yes,Bachelor's,High,8,4.8,1
Female,23,Mathematics,57.5,55.98,92.44,68.22,92.5,88.21,10.5,No,Yes,Bachelor's,High,7,8.8,0
Male,24,Business,66.48,74.45,50.52,52.77,50.2,59.21,16.7,No,Yes,Master's,Low,1,4.9,1
Female,21,Engineering,56.85,98.76,93.46,64.88,22.0,80.04,26.4,Yes,Yes,PhD,Low,2,6.3,0
Male,22,CS,86.25,67.19,56.01,56.51,39.1,86.69,7.5,No,No,Master's,Medium,6,8.9,1
Male,19,Engineering,58.01,96.26,86.06,95.82,61.4,67.85,26.6,Yes,Yes,Bachelor's,High,8,6.1,0
Female,19,Mathematics,85.11,94.86,70.83,60.15,37.9,58.12,17.4,No,Yes,Master's,High,5,6.6,0
Female,24,Mathematics,84.61,55.23,84.05,57.18,70.8,64.31,21.5,Yes,No,Bachelor's,Low,7,8.0,1
Female,19,Mathematics,72.97,64.11,81.41,81.31,79.6,96.65,25.4,Yes,No,Master's,Medium,10,5.7,0
Female,19,Mathematics,56.76,78.6,58.17,76.1,20.9,67.87,12.6,Yes,No,High School,Low,7,6.2,1
Male,24,CS,65.74,71.08,75.73,78.8,40.5,55.39,28.9,No,Yes,High School,Low,3,5.7,1
Male,19,Engineering,66.0,45.76,63.86,71.8,95.8,54.14,7.1,Yes,Yes,Bachelor's,High,1,5.4,1
Male,23,CS,85.02,99.62,78.02,73.36,25.0,59.02,18.2,No,Yes,Master's,Low,6,6.4,1
Female,24,CS,55.69,85.16,86.9,88.94,34.6,56.38,11.4,Yes,Yes,Bachelor's,Low,5,7.7,0
Male,21,Mathematics,91.45,66.26,54.06,61.0,3.6,74.75,15.2,Yes,No,Master's,High,9,8.3,1
Male,18,CS,88.05,77.09,75.79,69.83,33.2,67.38,16.2,Yes,No,PhD,High,1,6.4,0
Female,23,Mathematics,59.32,45.25,80.88,97.89,37.1,92.07,27.9,Yes,No,Master's,High,5,5.6,0
Female,23,Mathematics,85.96,69.72,64.77,59.5,10.0,94.05,16.0,Yes,No,Master's,High,3,8.6,0
Female,22,Mathematics,83.43,95.85,97.65,64.69,0.1,73.66,22.4,No,No,Bachelor's,Low,6,5.7,0
Male,24,CS,87.41,93.8,76.02,59.58,57.5,94.43,28.8,No,No,Master's,Low,5,7.9,0
Female,18,Mathematics,59.45,60.24,59.13,51.02,30.2,72.52,17.4,Yes,Yes,Bachelor's,High,4,7.7,1
Male,19,CS,57.88,71.88,55.39,63.49,1.7999999999999998,82.1,15.2,No,Yes,Bachelor's,Low,8,4.2,0
Male,18,Engineering,61.82,81.84,77.08,52.32,86.0,58.13,29.3,Yes,Yes,Unknown,Low,9,4.9,0
Male,21,Mathematics,68.29,60.4,68.76,57.73,58.4,52.63,25.7,No,Yes,Bachelor's,Medium,9,6.9,1
Male,20,Business,89.68,43.89,59.63,68.13,17.1,58.0,28.5,Yes,Yes,Master's,Medium,1,8.3,1
Male,23,Business,86.9,70.33,51.53,51.04,86.5,62.59,14.9,No,No,High School,Medium,9,7.0,1
Female,24,Business,96.27,76.1,78.33,87.65,25.4,87.55,22.4,No,No,PhD,Low,4,7.7,0
Male,24,Business,52.93,40.35,79.93,89.78,22.7,58.68,11.2,No,No,Master's,High,4,7.7,1
Female,18,Business,50.58,45.73,57.09,70.57,89.5,56.53,26.6,Yes,Yes,Master's,Low,9,6.5,1
Male,22,CS,84.96,52.44,80.09,99.23,17.9,96.38,28.3,No,No,Master's,Medium,1,6.8,0
Male,21,Engineering,63.96,60.88,97.6,83.95,87.89999999999999,84.44,11.7,No,Yes,Unknown,Low,5,4.4,0
Female,20,CS,66.7,72.46,98.91,87.19,80.3,73.67,7.6,Yes,Yes,High School,Medium,8,8.6,0
Male,21,Mathematics,77.34,57.63,94.42,59.62,31.0,54.75,10.0,No,No,Master's,High,5,7.4,1
Male,24,Engineering,55.12,56.57,90.35,91.87,3.4000000000000004,92.59,20.8,Yes,No,Bachelor's,High,8,4.8,0
Female,19,Engineering,82.13,92.16,60.47,97.25,8.299999999999999,55.41,11.8,No,Yes,High School,High,5,5.2,1
Female,20,Engineering,66.26,48.7,57.82,61.82,11.0,80.55,21.0,Yes,Yes,High School,High,2,4.0,1
Male,24,Engineering,81.64,69.73,72.25,84.32,89.1,83.38,13.8,Yes,No,Master's,Medium,2,5.3,0
Male,22,Business,91.7,97.17,80.98,87.35,40.4,70.01,27.9,Yes,Yes,Bachelor's,Medium,8,5.6,0
Male,20,Mathematics,58.56,77.5,92.53,65.26,3.3000000000000003,95.56,16.3,Yes,Yes,High School,Medium,3,7.4,0
Female,24,Engineering,96.54,83.03,61.6,73.75,55.7,52.54,17.4,Yes,No,PhD,Low,2,6.4,1
Male,22,Engineering,76.53,65.87,73.98,54.88,20.8,90.91,13.7,Yes,Yes,Bachelor's,Medium,1,8.2,1
Female,19,Business,96.15,41.2,82.37,58.65,23.5,77.69,6.8,Yes,No,High School,High,4,4.4,1
Female,22,CS,60.39,78.77,72.28,53.08,16.1,80.56,17.3,Yes,No,High School,Medium,3,7.5,0
Male,21,CS,80.23,77.92,72.71,78.01,76.2,99.34,24.4,No,No,Bachelor's,Medium,8,8.4,0
Female,18,CS,70.19,46.63,61.26,81.26,0.1,79.13,28.8,No,Yes,Unknown,Low,1,6.1,0
Male,21,Mathematics,88.71,67.73,99.33,95.81,43.9,89.85,6.9,No,Yes,Bachelor's,Low,5,5.4,0
Male,24,CS,80.3,94.92,73.76,77.11,8.7,57.68,24.9,No,Yes,PhD,Low,10,6.2,1
Female,24,Engineering,74.73,52.31,76.64,63.03,55.2,90.46,11.7,Yes,Yes,Unknown,Low,6,7.9,1
Female,23,Business,95.65,67.67,60.93,52.97,34.6,88.05,25.6,No,Yes,Master's,Medium,1,8.6,0
Female,21,Business,68.86,67.67,75.71,94.25,2.8000000000000003,98.41,13.6,Yes,No,Unknown,Medium,9,4.3,0
Female,20,CS,61.0,88.65,62.77,73.94,46.1,96.79,7.9,No,Yes,PhD,High,2,6.6,0
Female,19,Business,80.41,89.47,60.12,86.87,57.1,60.7,20.3,Yes,Yes,PhD,High,4,7.2,0
Female,23,Engineering,81.2,85.56,63.79,50.73,24.8,73.25,27.3,Yes,No,PhD,Low,7,4.1,1
Male,23,CS,71.95,61.93,50.14,74.41,76.6,95.57,9.5,No,No,High School,Medium,9,4.9,0
Male,23,Engineering,74.33,44.32,78.51,66.29,37.1,82.04,5.5,Yes,No,Unknown,High,3,4.3,1
Male,24,Mathematics,97.98,60.97,69.37,51.52,74.9,73.19,27.1,Yes,Yes,PhD,Medium,10,5.5,0
Female,18,Engineering,86.63,80.79,94.93,88.78,57.9,55.45,22.4,Yes,Yes,Unknown,Medium,2,5.0,1
Female,22,Engineering,55.53,82.16,52.04,75.65,86.89999999999999,67.59,25.2,No,Yes,Unknown,Medium,8,6.4,0
Female,20,Engineering,60.61,97.9,52.16,66.66,54.7,83.26,6.5,No,No,Master's,Medium,9,7.3,0
Male,24,Engineering,98.78,67.22,94.29,90.29,18.6,88.85,27.3,No,No,Master's,Low,2,8.2,0
Male,19,Mathematics,86.32,77.95,56.33,72.35,82.30000000000001,72.36,15.5,No,Yes,Master's,High,3,5.5,1
Female,24,CS,95.75,72.35,50.11,50.17,78.3,52.79,27.4,No,Yes,High School,Medium,6,4.3,1
Female,18,Engineering,65.19,49.04,58.95,97.22,97.2,81.66,6.6,No,No,High School,Medium,3,4.0,0
Female,24,CS,87.09,67.67,91.19,62.78,9.4,96.08,27.1,Yes,Yes,Master's,Medium,6,8.2,0
Female,24,Business,85.7,72.69,90.14,91.53,59.1,74.82,21.8,No,No,PhD,High,6,8.4,0
Male,21,Engineering,64.73,97.04,67.01,90.82,49.2,96.42,18.9,No,Yes,Bachelor's,Low,3,4.5,0
Male,19,Engineering,77.54,61.99,83.4,58.12,67.1,67.71,6.5,No,No,High School,Low,2,4.1,0
Male,23,Business,81.37,98.81,75.36,73.7,98.0,94.32,22.2,Yes,No,Bachelor's,Medium,8,8.0,0
Female,19,CS,74.06,72.54,95.24,52.01,53.2,89.32,19.9,No,Yes,High School,Medium,7,7.2,0
Male,19,Mathematics,91.36,54.55,52.82,67.73,68.60000000000001,98.09,23.2,Yes,Yes,Unknown,Low,9,6.8,0
Female,21,Engineering,91.64,51.5,90.66,86.55,34.7,89.55,22.9,Yes,No,PhD,High,1,6.7,1
Female,22,Business,92.53,48.5,58.53,61.85,29.9,66.07,16.1,Yes,Yes,High School,Medium,1,7.9,1
Female,24,Business,90.17,67.18,69.58,55.86,33.5,95.03,10.1,Yes,No,Unknown,High,1,5.5,0
Male,20,Engineering,74.4,41.32,59.6,75.36,3.9,83.49,28.0,No,Yes,PhD,Low,1,5.9,0
Male,23,CS,69.07,66.7,85.13,76.85,28.5,58.1,28.1,No,Yes,High School,Medium,5,4.4,1
Female,22,CS,91.57,99.3,83.92,83.79,17.3,52.3,10.3,No,No,PhD,Medium,2,6.8,0
Male,18,Engineering,74.51,80.21,77.39,87.96,45.7,68.29,20.8,Yes,Yes,High School,High,4,8.8,0
Female,24,Business,62.32,85.59,84.91,84.79,46.1,89.34,10.1,Yes,Yes,Master's,High,9,5.4,0
Female,23,Engineering,75.37,47.14,81.98,92.27,76.5,80.91,26.5,Yes,No,High School,High,3,8.6,0
Female,20,Mathematics,57.09,68.39,88.82,61.15,50.2,76.36,7.5,No,Yes,High School,Medium,8,7.6,0
Male,24,Mathematics,84.58,57.17,61.97,78.49,46.3,50.19,29.8,Yes,Yes,Unknown,Low,9,5.2,1
Male,18,CS,66.8,93.65,71.45,68.0,23.2,71.78,20.3,No,No,Master's,Low,9,7.3,0
Female,21,Mathematics,63.03,50.88,57.58,98.11,85.19999999999999,57.89,5.6,Yes,No,Bachelor's,Low,2,5.8,1
Male,22,Business,97.83,67.52,71.48,72.01,9.1,72.73,27.0,No,No,PhD,High,8,4.6,1
Male,24,Mathematics,88.84,75.28,85.08,97.99,98.2,99.59,22.1,No,Yes,Bachelor's,High,8,4.5,0
Male,23,Engineering,89.35,70.84,84.57,88.45,47.6,93.98,22.4,Yes,No,Bachelor's,Low,3,4.1,0
Male,19,Business,81.19,89.81,85.47,85.92,18.6,65.53,11.9,No,No,Master's,Medium,1,8.0,0
Female,20,CS,91.96,53.89,65.44,74.58,35.4,79.68,13.4,Yes,No,Master's,Low,1,8.4,1
Male,24,CS,87.96,62.64,83.11,72.17,1.5,75.1,27.9,No,Yes,Master's,High,4,6.4,0
Female,23,Mathematics,79.94,87.53,68.37,76.33,16.7,56.5,20.9,No,Yes,Unknown,High,9,6.6,1
Female,19,CS,98.06,71.68,97.22,64.68,33.5,99.49,5.4,Yes,Yes,Unknown,High,9,7.5,0
Male,23,Engineering,59.58,64.13,67.17,95.23,55.4,71.26,13.2,Yes,Yes,PhD,High,2,7.5,0
Female,24,Business,97.17,41.77,80.15,89.72,12.9,75.28,20.0,No,No,Master's,Low,7,5.6,1
Female,18,Engineering,70.07,85.2,87.51,90.07,67.6,82.38,8.7,Yes,No,Bachelor's,Low,1,4.8,0
Male,19,Engineering,76.42,98.33,95.32,71.66,84.39999999999999,59.58,7.5,No,No,PhD,Medium,5,6.2,0
Female,19,Engineering,56.14,77.22,71.9,53.55,57.2,61.11,6.5,No,Yes,Unknown,High,10,7.5,1
Female,23,Engineering,77.01,91.39,68.02,84.15,29.700000000000003,59.63,20.8,No,No,High School,Low,5,8.0,1
Male,21,Business,80.56,71.01,71.5,68.72,12.1,69.22,13.0,No,Yes,High School,High,8,4.4,1
Male,24,Business,99.89,53.9,66.18,93.52,1.6,59.98,14.3,No,No,PhD,High,9,6.9,1
Male,21,Engineering,98.76,40.87,82.7,89.02,73.2,96.32,6.5,No,Yes,Unknown,High,3,4.3,0
Male,22,Engineering,98.32,79.2,96.64,57.27,62.8,85.72,23.5,Yes,Yes,PhD,Medium,6,8.1,0
Male,18,CS,67.42,69.59,56.3,80.09,47.6,94.89,24.2,Yes,No,Unknown,High,7,7.3,1
Female,21,CS,99.56,86.93,78.05,84.61,10.2,92.42,25.7,No,No,Master's,High,6,7.5,0
Female,23,Business,72.77,81.68,94.88,78.41,20.7,85.16,21.3,Yes,Yes,High School,Low,9,7.8,0
Male,24,CS,92.59,99.28,55.01,75.7,81.5,62.14,24.3,No,Yes,Bachelor's,High,10,6.5,1
Male,21,Business,60.82,70.62,74.69,61.39,48.0,80.77,19.4,No,No,Master's,Medium,4,5.5,0
Female,22,Business,75.29,65.63,93.26,61.8,96.3,59.31,17.3,Yes,No,Bachelor's,Medium,1,7.9,0
Male,20,Mathematics,98.3,57.2,95.02,88.4,100.0,56.62,11.5,Yes,Yes,PhD,High,4,7.9,0
Male,22,Business,97.35,68.61,75.72,50.93,80.1,81.63,6.3,Yes,No,High School,Medium,10,4.7,1
Female,19,CS,84.19,92.37,51.25,88.95,25.8,81.23,12.3,Yes,Yes,Bachelor's,Medium,6,8.5,0
Female,24,Mathematics,89.89,42.55,55.28,76.34,23.1,57.83,22.1,Yes,Yes,PhD,Medium,6,5.1,1
Female,19,CS,58.82,98.67,79.34,96.81,25.4,67.62,28.2,No,No,Unknown,Medium,3,5.5,0
Male,21,Business,86.08,99.6,56.19,99.87,98.7,53.31,11.4,No,No,Master's,Low,2,5.1,0
Female,21,Business,80.9,75.87,57.47,83.17,33.5,85.79,21.7,Yes,No,Unknown,High,8,8.8,0
Male,22,Engineering,54.58,59.89,88.61,70.61,70.6,99.37,17.0,Yes,No,Master's,Low,9,5.5,0
Female,22,Business,55.66,53.38,87.53,73.75,95.9,87.0,20.7,Yes,Yes,High School,Low,10,8.9,0
Male,23,Mathematics,55.42,56.59,92.14,60.21,82.0,92.21,5.0,Yes,Yes,Bachelor's,Low,10,7.2,0
Male,18,Business,86.22,43.01,55.29,54.96,59.8,73.82,8.1,No,No,Unknown,Medium,4,4.9,1
Male,23,Engineering,57.09,68.51,59.91,78.94,16.9,54.78,10.4,Yes,No,Unknown,Medium,3,6.8,1
Female,19,Business,73.39,43.44,91.65,90.27,17.5,86.33,27.3,Yes,Yes,Bachelor's,Medium,10,8.4,0
Female,23,Business,67.85,83.11,86.05,63.09,49.2,62.83,6.0,No,Yes,Bachelor's,High,1,6.8,1
Female,22,Business,77.53,62.32,90.3,70.98,95.2,69.41,19.2,Yes,Yes,PhD,High,2,4.7,0
Male,24,Engineering,85.32,51.96,99.49,77.74,90.4,85.15,28.2,Yes,No,Master's,High,8,5.4,0
Female,23,CS,84.24,72.69,93.22,95.39,16.599999999999998,95.24,21.3,Yes,Yes,PhD,Medium,6,5.1,0
Female,20,Business,75.78,98.43,76.02,56.93,28.8,74.31,17.1,No,Yes,Unknown,Medium,6,4.6,0
Male,18,Mathematics,73.22,81.71,65.54,61.84,58.9,98.08,14.6,No,No,Bachelor's,Medium,1,5.6,0
Male,22,Engineering,69.89,69.5,78.48,95.93,47.7,76.0,20.6,Yes,Yes,High School,Low,8,7.3,1
Female,24,Mathematics,93.1,86.61,81.93,51.98,11.9,56.13,17.0,No,No,Unknown,Low,6,5.9,1
Female,21,Business,66.54,84.25,66.77,82.81,36.9,75.92,22.6,No,No,Unknown,Medium,4,6.2,0
Female,23,Engineering,62.97,93.5,88.55,81.98,95.5,93.03,20.4,No,Yes,Master's,Low,3,5.6,0
Male,22,Business,87.17,52.28,54.64,69.16,95.1,76.9,19.2,No,No,PhD,Medium,6,9.0,0
Female,21,Mathematics,67.99,91.53,88.97,73.41,55.9,87.39,28.9,Yes,Yes,Master's,Medium,3,6.9,0
Male,21,Engineering,92.35,58.06,51.6,92.75,63.5,77.4,25.9,No,No,Unknown,Low,4,8.2,1
Male,19,CS,66.39,96.46,74.9,58.25,22.200000000000003,77.3,20.2,No,Yes,Bachelor's,Medium,10,6.2,0
Female,19,CS,85.1,56.86,93.07,61.58,74.2,64.24,18.5,No,Yes,High School,High,8,4.8,1
Female,24,CS,52.26,95.61,54.32,75.62,5.2,60.06,23.1,No,Yes,Master's,High,7,8.2,1
Male,22,Business,69.28,97.83,75.89,70.49,22.1,63.95,25.1,No,Yes,Unknown,Low,7,7.8,0
Male,24,Engineering,67.16,48.73,57.97,78.72,0.6,72.04,12.4,No,Yes,PhD,Medium,6,5.6,1
Female,22,Mathematics,90.83,98.47,94.74,96.04,38.6,90.48,21.7,Yes,No,Master's,Medium,8,7.0,0
Female,20,Mathematics,98.35,45.14,91.62,95.86,85.0,91.45,8.4,Yes,Yes,Unknown,Medium,9,4.5,0
Female,18,Business,73.04,53.11,96.7,61.5,98.3,58.17,15.8,Yes,No,PhD,Low,1,4.1,0
Male,18,Business,91.24,66.65,93.75,65.11,66.8,77.64,28.5,Yes,No,PhD,Medium,3,8.1,0
Male,22,Mathematics,84.98,99.62,86.83,58.1,74.5,70.8,13.2,Yes,No,High School,High,8,8.7,0
Female,19,Engineering,98.37,69.31,59.24,96.39,26.3,78.55,8.9,Yes,Yes,Bachelor's,High,1,5.7,0
Male,23,Business,90.56,73.02,65.13,69.89,52.0,82.38,8.7,No,Yes,High School,High,9,7.0,0
Male,24,Engineering,53.87,81.67,74.84,72.49,73.7,63.98,14.8,Yes,No,PhD,Low,1,7.6,0
Female,20,Mathematics,85.66,98.1,79.44,90.13,49.7,95.96,10.6,Yes,Yes,Master's,High,9,7.7,0
Male,18,Engineering,76.77,87.0,89.11,75.65,8.9,96.77,15.7,No,Yes,Bachelor's,High,7,6.4,0
Female,22,CS,50.82,53.45,61.35,55.99,74.1,55.27,23.0,No,Yes,PhD,Low,6,7.1,1
Female,19,Mathematics,62.57,58.18,56.41,71.89,22.0,85.15,27.2,No,No,Bachelor's,Medium,9,7.3,1
Male,19,CS,96.09,45.86,74.13,81.53,9.8,51.66,7.8,No,No,Master's,Medium,10,4.5,1
Male,19,Mathematics,96.3,78.67,57.89,85.96,47.8,52.33,24.2,No,Yes,Unknown,Medium,4,7.2,1
Female,24,CS,89.94,50.84,84.69,82.27,7.5,97.89,7.6,No,Yes,Unknown,High,5,6.6,0
Male,23,Engineering,99.09,55.44,78.78,55.96,62.9,84.74,14.5,Yes,No,PhD,Medium,10,5.9,1
Female,21,Mathematics,90.33,93.29,87.06,65.22,64.0,66.23,29.9,Yes,Yes,PhD,High,2,5.3,0
